sentence,label,sentence_clean
"The biggest sellers in the chain 's supermarkets in Finland are organic Pirkka tomatoes , carrots , eggs , and meat products .",1,"The biggest sellers in the chain 's supermarkets in Finland are organic Pirkka tomatoes , carrots , eggs , and meat products ."
The Group 's revenue in 2008 amounted to EUR 94 million and the company currently employs approximately 730 people .,1,The Group 's revenue in 2008 amounted to EUR 94 million and the company currently employs approximately 730 people .
"The brokerage said 2006 has seen a ` true turning point ' in European steel base prices , with better pricing seen carrying through the second quarter of 2006 .",2,"The brokerage said 2006 has seen a ` true turning point ' in European steel base prices , with better pricing seen carrying through the second quarter of 2006 ."
Pharmaceutical market in Netherlands Global Research & Data Services published recently a market analysis about the pharmaceutical markets in Netherlands .,1,Pharmaceutical market in Netherlands Global Research & Data Services published recently a market analysis about the pharmaceutical markets in Netherlands .
The investments and operational changes enable additional optimisation of the working hours and thereby further cost savings of some 7 % -9 % .,2,The investments and operational changes enable additional optimisation of the working hours and thereby further cost savings of some 7 % -9 % .
"The tightened competition situation in the production automation market has affected net sales during 2006 , Cencorp said .",0,"The tightened competition situation in the production automation market has affected net sales during 2006 , Cencorp said ."
He is a Chartered Accountant in British Columbia and Alberta as well as a Certified Public Accountant in Washington State .,1,He is a Chartered Accountant in British Columbia and Alberta as well as a Certified Public Accountant in Washington State .
Ixonos will finance the acquisition through a 3.8 mln euro $ 5.2 mln loan .,1,Ixonos will finance the acquisition through a 3.8 mln euro $ 5.2 mln loan .
"Full-year net sales are expected to increase by approximately 10 % , the company said .",2,"Full-year net sales are expected to increase by approximately 10 % , the company said ."
"The last quarter was the best quarter of 2009 in net sales , and the operating margin rose to 12.2 % .",2,"The last quarter was the best quarter of 2009 in net sales , and the operating margin rose to 12.2 % ."
TeliaSonera has secured deliveries for 4G modems with support for 3G and 2G during the second quarter 2010 .,2,TeliaSonera has secured deliveries for 4G modems with support for 3G and 2G during the second quarter 2010 .
"Metso Oyj said it has sold its spreader roll manufacturing business and related assets in the town of Nokia , southern Finland , to a group of Finnish investors , who will operate the business under the name of Finbow Oy .",1,"Metso Oyj said it has sold its spreader roll manufacturing business and related assets in the town of Nokia , southern Finland , to a group of Finnish investors , who will operate the business under the name of Finbow Oy ."
30 November 2009 - Finnish office furniture maker Martela Oyj HEL : MARAS said today that it will make redundant three people and other nine will be laid off permanently from the company 's office staff and factory workers .,0,30 November 2009 - Finnish office furniture maker Martela Oyj HEL : MARAS said today that it will make redundant three people and other nine will be laid off permanently from the company 's office staff and factory workers .
"Of Bavelloni 's and NST 's joint ventures , Bavelloni Tools , completes semiproducts that are produced in Italy into high-quality tools that will be sold under the DiaPol brand .",1,"Of Bavelloni 's and NST 's joint ventures , Bavelloni Tools , completes semiproducts that are produced in Italy into high-quality tools that will be sold under the DiaPol brand ."
The planned ethanol and energy production plant can operate in correlation with a waste treatment unit or a paper mill .,1,The planned ethanol and energy production plant can operate in correlation with a waste treatment unit or a paper mill .
"In accordance with our strategy , we strengthened our local presence by establishing a representative office in South Africa in October .",2,"In accordance with our strategy , we strengthened our local presence by establishing a representative office in South Africa in October ."
"The mill 's raw material need will increase by 100,000 m3 of wood .",1,"The mill 's raw material need will increase by 100,000 m3 of wood ."
"Besides , Pit-Produkt will enter the new segments .",1,"Besides , Pit-Produkt will enter the new segments ."
Rapala aims to move the distribution unit Ragot from Loudeac in Bretagne and the distribution unit Waterqueen and the fishing line supplier Tortue from Saint Marcel in Central France to Morvillars .,1,Rapala aims to move the distribution unit Ragot from Loudeac in Bretagne and the distribution unit Waterqueen and the fishing line supplier Tortue from Saint Marcel in Central France to Morvillars .
Its 168 asset management experts manage assets worth over EUR 35 billion .,1,Its 168 asset management experts manage assets worth over EUR 35 billion .
The aforementioned shareholders have informed that they will propose to the Annual General Meeting that the number of members of the Board of Directors shall be five and that besides the present members of the Board of Directors also Mr Lassi Noponen shall be elected to the Board of Directors .,1,The aforementioned shareholders have informed that they will propose to the Annual General Meeting that the number of members of the Board of Directors shall be five and that besides the present members of the Board of Directors also Mr Lassi Noponen shall be elected to the Board of Directors .
Olli-Pekka Kallasvuo was elected as vice chairman of the Board .,1,Olli-Pekka Kallasvuo was elected as vice chairman of the Board .
It will use the proceeds from the transaction to achieve its target .,1,It will use the proceeds from the transaction to achieve its target .
"Agricultural newspaper Maaseudun Tulevaisuus had 318,000 readers , representing a decrease of 6 % .",0,"Agricultural newspaper Maaseudun Tulevaisuus had 318,000 readers , representing a decrease of 6 % ."
"Lassila & Tikanoja 's operating profit excluding non-recurring and imputed items for the second quarter was EUR11 .3 m , down from EUR13 .8 m a year ago .",0,"Lassila & Tikanoja 's operating profit excluding non-recurring and imputed items for the second quarter was EUR11 .3 m , down from EUR13 .8 m a year ago ."
"ALEXANDRIA , Va. , Oct. 23 -- Hans-Otto Scheck of Espoo , Finland , has developed a method of identifying remote radio units in a communication system .",1,"ALEXANDRIA , Va. , Oct. 23 -- Hans-Otto Scheck of Espoo , Finland , has developed a method of identifying remote radio units in a communication system ."
"The deal covers Stockmann Auto Oy Ab 's sales and after-sales services concerning Volkswagen and Audi in Helsinki , Espoo and Vantaa .",1,"The deal covers Stockmann Auto Oy Ab 's sales and after-sales services concerning Volkswagen and Audi in Helsinki , Espoo and Vantaa ."
"Revenue in July to September grew 14 percent to ( EURO ) 467 million from a year earlier , the company said Thursday .",2,"Revenue in July to September grew 14 percent to ( EURO ) 467 million from a year earlier , the company said Thursday ."
The company is studying the feasibility of focusing most of its processed meat production in the Vantaa facilities and the processing of fresh meat in the Forssa facilities .,1,The company is studying the feasibility of focusing most of its processed meat production in the Vantaa facilities and the processing of fresh meat in the Forssa facilities .
"Lifetree was founded in 2000 , and its revenues have risen on an average by 40 % with margins in late 30s .",2,"Lifetree was founded in 2000 , and its revenues have risen on an average by 40 % with margins in late 30s ."
Circulation revenue has increased by 5 % in Finland and 4 % in Sweden in 2008 .,2,Circulation revenue has increased by 5 % in Finland and 4 % in Sweden in 2008 .
"Profitability ( EBIT % ) was 13.6 % , compared to 14.3 % in Q2 2009 .",0,"Profitability ( EBIT % ) was 13.6 % , compared to 14.3 % in Q2 2009 ."
Operating loss amounted to EUR 0.7 mn compared to a profit of EUR 0.8 mn in the second quarter of 2005 .,0,Operating loss amounted to EUR 0.7 mn compared to a profit of EUR 0.8 mn in the second quarter of 2005 .
The company said shareholders will be able to vote on the agreement at an EGM scheduled for later this month .,1,The company said shareholders will be able to vote on the agreement at an EGM scheduled for later this month .
Welcome !,1,Welcome !
The proportion of Estonian and Lithuanian passengers on the Tallinn-Helsinki route also grew in July .,2,The proportion of Estonian and Lithuanian passengers on the Tallinn-Helsinki route also grew in July .
Earnings per share were higher at 0.48 against 0.37 a year before and ahead of market consensus of 0.40 eur .,2,Earnings per share were higher at 0.48 against 0.37 a year before and ahead of market consensus of 0.40 eur .
26 November 2010 - Finnish sports-equipment maker Amer Sports Oyj ( HEL : AMEAS ) said today it has obtained a EUR30m Schuldschein note loan from a pool of international investors .,1,26 November 2010 - Finnish sports-equipment maker Amer Sports Oyj ( HEL : AMEAS ) said today it has obtained a EUR30m Schuldschein note loan from a pool of international investors .
F-Secure Online Backup automatically protects all the content stored on a computer or smartphone by making a copy of the content to an online location .,1,F-Secure Online Backup automatically protects all the content stored on a computer or smartphone by making a copy of the content to an online location .
"Finnish silicon wafers maker Okmetic Oyj said on September 17 , 2008 that it will invest a total of 15 mln euro $ 21.3 mln in its sensor wafer business .",1,"Finnish silicon wafers maker Okmetic Oyj said on September 17 , 2008 that it will invest a total of 15 mln euro $ 21.3 mln in its sensor wafer business ."
"ALEXANDRIA , Va. , March 28 -- Pertti Salmi and Hanna Vuolteenaho , both of Oulu , Finland , and Sami Viitasaari of Ii , Finland , have developed an ornamental design for a handset , the U.S. Patent & Trademark Office announced .",1,"ALEXANDRIA , Va. , March 28 -- Pertti Salmi and Hanna Vuolteenaho , both of Oulu , Finland , and Sami Viitasaari of Ii , Finland , have developed an ornamental design for a handset , the U.S. Patent & Trademark Office announced ."
"Employees are also better prepared to answer calls , since they already have detailed information about the caller before they answer the phone . ''",2,"Employees are also better prepared to answer calls , since they already have detailed information about the caller before they answer the phone . ''"
He is resting comfortably and is looking forward to getting back to work . '',1,He is resting comfortably and is looking forward to getting back to work . ''
Net profit in the same period in 2006 was (  x20ac ) 172 million .,1,Net profit in the same period in 2006 was ( x20ac ) 172 million .
From Merisatama to the far corners of the world Asfaltti Osakeyhti+Â Lemmink+ñinen was established in 1910 by a group of master builders in Helsinki as a specialist business and subcontractor .,1,From Merisatama to the far corners of the world Asfaltti Osakeyhti+Â Lemmink+ñinen was established in 1910 by a group of master builders in Helsinki as a specialist business and subcontractor .
"The objective is that trading in the shares will commence on May 2 , 2007 .",1,"The objective is that trading in the shares will commence on May 2 , 2007 ."
The dismissed staff members will now take the matter to court unless it can be settled outside .,0,The dismissed staff members will now take the matter to court unless it can be settled outside .
M2 Communications disclaims all liability for information provided within information on on the world wide web .,1,M2 Communications disclaims all liability for information provided within information on on the world wide web .
HELSINKI AFX - KCI Konecranes said it has won an order for four hot metal ladle cranes from Indian steel producer Bhushan Steel and Strips Ltd. .,2,HELSINKI AFX - KCI Konecranes said it has won an order for four hot metal ladle cranes from Indian steel producer Bhushan Steel and Strips Ltd. .
Production will expand to other of Elcoteq 's locations including Mexico and Hungary during 2010 .,2,Production will expand to other of Elcoteq 's locations including Mexico and Hungary during 2010 .
The value of the order is about EUR 30mn .,1,The value of the order is about EUR 30mn .
"ADP News - Feb 25 , 2009 - Finnish printed circuit board PCB maker Aspocomp Group Oyj HEL : ACG1V said today it swung to a net profit of EUR 300,000 USD 385,000 for 2008 versus a net loss of EUR 65.3 million",2,"ADP News - Feb 25 , 2009 - Finnish printed circuit board PCB maker Aspocomp Group Oyj HEL : ACG1V said today it swung to a net profit of EUR 300,000 USD 385,000 for 2008 versus a net loss of EUR 65.3 million"
"Virala Oy Ab was allocated by the Board of Directors an amount of EUR 1,9 million which is EUR 0,25 million lower than maximum announced on 12/30/2010 .",1,"Virala Oy Ab was allocated by the Board of Directors an amount of EUR 1,9 million which is EUR 0,25 million lower than maximum announced on 12/30/2010 ."
"Re-use back into PET bottles has also steadily increased and the rate of use in strapping tape has picked up again after a dip in 2005 , Petcore said previously .",2,"Re-use back into PET bottles has also steadily increased and the rate of use in strapping tape has picked up again after a dip in 2005 , Petcore said previously ."
"Furthermore , Bunge will also sign a licensing agreement for the Sunnuntai and Carlshamn Mejeri brands .",2,"Furthermore , Bunge will also sign a licensing agreement for the Sunnuntai and Carlshamn Mejeri brands ."
Operating profit rose to EUR 1.6 mn from EUR 1.1 mn in the corresponding period in 2006 .,2,Operating profit rose to EUR 1.6 mn from EUR 1.1 mn in the corresponding period in 2006 .
Net sales surged by 30 % to EUR 36 million .,2,Net sales surged by 30 % to EUR 36 million .
The online ice chart shows no ice in the area of Estonia 's sea ports on the coast of the Gulf of Finland .,1,The online ice chart shows no ice in the area of Estonia 's sea ports on the coast of the Gulf of Finland .
"Rautakesko 's business operations in Norway and Russia , acquired in July 2005 , are included in the figures of the comparable period , impacting sales growth starting from August .",1,"Rautakesko 's business operations in Norway and Russia , acquired in July 2005 , are included in the figures of the comparable period , impacting sales growth starting from August ."
The company turned to earnings per share ( EPS ) of EUR 0.03 versus loss per share of EUR 0.01 .,2,The company turned to earnings per share ( EPS ) of EUR 0.03 versus loss per share of EUR 0.01 .
Also the development of online businesses will continue .,1,Also the development of online businesses will continue .
"In Finland , Sampo Bank , now part of the Danske Bank group , will lay off staff from the administrative and support functions .",0,"In Finland , Sampo Bank , now part of the Danske Bank group , will lay off staff from the administrative and support functions ."
"According to Vauramo , the plant 's lifting equipment is suitable for Asian and for some Chinese trucks .",1,"According to Vauramo , the plant 's lifting equipment is suitable for Asian and for some Chinese trucks ."
Kauko-Telko 's centralized administration will be dissolved and appropriate parts of it will be transferred to operating activities and Group administration by the end of the year .,1,Kauko-Telko 's centralized administration will be dissolved and appropriate parts of it will be transferred to operating activities and Group administration by the end of the year .
"Comparable net sales are expected to increase more than 10 % in 2008 , in line with group target .",2,"Comparable net sales are expected to increase more than 10 % in 2008 , in line with group target ."
"CapMan , the Stockholm-headquartered private equity firm , has held a first close on its second private equity real estate fund as it continues its push into the property sector .",1,"CapMan , the Stockholm-headquartered private equity firm , has held a first close on its second private equity real estate fund as it continues its push into the property sector ."
"By the end of 2006 , the number of joint branch offices will total 170 .",1,"By the end of 2006 , the number of joint branch offices will total 170 ."
"The Australian company Mirabela Nickel has awarded Outokumpu Technology a contract for grinding technology for its nickel sulfide project in Bahia State , Brazil .",2,"The Australian company Mirabela Nickel has awarded Outokumpu Technology a contract for grinding technology for its nickel sulfide project in Bahia State , Brazil ."
A survey conducted by Taloustutkimus for Sampo Life shows that companies are badly prepared to losing key staff members .,0,A survey conducted by Taloustutkimus for Sampo Life shows that companies are badly prepared to losing key staff members .
Finnish department store chain Stockmann Oyj Abp net profit rose to 39.8 mln euro ( $ 56.8 mln ) for the first nine months of 2007 from 37.4 mln euro ( $ 53.4 mln ) for the same period of 2006 .,2,Finnish department store chain Stockmann Oyj Abp net profit rose to 39.8 mln euro ( $ 56.8 mln ) for the first nine months of 2007 from 37.4 mln euro ( $ 53.4 mln ) for the same period of 2006 .
"Other measures included increasing synergies and economies of scale within the Grimaldi Group and personnel adjustments , divestments and redelivery of excess tonnage .",1,"Other measures included increasing synergies and economies of scale within the Grimaldi Group and personnel adjustments , divestments and redelivery of excess tonnage ."
"A meeting for the media and analysts will be held on the same day at 10:30 a.m. at Stonesoft Headquarters in Helsinki , Italahdenkatu 22 A. The Interim report will be presented by Stonesoft 's CEO Ilkka Hiidenheimo .",1,"A meeting for the media and analysts will be held on the same day at 10:30 a.m. at Stonesoft Headquarters in Helsinki , Italahdenkatu 22 A. The Interim report will be presented by Stonesoft 's CEO Ilkka Hiidenheimo ."
"---------------------------------------------------------------------- -------------- Munich , 14 January 2008 : BAVARIA Industriekapital AG closed the acquisition of Elcoteq Communications Technology GmbH in Offenburg , Germany , with the approval of the",1,"---------------------------------------------------------------------- -------------- Munich , 14 January 2008 : BAVARIA Industriekapital AG closed the acquisition of Elcoteq Communications Technology GmbH in Offenburg , Germany , with the approval of the"
NWC ANALYSIS :,1,NWC ANALYSIS :
The diluted loss per share narrowed to EUR 0.27 from EUR 0.86 .,2,The diluted loss per share narrowed to EUR 0.27 from EUR 0.86 .
"Cargotec 's share capital after the increase totals EUR 64,299,180 .",1,"Cargotec 's share capital after the increase totals EUR 64,299,180 ."
Increased trust of our clients in YIT can be seen as apartment sales accelerated .,2,Increased trust of our clients in YIT can be seen as apartment sales accelerated .
"Meanwhile , Alfa owns 25.1 % of MegaFon through Altimo , and 4.99 % of Turkcell via an 18.5 % stake in Cukurova Holding .",1,"Meanwhile , Alfa owns 25.1 % of MegaFon through Altimo , and 4.99 % of Turkcell via an 18.5 % stake in Cukurova Holding ."
"ALEXANDRIA , Va. , Oct. 6 -- United States Patent no. 7,804,288 , issued on Sept. 28 , was assigned to Vacon Oyj ( Vaasa , Finland ) .",1,"ALEXANDRIA , Va. , Oct. 6 -- United States Patent no. 7,804,288 , issued on Sept. 28 , was assigned to Vacon Oyj ( Vaasa , Finland ) ."
"In the Baltic states the company reports net sales of EUR 11.9 mn , down from EUR 14.2 mn , and an operative EBIT of EUR -2.2 mn , down from EUR -1.7 mn .",0,"In the Baltic states the company reports net sales of EUR 11.9 mn , down from EUR 14.2 mn , and an operative EBIT of EUR -2.2 mn , down from EUR -1.7 mn ."
Global life science industry is strictly regulated by international and national authorities .,1,Global life science industry is strictly regulated by international and national authorities .
"At some point in 2010 , all separate company names , such as Palmberg , Tekmanni , Lemcon , Forssan Betoni , Suonenjoen Betonituote , among others , will disappear .",1,"At some point in 2010 , all separate company names , such as Palmberg , Tekmanni , Lemcon , Forssan Betoni , Suonenjoen Betonituote , among others , will disappear ."
Finnish elevators and escalators maker KONE Corporation said on Tuesday ( 18 March ) that it has received a major order from Sir Robert McAlpine to supply all elevators and escalators for the Watermark Place project in the City of London .,2,Finnish elevators and escalators maker KONE Corporation said on Tuesday ( 18 March ) that it has received a major order from Sir Robert McAlpine to supply all elevators and escalators for the Watermark Place project in the City of London .
"A total EUR73 .7 m will be provided as secured senior three-year debt from the syndicate , involving Pohjola Bank HEL : POH1S , the Finnish arm of Nordea Bank AB STO : NDA , and Sampo Bank HEL : SAMAS .",1,"A total EUR73 .7 m will be provided as secured senior three-year debt from the syndicate , involving Pohjola Bank HEL : POH1S , the Finnish arm of Nordea Bank AB STO : NDA , and Sampo Bank HEL : SAMAS ."
"Turun kaupunkin , Finland based company has awarded contract to Lemminkainen Talotekniikka Oy for electrical installation work .",2,"Turun kaupunkin , Finland based company has awarded contract to Lemminkainen Talotekniikka Oy for electrical installation work ."
"The Annual General Meeting approved that the yearly remuneration for the members of the Board of Directors shall remain at EUR 40.000 for the Chairman of the Board , EUR 30.000 for the Deputy Chairman of the Board and EUR 20.000 for other members of the Board .",1,"The Annual General Meeting approved that the yearly remuneration for the members of the Board of Directors shall remain at EUR 40.000 for the Chairman of the Board , EUR 30.000 for the Deputy Chairman of the Board and EUR 20.000 for other members of the Board ."
"Metso is a global supplier of sustainable technology and services for mining , construction , power generation , automation , recycling and the pulp and paper industries .",1,"Metso is a global supplier of sustainable technology and services for mining , construction , power generation , automation , recycling and the pulp and paper industries ."
Finnish Raisio ( Diagnostics ) is launching new DNA-based quick tests to ensure the safety of food .,2,Finnish Raisio ( Diagnostics ) is launching new DNA-based quick tests to ensure the safety of food .
"It is a member of the OneWorld alliance , which includes American Airlines and British Airways .",1,"It is a member of the OneWorld alliance , which includes American Airlines and British Airways ."
The solid fuel is heated before sludge is mixed therein . '',1,The solid fuel is heated before sludge is mixed therein . ''
"The copying , republication or redistribution of AFX News Content , including by framing or similar means , is expressly prohibited without the prior written consent of AFX News .",1,"The copying , republication or redistribution of AFX News Content , including by framing or similar means , is expressly prohibited without the prior written consent of AFX News ."
"3 February 2011 - Finnish broadband data communication systems provider Teleste Oyj HEL : TLT1V said yesterday its net profit rocketed to EUR4 .8 m in 2010 from EUR416 ,000 in 2009 and it lifted its dividend proposal .",2,"3 February 2011 - Finnish broadband data communication systems provider Teleste Oyj HEL : TLT1V said yesterday its net profit rocketed to EUR4 .8 m in 2010 from EUR416 ,000 in 2009 and it lifted its dividend proposal ."
Profit before taxes decreased to EUR 31.6 mn from EUR 50.0 mn the year before .,0,Profit before taxes decreased to EUR 31.6 mn from EUR 50.0 mn the year before .
The company expects to open its first online shop in the US in the summer in 2011 .,1,The company expects to open its first online shop in the US in the summer in 2011 .
"Based on the 2005 calendar year the combined company had EUR15 .8 bn in pro forma annual revenues and is expected to start operations with 60,000 employees .",1,"Based on the 2005 calendar year the combined company had EUR15 .8 bn in pro forma annual revenues and is expected to start operations with 60,000 employees ."
"The selling consortium includes funds managed by OKO Bank 's venture capital unit , Bio Fund Management and Finnish Industry Investment , a government-owned investment group .",1,"The selling consortium includes funds managed by OKO Bank 's venture capital unit , Bio Fund Management and Finnish Industry Investment , a government-owned investment group ."
"The shares shall be repurchased through public trading , for which reason the shares are repurchased otherwise than in proportion to the holdings of the shareholders .",1,"The shares shall be repurchased through public trading , for which reason the shares are repurchased otherwise than in proportion to the holdings of the shareholders ."
The financial details of the transaction were not disclosed .,1,The financial details of the transaction were not disclosed .
"Metsaliitto , however , narrowed its net loss for the second quarter of 2007 to 5.0 mln euro $ 6.9 mln from 61 mln euro $ 83.7 mln a year ago .",2,"Metsaliitto , however , narrowed its net loss for the second quarter of 2007 to 5.0 mln euro $ 6.9 mln from 61 mln euro $ 83.7 mln a year ago ."
"The company designs , manufactures and markets advanced composite products for industrial applications and consumer goods such as cross-country , alpine and Nordic Walking poles , floorball sticks and antenna radomes .",1,"The company designs , manufactures and markets advanced composite products for industrial applications and consumer goods such as cross-country , alpine and Nordic Walking poles , floorball sticks and antenna radomes ."
The project is expected to be completed in 2009 .,1,The project is expected to be completed in 2009 .
It will focus on improving its profitability next year by streamlining operations .,2,It will focus on improving its profitability next year by streamlining operations .
"The approximately 20,000 dwt vessel has been ordered from India .",1,"The approximately 20,000 dwt vessel has been ordered from India ."
"Commission income increased by 22 % to EUR 4.4 mn , and lending volume rose by 13.5 % .",2,"Commission income increased by 22 % to EUR 4.4 mn , and lending volume rose by 13.5 % ."
Operating profit in the fourth quarter went down to EUR3m from EUR4 .2 m for the corresponding period of 2009 as it included costs of growth projects .,0,Operating profit in the fourth quarter went down to EUR3m from EUR4 .2 m for the corresponding period of 2009 as it included costs of growth projects .
"In addition , the company is considering the start of production in Russia .",1,"In addition , the company is considering the start of production in Russia ."
"The period 's sales dropped to EUR30 .6 m from EUR38 .3 m , according to the interim report , released today .",0,"The period 's sales dropped to EUR30 .6 m from EUR38 .3 m , according to the interim report , released today ."
Finnish metal products company Componenta Oyj net profit rose to 26.1 mln euro ( $ 35.9 mln ) for the first quarter of 2007 from 5.3 mln euro ( $ 7.3 mln ) for the same period of 2006 .,2,Finnish metal products company Componenta Oyj net profit rose to 26.1 mln euro ( $ 35.9 mln ) for the first quarter of 2007 from 5.3 mln euro ( $ 7.3 mln ) for the same period of 2006 .
"Russia accounted for 9 % of the Lagardere magazine division 's revenue , or EUR 114.40 mn ( USD 148.11 mn ) in 2009 , the USA - for 18 % .",1,"Russia accounted for 9 % of the Lagardere magazine division 's revenue , or EUR 114.40 mn ( USD 148.11 mn ) in 2009 , the USA - for 18 % ."
"The wireless industry is bracing itself for the iPhone , which will launch on June 29 .",1,"The wireless industry is bracing itself for the iPhone , which will launch on June 29 ."
One of the largest projects of the magazine division of SanomaWSOY - Sanoma Magazines International in 2006 became launch of the Russian magazine Gloriya .,1,One of the largest projects of the magazine division of SanomaWSOY - Sanoma Magazines International in 2006 became launch of the Russian magazine Gloriya .
"The company offers payroll services , including payroll processing , payroll tax administration , and employee pay services , including direct deposit , check signing , and Readychex .",1,"The company offers payroll services , including payroll processing , payroll tax administration , and employee pay services , including direct deposit , check signing , and Readychex ."
"The developers of that project predict that once it is completed in April 2009 , Skanssi will attract some 4.5 million visitors annually .",2,"The developers of that project predict that once it is completed in April 2009 , Skanssi will attract some 4.5 million visitors annually ."
"In 2009 , Fiskars ' cash flow from operating activities amounted to EUR121m , up from EUR97m in the previous year .",2,"In 2009 , Fiskars ' cash flow from operating activities amounted to EUR121m , up from EUR97m in the previous year ."
The appointments will be in force until the new CEO has been appointed .,1,The appointments will be in force until the new CEO has been appointed .
"Technopolis plans to develop in stages an area of no less than 100,000 square meters in order to host companies working in computer technologies and telecommunications , the statement said .",1,"Technopolis plans to develop in stages an area of no less than 100,000 square meters in order to host companies working in computer technologies and telecommunications , the statement said ."
"According to Honka Japan 's Managing Director Marko Saarelainen , Honkarakenne exports about 200 ready made log houses to Japan a year .",1,"According to Honka Japan 's Managing Director Marko Saarelainen , Honkarakenne exports about 200 ready made log houses to Japan a year ."
Stora Enso owns 43 percent of Bergvik and earns therefore SEK 1.5 bn on the value appreciation .,2,Stora Enso owns 43 percent of Bergvik and earns therefore SEK 1.5 bn on the value appreciation .
"In Finland , export industry forms a large clientele for the packaging industry .",1,"In Finland , export industry forms a large clientele for the packaging industry ."
"The segments through which the company operates are Frozen Food business , Seafoods , Vegetable Oil business , Grain Trading and Other business operations .",1,"The segments through which the company operates are Frozen Food business , Seafoods , Vegetable Oil business , Grain Trading and Other business operations ."
"According to Finnish FIM Bank , Alpro 's price would be around EUR 100mn-150mn .",1,"According to Finnish FIM Bank , Alpro 's price would be around EUR 100mn-150mn ."
"The company operates worldwide and employs in total approximately 47,000 persons .",1,"The company operates worldwide and employs in total approximately 47,000 persons ."
YIT Construction and the town of Riihim+ñki have signed a lease contract whereby the town will occupy the Travel Centre office facilities .,2,YIT Construction and the town of Riihim+ñki have signed a lease contract whereby the town will occupy the Travel Centre office facilities .
"The period-end cash and cash equivalents totaled EUR6 .5 m , compared to EUR10 .5 m in the previous year .",0,"The period-end cash and cash equivalents totaled EUR6 .5 m , compared to EUR10 .5 m in the previous year ."
"Profit before taxes was EUR 5.4 mn , up from EUR 3.6 mn a year earlier .",2,"Profit before taxes was EUR 5.4 mn , up from EUR 3.6 mn a year earlier ."
Pharmaceuticals - Italy This brand-new market analysis gives a clear overview of the actual situation and future outlook of the pharmaceutical market in Italy .,1,Pharmaceuticals - Italy This brand-new market analysis gives a clear overview of the actual situation and future outlook of the pharmaceutical market in Italy .
"The fixed-term contract of Mr. Jarmo Ukonaho , the current General Manager of Incap 's Indian operations , will finish by the end of the year .",1,"The fixed-term contract of Mr. Jarmo Ukonaho , the current General Manager of Incap 's Indian operations , will finish by the end of the year ."
Price talk is in the Euribor plus 2 bps area and the sole lead is Citigroup .,1,Price talk is in the Euribor plus 2 bps area and the sole lead is Citigroup .
"In Finland , the Bank of +àland reports its operating profit fell to EUR 6.1 mn in the second quarter of 2008 from EUR 7.5 mn in the second quarter of 2007 .",0,"In Finland , the Bank of +àland reports its operating profit fell to EUR 6.1 mn in the second quarter of 2008 from EUR 7.5 mn in the second quarter of 2007 ."
Its market share widened to 48.51 percent from 48.31 percent a year earlier .,2,Its market share widened to 48.51 percent from 48.31 percent a year earlier .
"With the acquisition , the company will expand its offering to North , Central and South America , it said .",2,"With the acquisition , the company will expand its offering to North , Central and South America , it said ."
"As part of the transaction , M-real and Sappi have also signed a long-term agreement on the supply of pulp and BCTMP and other smaller services and supplies .",2,"As part of the transaction , M-real and Sappi have also signed a long-term agreement on the supply of pulp and BCTMP and other smaller services and supplies ."
"The company 's operating income ( EBIT ) totalled EUR 0.0 mn , up from EUR -0.3 mn year-on-year .",2,"The company 's operating income ( EBIT ) totalled EUR 0.0 mn , up from EUR -0.3 mn year-on-year ."
"N +1 Group will pay EUR16 .5 m of the transaction price upon closing , and the remaining sum in 2012 .",1,"N +1 Group will pay EUR16 .5 m of the transaction price upon closing , and the remaining sum in 2012 ."
"`` These tests are part of a larger campaign which includes various customer trials and demonstrations to make LTE on 800 MHz commercially viable by this summer , '' Nokia Siemens head of LTE business line , Reino Tammela , said .",1,"`` These tests are part of a larger campaign which includes various customer trials and demonstrations to make LTE on 800 MHz commercially viable by this summer , '' Nokia Siemens head of LTE business line , Reino Tammela , said ."
The exercise originated in Finland in the early 1930s as a training method for cross-country skiers .,1,The exercise originated in Finland in the early 1930s as a training method for cross-country skiers .
- Moody 's said it gave P A1 long-term senior unsecured and P P-1 short-term debt ratings to Finnish lender Aktia Bank 's EUR1bn USD1 .4 bn euro medium-term note EMTN program of 25 March 2011 .,1,- Moody 's said it gave P A1 long-term senior unsecured and P P-1 short-term debt ratings to Finnish lender Aktia Bank 's EUR1bn USD1 .4 bn euro medium-term note EMTN program of 25 March 2011 .
Metsaliitto said that it will book a minor gain of less than EUR1 .0 m from the transaction .,2,Metsaliitto said that it will book a minor gain of less than EUR1 .0 m from the transaction .
RSA 's shares closed at 156.9 p at the time of going to press .,1,RSA 's shares closed at 156.9 p at the time of going to press .
The aim is to achieve EUR 2.5 mn yearly savings .,2,The aim is to achieve EUR 2.5 mn yearly savings .
Sales in Finland rose by 3.9 % and international growth was 0.7 % .,2,Sales in Finland rose by 3.9 % and international growth was 0.7 % .
"Order intake , on the other hand , is expected to be stronger than in 2007 .",2,"Order intake , on the other hand , is expected to be stronger than in 2007 ."
It will provide heating in the form of hot water for the sawmill 's needs .,1,It will provide heating in the form of hot water for the sawmill 's needs .
Incap and Lankapaja aim to enter into actual agreement to transfer the sheet-metal production to the buyer in February in order to complete the transfer on 1 March 2011 .,2,Incap and Lankapaja aim to enter into actual agreement to transfer the sheet-metal production to the buyer in February in order to complete the transfer on 1 March 2011 .
Kesko has previously published a stock exchange release concerning the deal on 7 February 2007 .,1,Kesko has previously published a stock exchange release concerning the deal on 7 February 2007 .
"Tampere Science Parks is a Finnish company that owns , leases and builds office properties and it specialises in facilities for technology-oriented businesses .",1,"Tampere Science Parks is a Finnish company that owns , leases and builds office properties and it specialises in facilities for technology-oriented businesses ."
To be number one means creating added value for stakeholders in everything we do .,1,To be number one means creating added value for stakeholders in everything we do .
"We also strengthen our existing partnership with Cybercom '' , says Teleste CTO Esko Myllyla .",2,"We also strengthen our existing partnership with Cybercom '' , says Teleste CTO Esko Myllyla ."
Donations to universities The Annual General Meeting authorized the Board of Directors to donate max .,1,Donations to universities The Annual General Meeting authorized the Board of Directors to donate max .
"Juha Jordan , chief engineer at Glaston , said one of the reasons for choosing Vacon as a global AC drives supplier is that it has service and support centres in the same countries where Glaston operates .",2,"Juha Jordan , chief engineer at Glaston , said one of the reasons for choosing Vacon as a global AC drives supplier is that it has service and support centres in the same countries where Glaston operates ."
"STX Finland Oy signed a a preliminary agreement for the building of an environmentally friendly , new generation cruise ferry for Viking Line to manage on between Turku , Finland , and Stockholm , Sweden withViking Line ABP .",2,"STX Finland Oy signed a a preliminary agreement for the building of an environmentally friendly , new generation cruise ferry for Viking Line to manage on between Turku , Finland , and Stockholm , Sweden withViking Line ABP ."
"EBITDA for the year 2009 improved to EUR484m , as compared with EUR472m in 2008 .",2,"EBITDA for the year 2009 improved to EUR484m , as compared with EUR472m in 2008 ."
Benefon will turn the Salo unit into a B2B business unit and establish a B2C business unit in the UK .,1,Benefon will turn the Salo unit into a B2B business unit and establish a B2C business unit in the UK .
"The OMX Helsinki index was 0.33 pct lower at 9,364.80 , while the OMX Helsinki CAP portfolio index was down 0.34 pct at 5,029.25 .",0,"The OMX Helsinki index was 0.33 pct lower at 9,364.80 , while the OMX Helsinki CAP portfolio index was down 0.34 pct at 5,029.25 ."
Pretax profit decreased by 37 % to EUR 193.1 mn from EUR 305.6 mn .,0,Pretax profit decreased by 37 % to EUR 193.1 mn from EUR 305.6 mn .
"Nordea Bank AB publ holds 6.000 Alma Media shares , representing 0.008 % of share capital and voting rights .",1,"Nordea Bank AB publ holds 6.000 Alma Media shares , representing 0.008 % of share capital and voting rights ."
"Tikkurila Powder Coatings has some 50 employees at its four paint plants , which generated revenues of EUR2 .4 m USD3 .3 m in 2010 .",1,"Tikkurila Powder Coatings has some 50 employees at its four paint plants , which generated revenues of EUR2 .4 m USD3 .3 m in 2010 ."
The technology park will be built near St. Petersburg-based Pulkovo airport .,1,The technology park will be built near St. Petersburg-based Pulkovo airport .
The share subscription period for stock options 2007A is between 1 April 2010 and 31 March 2012 .,1,The share subscription period for stock options 2007A is between 1 April 2010 and 31 March 2012 .
"The chilled meat products category led the meat , fish and poultry market in Finland , accounting for a share of 31.4 % .",1,"The chilled meat products category led the meat , fish and poultry market in Finland , accounting for a share of 31.4 % ."
"Under a memorandum of understanding MoU the parties will collaborate in preparing and implementing joint projects in the fields of combined power and heat generation , environmental protection and energy efficient technologies .",2,"Under a memorandum of understanding MoU the parties will collaborate in preparing and implementing joint projects in the fields of combined power and heat generation , environmental protection and energy efficient technologies ."
"Unlisted British Biologicals makes B - and D - proteins , and other disease-specific supplements that cover diabetes , hepatitis , asthma and other cardiovascular ailments .",1,"Unlisted British Biologicals makes B - and D - proteins , and other disease-specific supplements that cover diabetes , hepatitis , asthma and other cardiovascular ailments ."
"`` We are very pleased to be working with Fujitsu and NTT DoCoMo to advance the progress of LTE , '' said Juergen Walter , Head of Converged Core , Nokia Siemens Networks .",2,"`` We are very pleased to be working with Fujitsu and NTT DoCoMo to advance the progress of LTE , '' said Juergen Walter , Head of Converged Core , Nokia Siemens Networks ."
"London 's leading shares today jumped almost 100 points , or 1.7 % , as the market opened .",2,"London 's leading shares today jumped almost 100 points , or 1.7 % , as the market opened ."
Finnish glass technology company Glaston Oyj Abp net profit decreased to 2.6 mln euro ( $ 3.8 mln ) for the first nine months of 2007 from 7.8 mln euro ( $ 11.4 mln ) for the same period of 2006 .,0,Finnish glass technology company Glaston Oyj Abp net profit decreased to 2.6 mln euro ( $ 3.8 mln ) for the first nine months of 2007 from 7.8 mln euro ( $ 11.4 mln ) for the same period of 2006 .
"The company can not give up palm oil altogether , however .",1,"The company can not give up palm oil altogether , however ."
"Metso Foundries Jyvaskyla Oy will discontinue production on this line by 30 September 2008 , the company said .",1,"Metso Foundries Jyvaskyla Oy will discontinue production on this line by 30 September 2008 , the company said ."
Revenue grew 12 percent to (  x20ac ) 3.6 billion ( US$ 4.5 billion ) .,2,Revenue grew 12 percent to ( x20ac ) 3.6 billion ( US$ 4.5 billion ) .
"`` We have analyzed Kaupthing Bank Sweden and found a business which fits well into Alandsbanken , '' said Alandsbanken 's chief executive Peter Wiklof in a statement .",2,"`` We have analyzed Kaupthing Bank Sweden and found a business which fits well into Alandsbanken , '' said Alandsbanken 's chief executive Peter Wiklof in a statement ."
Central Europe is an important market area for Honka .,1,Central Europe is an important market area for Honka .
"According to Tyrv+ñinen 's estimation , Japan is a very essential location in terms of Finnair 's Asian strategy .",1,"According to Tyrv+ñinen 's estimation , Japan is a very essential location in terms of Finnair 's Asian strategy ."
Operating profit improved by 27 % to EUR 579.8 mn from EUR 457.2 mn in 2006 .,2,Operating profit improved by 27 % to EUR 579.8 mn from EUR 457.2 mn in 2006 .
"The share capital of Basware Corporation is 11,720,829 .",1,"The share capital of Basware Corporation is 11,720,829 ."
Return on equity stood at 18.3 % compared to 15.4 % in the third quarter of 2005 .,2,Return on equity stood at 18.3 % compared to 15.4 % in the third quarter of 2005 .
"Protalix closed at $ 10.71 on Friday on the American Stock Exchange , giving a market cap of $ 827 million .",1,"Protalix closed at $ 10.71 on Friday on the American Stock Exchange , giving a market cap of $ 827 million ."
"It is necessary to strengthen the company 's operations , however .",1,"It is necessary to strengthen the company 's operations , however ."
"The order consists of outsourced application management , support and planning for Tecnotree and third-party applications .",1,"The order consists of outsourced application management , support and planning for Tecnotree and third-party applications ."
SRV lowered its net sales estimate for the whole of 2008 due to uncertainties in housing sales .,0,SRV lowered its net sales estimate for the whole of 2008 due to uncertainties in housing sales .
"Nevertheless , Fitch notes that the business fundamentals of the three banks currently remain sound .",2,"Nevertheless , Fitch notes that the business fundamentals of the three banks currently remain sound ."
Wellness services will be important in the future .,1,Wellness services will be important in the future .
"Cargotec Corporation , Press Release , April 28 , 2008 at 2.00 p.m. Finnish time Cargotec 's MacGREGOR business area providing marine cargo handling and offshore load handling solutions has received significant hatch cover orders for bulk carriers .",2,"Cargotec Corporation , Press Release , April 28 , 2008 at 2.00 p.m. Finnish time Cargotec 's MacGREGOR business area providing marine cargo handling and offshore load handling solutions has received significant hatch cover orders for bulk carriers ."
"The acquisition was financed with $ 2.56 billion of debt arranged by Goldman , Sachs & Co. .",1,"The acquisition was financed with $ 2.56 billion of debt arranged by Goldman , Sachs & Co. ."
The order also includes start-up and commissioning services .,1,The order also includes start-up and commissioning services .
"Finnish Scanfil , a systems supplier and contract manufacturer to the communications sector and the electronics industry , reports its net sales totalled EUR 94.7 mn in the first half of 2010 , down from EUR 99.5 mn in the first half of 2009 .",0,"Finnish Scanfil , a systems supplier and contract manufacturer to the communications sector and the electronics industry , reports its net sales totalled EUR 94.7 mn in the first half of 2010 , down from EUR 99.5 mn in the first half of 2009 ."
A CUT ABOVE Bring the outdoors in with these birch-branch coasters .,1,A CUT ABOVE Bring the outdoors in with these birch-branch coasters .
The company said that it has started to investigate streamlining its operations in order to meet the tightening competition on the mobile phone charger market .,2,The company said that it has started to investigate streamlining its operations in order to meet the tightening competition on the mobile phone charger market .
The Swedish player became majority owner of UCell in mid-2007 .,1,The Swedish player became majority owner of UCell in mid-2007 .
"`` We are proud to welcome another distribution facility to north Mississippi and the region known as the logistics center of the United States , '' said Gray Swoope , executive director of MDA .",2,"`` We are proud to welcome another distribution facility to north Mississippi and the region known as the logistics center of the United States , '' said Gray Swoope , executive director of MDA ."
"The firm 's services include copying , printing , CAD-modelling , digital printing , scanning , SokoPro project bank and courier services .",1,"The firm 's services include copying , printing , CAD-modelling , digital printing , scanning , SokoPro project bank and courier services ."
The new SEPA cads will replace Finnish bank cards .,1,The new SEPA cads will replace Finnish bank cards .
"( ADP News ) - Sep 30 , 2008 - Finnish security and privacy software solutions developer Stonesoft Oyj said today that it won a USD 1.9 million ( EUR 1.3 m ) order to deliver its StoneGate network security products to an unnamed Russian te",2,"( ADP News ) - Sep 30 , 2008 - Finnish security and privacy software solutions developer Stonesoft Oyj said today that it won a USD 1.9 million ( EUR 1.3 m ) order to deliver its StoneGate network security products to an unnamed Russian te"
The combined value of the orders is EUR 45mn .,1,The combined value of the orders is EUR 45mn .
It is hand-painted resin with real 14-0 trebles and is 75cm long by 25cm deep from top to bottom of the middle hook .,1,It is hand-painted resin with real 14-0 trebles and is 75cm long by 25cm deep from top to bottom of the middle hook .
"Following the increase , Huhtamaki Oyj 's registered share capital is EUR 358,706,290.00 and the number of shares outstanding is 105,501,850 .",1,"Following the increase , Huhtamaki Oyj 's registered share capital is EUR 358,706,290.00 and the number of shares outstanding is 105,501,850 ."
The company will build altogether 130 new substations by the end of this year .,1,The company will build altogether 130 new substations by the end of this year .
The Federal Secretary for Transport and Communication of Mexico has awarded Poyry and its Mexican partner Sintra a consulting contract in connection with the Buenavista-Cuautitlan suburban railway .,2,The Federal Secretary for Transport and Communication of Mexico has awarded Poyry and its Mexican partner Sintra a consulting contract in connection with the Buenavista-Cuautitlan suburban railway .
The operating profit for Grain Trading increased to EUR 2.0 mn from EUR 1.4 mn in 2005 .,2,The operating profit for Grain Trading increased to EUR 2.0 mn from EUR 1.4 mn in 2005 .
Arena Partners Oy is a development company for electronic business .,1,Arena Partners Oy is a development company for electronic business .
"All the ferries had run into trouble just outside the Stockholm archipelago , made up of more than 20,000 islands .",0,"All the ferries had run into trouble just outside the Stockholm archipelago , made up of more than 20,000 islands ."
"According to A-Rehu 's Managing Director , Jouko Lahtinen , the project will stabilise costs and improve supply security .",2,"According to A-Rehu 's Managing Director , Jouko Lahtinen , the project will stabilise costs and improve supply security ."
"Because the application can be considered as a hacking application , it is classified by F-Secure as riskware .",1,"Because the application can be considered as a hacking application , it is classified by F-Secure as riskware ."
"Fiskars Brands report net sales of EUR 145.8 mn , up from EUR 138.4 mn .",2,"Fiskars Brands report net sales of EUR 145.8 mn , up from EUR 138.4 mn ."
The transaction included also the transfer of the lease agreement concerning manufacturing premises and employment agreements related to these operations .,1,The transaction included also the transfer of the lease agreement concerning manufacturing premises and employment agreements related to these operations .
The loss for the third quarter of 2007 was EUR 0.3 mn smaller than the loss of the second quarter of 2007 .,2,The loss for the third quarter of 2007 was EUR 0.3 mn smaller than the loss of the second quarter of 2007 .
Peigs www.peigs.se will become part of Sardus Latta Maltider Light Meals unit .,1,Peigs www.peigs.se will become part of Sardus Latta Maltider Light Meals unit .
"Following the registration , the number of issued and outstanding shares of Basware is 12,890,829 .",1,"Following the registration , the number of issued and outstanding shares of Basware is 12,890,829 ."
Pharmaceuticals group Orion Corp reported a fall in its third-quarter earnings that were hit by larger expenditures on R&D and marketing .,0,Pharmaceuticals group Orion Corp reported a fall in its third-quarter earnings that were hit by larger expenditures on R&D and marketing .
Net investment income,1,Net investment income
The financial statements release will be available after publishing on the Company 's internet pages at www.cargotec.com .,1,The financial statements release will be available after publishing on the Company 's internet pages at www.cargotec.com .
"However , sales volumes in the food industry are expected to remain at relatively good levels in Finland and in Scandinavia , Atria said .",2,"However , sales volumes in the food industry are expected to remain at relatively good levels in Finland and in Scandinavia , Atria said ."
Operating profit rose from EUR 1.94 mn to EUR 2.45 mn .,2,Operating profit rose from EUR 1.94 mn to EUR 2.45 mn .
"Kai Tulonen , Chief Technology Officer , SysOpen Digia says : `` Mobility Business Suite represents a significant milestone in the company 's offering to the telecommunications industry .",2,"Kai Tulonen , Chief Technology Officer , SysOpen Digia says : `` Mobility Business Suite represents a significant milestone in the company 's offering to the telecommunications industry ."
"The fair value change of investment properties was EUR 15.8 mn , compared to EUR 22.9 mn in the third quarter of 2009 .",0,"The fair value change of investment properties was EUR 15.8 mn , compared to EUR 22.9 mn in the third quarter of 2009 ."
These moderate but significant changes resulted in a significant 24-32 % reduction in the estimated CVD risk .,2,These moderate but significant changes resulted in a significant 24-32 % reduction in the estimated CVD risk .
And U.S. energy executives say high steel prices are threatening energy exploration .,0,And U.S. energy executives say high steel prices are threatening energy exploration .
"Paychex has more than 100 offices serving approximately 554,000 payroll clients nationwide as of May 31 , 2009 .",1,"Paychex has more than 100 offices serving approximately 554,000 payroll clients nationwide as of May 31 , 2009 ."
"The contract value amounts to about EUR11m , the company added .",1,"The contract value amounts to about EUR11m , the company added ."
"In 2009 , KONE had annual net sales of EUR 4.7 billion and approximately 34,000 employees .",1,"In 2009 , KONE had annual net sales of EUR 4.7 billion and approximately 34,000 employees ."
"Initially , the company said a maximum of 15 people would be made redundant in the parent company and about 15 in its subsidiaries .",0,"Initially , the company said a maximum of 15 people would be made redundant in the parent company and about 15 in its subsidiaries ."
"We are very pleased with the fine co-operation between the two countries in recent times , he said .",2,"We are very pleased with the fine co-operation between the two countries in recent times , he said ."
"( ADPnews ) - Feb 3 , 2010 - Finland-based steel maker Rautaruukki Oyj ( HEL : RTRKS ) , or Ruukki , said today it slipped to a larger-than-expected pretax loss of EUR 46 million ( USD 64.5 m ) in the fourth quarter of 2009 from a",0,"( ADPnews ) - Feb 3 , 2010 - Finland-based steel maker Rautaruukki Oyj ( HEL : RTRKS ) , or Ruukki , said today it slipped to a larger-than-expected pretax loss of EUR 46 million ( USD 64.5 m ) in the fourth quarter of 2009 from a"
"`` Following last year 's good profit development , we have entered the current year in a good position .",2,"`` Following last year 's good profit development , we have entered the current year in a good position ."
"Following the issue , the number of shares in the Swedish company will grow by 9 % .",1,"Following the issue , the number of shares in the Swedish company will grow by 9 % ."
Peer Peugeot fell 0.81 pct as its sales rose only 6.3 pct from the same period last year .,0,Peer Peugeot fell 0.81 pct as its sales rose only 6.3 pct from the same period last year .
Diluted earnings per share ( EPS ) rose to EUR 0.52 versus EUR 0.09 .,2,Diluted earnings per share ( EPS ) rose to EUR 0.52 versus EUR 0.09 .
"Compared with the FTSE 100 index , which rose 94.9 points ( or 1.6 % ) on the day , this was a relative price change of -0.4 % .",0,"Compared with the FTSE 100 index , which rose 94.9 points ( or 1.6 % ) on the day , this was a relative price change of -0.4 % ."
Aspo has also investigated the sales opportunities of Kaukomarkkinat 's electronics business .,1,Aspo has also investigated the sales opportunities of Kaukomarkkinat 's electronics business .
"Ragutis , controlled by the Finnish brewery Olvi , achieved a 5.7 percent rise in beer sales to 22.6 million liters and held a 10.75 percent market share .",2,"Ragutis , controlled by the Finnish brewery Olvi , achieved a 5.7 percent rise in beer sales to 22.6 million liters and held a 10.75 percent market share ."
"In 2006 , Kone received an order from Aker Yards to supply 43 customised elevators for the very first Genesis cruise ship which is scheduled to be completed in 2009 .",2,"In 2006 , Kone received an order from Aker Yards to supply 43 customised elevators for the very first Genesis cruise ship which is scheduled to be completed in 2009 ."
"Finnish management software solutions provider Ixonos Oyj net profit decreased to 369,000 euro ( $ 575,000 ) for the first quarter of 2008 from 669,000 euro ( $ 1.0 mln ) for the same period of 2007 .",0,"Finnish management software solutions provider Ixonos Oyj net profit decreased to 369,000 euro ( $ 575,000 ) for the first quarter of 2008 from 669,000 euro ( $ 1.0 mln ) for the same period of 2007 ."
Aldata noted that its Voice Supply Chain Technology approach enables VDW to integrate with warehouse management systems .,1,Aldata noted that its Voice Supply Chain Technology approach enables VDW to integrate with warehouse management systems .
"The center offers a comprehensive range of device design services spanning from electronics , mechanics and software design to a full range of testing laboratory services .",1,"The center offers a comprehensive range of device design services spanning from electronics , mechanics and software design to a full range of testing laboratory services ."
Mursula said they tried to gather macro-economic perspective to see how Malaysia was doing .,1,Mursula said they tried to gather macro-economic perspective to see how Malaysia was doing .
"Unit prices for straddle carriers vary between EUR700 ,000 and EUR900 ,000 , the company added .",1,"Unit prices for straddle carriers vary between EUR700 ,000 and EUR900 ,000 , the company added ."
"EBIT totalled EUR 14.4 mn , compared to a loss of EUR 0.3 mn in the corresponding period in 2009 .",2,"EBIT totalled EUR 14.4 mn , compared to a loss of EUR 0.3 mn in the corresponding period in 2009 ."
Mr Skogster currently serves as the manager responsible for ABB Oy 's system modules for low voltage drives .,1,Mr Skogster currently serves as the manager responsible for ABB Oy 's system modules for low voltage drives .
No blind-spots coming from 1 vantage point allows investigators to see the whole story in high resolution with no unbroken video .,1,No blind-spots coming from 1 vantage point allows investigators to see the whole story in high resolution with no unbroken video .
"The Company operates through four principal divisions : Consumer Packaging ; Office Papers ; Speciality Papers , as well as Market Pulp and Energy .",1,"The Company operates through four principal divisions : Consumer Packaging ; Office Papers ; Speciality Papers , as well as Market Pulp and Energy ."
"Cardona slowed her vehicle , turned around and returned to the intersection , where she called 911 .",1,"Cardona slowed her vehicle , turned around and returned to the intersection , where she called 911 ."
Brazilian mobile player Telemig Celular yesterday announced that it has selected Finnish software developer Tecnomen Oyj to expand its prepaid billing system .,2,Brazilian mobile player Telemig Celular yesterday announced that it has selected Finnish software developer Tecnomen Oyj to expand its prepaid billing system .
The company has an annual turnover of EUR32 .8 m.,1,The company has an annual turnover of EUR32 .8 m.
"- Demand for fireplace products was lower than expected , especially in Germany .",0,"- Demand for fireplace products was lower than expected , especially in Germany ."
"S Group 's loyal customer magazine Yhteishyv+ñ came second with 1,629,000 readers and Sanoma Corporation 's daily newspaper Helsingin Sanomat was third with 1,097,000 readers .",1,"S Group 's loyal customer magazine Yhteishyv+ñ came second with 1,629,000 readers and Sanoma Corporation 's daily newspaper Helsingin Sanomat was third with 1,097,000 readers ."
"The Process Products orders are for the installation of separation-filtration equipment at three natural gas pipeline projects in China , South America , and Saudi Arabia .",1,"The Process Products orders are for the installation of separation-filtration equipment at three natural gas pipeline projects in China , South America , and Saudi Arabia ."
EMSA Deputy Chairman of the Board Juri Lember told BNS on Wednesday that this was the first time he heard about the strike as the Swedish side had not informed the Estonian union yet .,0,EMSA Deputy Chairman of the Board Juri Lember told BNS on Wednesday that this was the first time he heard about the strike as the Swedish side had not informed the Estonian union yet .
"He does not believe , however , that HKScan or Atria will start to use imported meat as Finnish consumers prefer domestic products .",1,"He does not believe , however , that HKScan or Atria will start to use imported meat as Finnish consumers prefer domestic products ."
"Satama 's net profit for the third quarter of 2007 rose to 275,000 euro ( $ 395,000 ) from 270,000 euro ( $ 388,000 ) for the same period of 2006 .",2,"Satama 's net profit for the third quarter of 2007 rose to 275,000 euro ( $ 395,000 ) from 270,000 euro ( $ 388,000 ) for the same period of 2006 ."
The ` buy ' recommendation was reiterated .,2,The ` buy ' recommendation was reiterated .
Bluewin Security is available as a monthly subscription .,1,Bluewin Security is available as a monthly subscription .
The initial estimated total value was 1744900 EUR and the final award value was 1744900 EUR .,1,The initial estimated total value was 1744900 EUR and the final award value was 1744900 EUR .
"The total investment necessary will be EUR40m , the company estimated .",1,"The total investment necessary will be EUR40m , the company estimated ."
Capital base and capital adequacy measurement is based on approaches under Basel II .,1,Capital base and capital adequacy measurement is based on approaches under Basel II .
"Belarus OAO Lidskoe Pivo brewery , based in the Grodno Region , reported a 1.1 % decrease in output to 1.045 million decaliters in January-March 2010 , a representative in the administration of the company told .",0,"Belarus OAO Lidskoe Pivo brewery , based in the Grodno Region , reported a 1.1 % decrease in output to 1.045 million decaliters in January-March 2010 , a representative in the administration of the company told ."
"Profit before taxes amounted to EUR 56.5 mn , down from EUR 232.9 mn a year ago .",0,"Profit before taxes amounted to EUR 56.5 mn , down from EUR 232.9 mn a year ago ."
"It s an area that is highly valued , because most of the land there has already been built on .",1,"It s an area that is highly valued , because most of the land there has already been built on ."
Almost two thirds of Olvi 's net sales come from outside Finland .,1,Almost two thirds of Olvi 's net sales come from outside Finland .
"The closing of the transaction is scheduled to take place on January 10 , 2008 .",1,"The closing of the transaction is scheduled to take place on January 10 , 2008 ."
"Operating margin , however , slipped to 14.4 % from 15.1 % , dragged down by a poor performance in enterprise solutions .",0,"Operating margin , however , slipped to 14.4 % from 15.1 % , dragged down by a poor performance in enterprise solutions ."
"KESKO CORPORATION STOCK EXCHANGE RELEASE 28.02.2008 AT 09.30 1 ( 1 ) Kesko Corporation and Aspo plc today signed an agreement by which Aspo acquires the share capital of Kauko-Telko Ltd , a subsidiary wholly owned by Kesko .",2,"KESKO CORPORATION STOCK EXCHANGE RELEASE 28.02.2008 AT 09.30 1 ( 1 ) Kesko Corporation and Aspo plc today signed an agreement by which Aspo acquires the share capital of Kauko-Telko Ltd , a subsidiary wholly owned by Kesko ."
"Finnish software and hardware developer Elektrobit Oyj HEL : EBG1V , or EB , said today it will temporarily lay off up to 200 people for a maximum of 90 day in Finland , aiming to achieve cost savings of EUR 1.7 million USD 2m in the second half of 2010 .",0,"Finnish software and hardware developer Elektrobit Oyj HEL : EBG1V , or EB , said today it will temporarily lay off up to 200 people for a maximum of 90 day in Finland , aiming to achieve cost savings of EUR 1.7 million USD 2m in the second half of 2010 ."
The program 's target is structural cost reductions of about EUR 30mn in 2009 .,2,The program 's target is structural cost reductions of about EUR 30mn in 2009 .
"Motorola , the world 's second-largest maker of cell phones , unveiled the new phone Tuesday in a bid to resurrect its ailing handset business .",1,"Motorola , the world 's second-largest maker of cell phones , unveiled the new phone Tuesday in a bid to resurrect its ailing handset business ."
You will hear the latest insights and updates on Citycon 's strategy as well as the latest news from all the business units .,1,You will hear the latest insights and updates on Citycon 's strategy as well as the latest news from all the business units .
Comptel Corporation will publish its financial statements for 2008 on 12 February 2009 .,1,Comptel Corporation will publish its financial statements for 2008 on 12 February 2009 .
Panostaja Oyj 's Board also decided at its organisational meeting held upon completion of the AGM to implement the AGM decision concerning Board member fees paid as shares in such a way that shares are transferred on a quarterly basis on the date following publication of the quarterly-annual report .,1,Panostaja Oyj 's Board also decided at its organisational meeting held upon completion of the AGM to implement the AGM decision concerning Board member fees paid as shares in such a way that shares are transferred on a quarterly basis on the date following publication of the quarterly-annual report .
"In a letter to Economic Affairs Minister , the listed Estonian shipping company Tallink asks for the approval to be entitled to a 15 % cut in port fees in 2010 .",1,"In a letter to Economic Affairs Minister , the listed Estonian shipping company Tallink asks for the approval to be entitled to a 15 % cut in port fees in 2010 ."
"The move is aimed at boosting sales , cost-efficiency and market share in Finland .",2,"The move is aimed at boosting sales , cost-efficiency and market share in Finland ."
"Last year , UPM cut production , closed mills in Finland and slashed 700 jobs .",0,"Last year , UPM cut production , closed mills in Finland and slashed 700 jobs ."
"SRV will raise its holding in the company so that by the summer of 2008 , it will have a majority .",2,"SRV will raise its holding in the company so that by the summer of 2008 , it will have a majority ."
"The donations are granted to Aalto University and the universities of Helsinki , Tampere , Turku , Eastern Finland , Jyv+ñskyl+ñ , Oulu and Vaasa , and to polytechnics to be announced later .",1,"The donations are granted to Aalto University and the universities of Helsinki , Tampere , Turku , Eastern Finland , Jyv+ñskyl+ñ , Oulu and Vaasa , and to polytechnics to be announced later ."
"Strong brand visibility nationally and regionally is of primary importance in home sales , vehicle and consumer advertising .",1,"Strong brand visibility nationally and regionally is of primary importance in home sales , vehicle and consumer advertising ."
"In Switzerland , Teleste have been an established supplier of products for a long time and its primary customers include cable and fiber-to-the-home ( FTTH ) operators .",1,"In Switzerland , Teleste have been an established supplier of products for a long time and its primary customers include cable and fiber-to-the-home ( FTTH ) operators ."
"To check them out or to make a bid they will be in the Deka Showroom , Fortitude Valley .",1,"To check them out or to make a bid they will be in the Deka Showroom , Fortitude Valley ."
"According to CapMan Plc 's Corporate Governance , the majority of the committees ' members shall be independent of the Company .",1,"According to CapMan Plc 's Corporate Governance , the majority of the committees ' members shall be independent of the Company ."
"INTERNET BUSINESS NEWS - -® 1995-2006 M2 COMMUNICATIONS LTD As part of a drive to protect users of its Internet banking service , Barclays Bank has announced that it is to recommend F-Secure Internet Security to its customers .",1,"INTERNET BUSINESS NEWS - -® 1995-2006 M2 COMMUNICATIONS LTD As part of a drive to protect users of its Internet banking service , Barclays Bank has announced that it is to recommend F-Secure Internet Security to its customers ."
The value of the orders is over EUR 10mn .,1,The value of the orders is over EUR 10mn .
It is planned to set up the A class business center in the two top storeys of the complex .,1,It is planned to set up the A class business center in the two top storeys of the complex .
"In beers , Olvi retained its market position .",1,"In beers , Olvi retained its market position ."
Tiimari operates 194 stores in six countries -- including its core Finnish market -- and generated a turnover of 76.5 mln eur in 2005 .,1,Tiimari operates 194 stores in six countries -- including its core Finnish market -- and generated a turnover of 76.5 mln eur in 2005 .
"Speaking to just-drinks today , a spokesperson for Olvi said : `` We have performed very well in all four countries we operate in - namely , Finland , Estonia , Latvia and Lithuania . ''",2,"Speaking to just-drinks today , a spokesperson for Olvi said : `` We have performed very well in all four countries we operate in - namely , Finland , Estonia , Latvia and Lithuania . ''"
"Nurminen Logistics provides high-quality logistics services , such as railway transports , terminal services , forwarding , special and heavy transports and medical transports .",1,"Nurminen Logistics provides high-quality logistics services , such as railway transports , terminal services , forwarding , special and heavy transports and medical transports ."
"The company said that the operations will be sold to a newly established company , CPS GmbH , where the present management of the plastics business is a co-owner .",1,"The company said that the operations will be sold to a newly established company , CPS GmbH , where the present management of the plastics business is a co-owner ."
`` Ruukki is now included on DJSI World for the second year running and the European DJSI STOXX for the third year running .,1,`` Ruukki is now included on DJSI World for the second year running and the European DJSI STOXX for the third year running .
Sales for the Department Store Division increased by 15 % and sales for the clothing store subsidiary Seppala increased by 8 % Meanwhile sales for Hobby Hall decreased by 12 % .,2,Sales for the Department Store Division increased by 15 % and sales for the clothing store subsidiary Seppala increased by 8 % Meanwhile sales for Hobby Hall decreased by 12 % .
"Rory Fitzgerald , general manager , operations , Bristol Port , said : `` With the use of low maintenance technology we can save up to 30 per cent on servicing , plus the load sensing hydraulics can save us an extra 15 to 30 per cent on fuel consumption . ''",2,"Rory Fitzgerald , general manager , operations , Bristol Port , said : `` With the use of low maintenance technology we can save up to 30 per cent on servicing , plus the load sensing hydraulics can save us an extra 15 to 30 per cent on fuel consumption . ''"
"ADP News - Nov 13 , 2008 - Finnish printed circuit board PCB maker Aspocomp Group Oyj OMX : ACG1V said today that its net loss narrowed to EUR 2 million USD 2.5 m in the first nine months of 2008 from EUR 57",2,"ADP News - Nov 13 , 2008 - Finnish printed circuit board PCB maker Aspocomp Group Oyj OMX : ACG1V said today that its net loss narrowed to EUR 2 million USD 2.5 m in the first nine months of 2008 from EUR 57"
"In Finland , the five largest brands control 90 % of the beer market .",1,"In Finland , the five largest brands control 90 % of the beer market ."
"ALEXANDRIA , Va. , May 16 -- Kenneth Bower of Vista , Calif. , has developed an ornamental design for a handset , the U.S. Patent & Trademark Office announced .",1,"ALEXANDRIA , Va. , May 16 -- Kenneth Bower of Vista , Calif. , has developed an ornamental design for a handset , the U.S. Patent & Trademark Office announced ."
"CapMan 's first real estate fund , which had a total investment capacity of ( EURO ) 500 million and closed in June 2005 , invested in commercial properties in the Helsinki metropolitan area .",1,"CapMan 's first real estate fund , which had a total investment capacity of ( EURO ) 500 million and closed in June 2005 , invested in commercial properties in the Helsinki metropolitan area ."
"Ahlstrom Corporation STOCK EXCHANGE ANNOUNCEMENT 7.2.2007 at 10.30 A total of 56,955 new shares of Ahlstrom Corporation have been subscribed with option rights under the company 's stock option programs I 2001 and II 2001 .",1,"Ahlstrom Corporation STOCK EXCHANGE ANNOUNCEMENT 7.2.2007 at 10.30 A total of 56,955 new shares of Ahlstrom Corporation have been subscribed with option rights under the company 's stock option programs I 2001 and II 2001 ."
Talvivaara is listed on the London Stock Exchange Main Market and NASDAQ OMX Helsinki and is included in the FTSE 250 Index .,1,Talvivaara is listed on the London Stock Exchange Main Market and NASDAQ OMX Helsinki and is included in the FTSE 250 Index .
L&T also acquired a 50 pct stake in local sector company Salvor Oy at the beginning of September 2007 .,1,L&T also acquired a 50 pct stake in local sector company Salvor Oy at the beginning of September 2007 .
"`` After this purchase , Cramo will become the second largest rental services provider in the Latvian market .",2,"`` After this purchase , Cramo will become the second largest rental services provider in the Latvian market ."
The final outcome of the rights offering is to be reported around 23 October 2009 .,1,The final outcome of the rights offering is to be reported around 23 October 2009 .
The transaction is expected to be finalized by Dec 2009 .,1,The transaction is expected to be finalized by Dec 2009 .
The first group of customers to be trained will be paint-shop owners and their assistants .,1,The first group of customers to be trained will be paint-shop owners and their assistants .
"A data processing unit collects the data , calculates RVR values and provides the data to users via various interfaces .",1,"A data processing unit collects the data , calculates RVR values and provides the data to users via various interfaces ."
"Tecnomen 's system features a new range of value-added services for prepaid and post-paid billing , charging and rating of voice calls , data traffic , or any kind of content services in both mobile and fixed networks .",1,"Tecnomen 's system features a new range of value-added services for prepaid and post-paid billing , charging and rating of voice calls , data traffic , or any kind of content services in both mobile and fixed networks ."
The company expects its net sales in the first half of 2008 to reach the previous year 's level .,2,The company expects its net sales in the first half of 2008 to reach the previous year 's level .
The group 's net sales in 2007 were EUR683 .6 m.,1,The group 's net sales in 2007 were EUR683 .6 m.
"Profit after taxes was EUR 0.1 mn , compared to EUR -0.4 mn the previous year .",2,"Profit after taxes was EUR 0.1 mn , compared to EUR -0.4 mn the previous year ."
Metso 's delivery will include a complete coated board line with related air systems and two winders .,1,Metso 's delivery will include a complete coated board line with related air systems and two winders .
"In July-September 2009 , Konecranes ' sales decreased to EUR 368.7 mn from EUR 520.4 mn in July-September 2008 .",0,"In July-September 2009 , Konecranes ' sales decreased to EUR 368.7 mn from EUR 520.4 mn in July-September 2008 ."
Other potential clients include public administration organizations investing in utility networks and services .,1,Other potential clients include public administration organizations investing in utility networks and services .
"The company 's consolidated operating profit amounted to EUR 15.86 mn , up from EUR 4.14 mn year-on-year .",2,"The company 's consolidated operating profit amounted to EUR 15.86 mn , up from EUR 4.14 mn year-on-year ."
"Fortum holds 90.2 pct of the share capital and 94.4 pct of the voting rights in the company , which it now plans to delist from the Warsaw Stock Exchange .",1,"Fortum holds 90.2 pct of the share capital and 94.4 pct of the voting rights in the company , which it now plans to delist from the Warsaw Stock Exchange ."
"According shipping company Viking Line , the EU decision will have a significant financial impact .",1,"According shipping company Viking Line , the EU decision will have a significant financial impact ."
"Price talk is in the mid-market swaps plus 105 bps area and the leads are Barclays , BNPP , UBS and CBA .",1,"Price talk is in the mid-market swaps plus 105 bps area and the leads are Barclays , BNPP , UBS and CBA ."
"The plant is scheduled for completion in late February 2007 with hand over of some areas in January Two other suppliers of Nokia - Aspocomp Group Oyj and Perlos - have announced their plans to establish plants within the Nokia complex Together , they will invest Rs 365 crore .",1,"The plant is scheduled for completion in late February 2007 with hand over of some areas in January Two other suppliers of Nokia - Aspocomp Group Oyj and Perlos - have announced their plans to establish plants within the Nokia complex Together , they will invest Rs 365 crore ."
Castecka said the town hall would hold talks with other investors interested in the zone .,1,Castecka said the town hall would hold talks with other investors interested in the zone .
"Meanwhile , minority shareholders , expecting TeliaSonera to retain the bid , sell shares now .",1,"Meanwhile , minority shareholders , expecting TeliaSonera to retain the bid , sell shares now ."
"Following the divestment , Fiskars 's Outdoor unit will comprise the brands Gerber , Silva and Buster , and will focus on multi-tools , knives , compasses , mobile lighting , pedometers , and aluminium boats .",1,"Following the divestment , Fiskars 's Outdoor unit will comprise the brands Gerber , Silva and Buster , and will focus on multi-tools , knives , compasses , mobile lighting , pedometers , and aluminium boats ."
"In the reporting period , net sales rose by 8 % year-on-year to EUR64 .3 m , due to the business acquisitions realized during the first half of 2008-09 , the effect of which was EUR10 .9 m in the review period .",2,"In the reporting period , net sales rose by 8 % year-on-year to EUR64 .3 m , due to the business acquisitions realized during the first half of 2008-09 , the effect of which was EUR10 .9 m in the review period ."
"Loudeye Corp. , up $ 2.56 at $ 4.33 Nokia Corp. , down 10 cents at $ 19.46 Nokia agreed to buy the digital music distributor for $ 60 million .",1,"Loudeye Corp. , up $ 2.56 at $ 4.33 Nokia Corp. , down 10 cents at $ 19.46 Nokia agreed to buy the digital music distributor for $ 60 million ."
17 March 2011 - Goldman Sachs estimates that there are negative prospects for the Norwegian mobile operations of Norway 's Telenor ASA OSL : TEL and Sweden 's TeliaSonera AB STO : TLSN in the short term .,0,17 March 2011 - Goldman Sachs estimates that there are negative prospects for the Norwegian mobile operations of Norway 's Telenor ASA OSL : TEL and Sweden 's TeliaSonera AB STO : TLSN in the short term .
Earnings per share ( EPS ) dropped to EUR 0.21 from EUR 0.31 .,0,Earnings per share ( EPS ) dropped to EUR 0.21 from EUR 0.31 .
"In China , Finnish Kone that provides elevators , escalators , and solutions for modernisation and maintenance will build 342 escalators that will be installed in a high-speed railway section between Beijing and Shanghai in a 1.5 years ' time .",2,"In China , Finnish Kone that provides elevators , escalators , and solutions for modernisation and maintenance will build 342 escalators that will be installed in a high-speed railway section between Beijing and Shanghai in a 1.5 years ' time ."
"Aldata Solution Oyj Stock Exchange Release 11 August 2006 , at 11.00 am ALDATA SHARES SUBSCRIBED FOR WITH 2003 STOCK OPTIONS A total of 95,000 new shares of Aldata Solution Oyj have been subscribed for with the company 's 2003A stock options .",1,"Aldata Solution Oyj Stock Exchange Release 11 August 2006 , at 11.00 am ALDATA SHARES SUBSCRIBED FOR WITH 2003 STOCK OPTIONS A total of 95,000 new shares of Aldata Solution Oyj have been subscribed for with the company 's 2003A stock options ."
"We can choose the most efficient , best overall value option for our customers already at the bidding stage .",2,"We can choose the most efficient , best overall value option for our customers already at the bidding stage ."
UPM-Kymmene has generated four consecutive quarters of positive Free Cash Flow .,2,UPM-Kymmene has generated four consecutive quarters of positive Free Cash Flow .
The acquisition will have an immediate positive impact on Aspocomp 's financial result .,2,The acquisition will have an immediate positive impact on Aspocomp 's financial result .
It inspects the companys strategic strengths and weaknesses .,1,It inspects the companys strategic strengths and weaknesses .
The financial details of the acquisition were not disclosed .,1,The financial details of the acquisition were not disclosed .
"With the measures , Suominen Corporation aims to ensure the competitiveness of the Flexible Packaging business in the long term .",2,"With the measures , Suominen Corporation aims to ensure the competitiveness of the Flexible Packaging business in the long term ."
"shock phase ' , consumers have once again started to plan and implement building projects .",1,"shock phase ' , consumers have once again started to plan and implement building projects ."
"Ahlstrom 's 5,800 employees serve customers via sales offices and production facilities in more than 20 countries on six continents .",1,"Ahlstrom 's 5,800 employees serve customers via sales offices and production facilities in more than 20 countries on six continents ."
"Okmetic 's products are based on high-tech expertise that generates added value for customers , innovative product development and an extremely efficient production process .",2,"Okmetic 's products are based on high-tech expertise that generates added value for customers , innovative product development and an extremely efficient production process ."
"Cargotec Corporation , Press Release , August 26 , 2008 at 10 a.m. Finnish time Cargotec 's MacGREGOR business area providing marine cargo handling and offshore load handling solutions has received significant offshore crane retrofit order .",2,"Cargotec Corporation , Press Release , August 26 , 2008 at 10 a.m. Finnish time Cargotec 's MacGREGOR business area providing marine cargo handling and offshore load handling solutions has received significant offshore crane retrofit order ."
"Boomeranger Boats Oy specialises in boat building and designs , manufactures and sells customised Rigid Inflatable Boats RIB primarily for the Baltic Sea market .",1,"Boomeranger Boats Oy specialises in boat building and designs , manufactures and sells customised Rigid Inflatable Boats RIB primarily for the Baltic Sea market ."
"The decision will have to be made whether the group agrees to the import of Estonian meat and meat products to Finland , the paper added .",1,"The decision will have to be made whether the group agrees to the import of Estonian meat and meat products to Finland , the paper added ."
"Production levels have been agreed with producers a long time ago , so a fall in consumption will lead to losses .",0,"Production levels have been agreed with producers a long time ago , so a fall in consumption will lead to losses ."
"Laavainen said Benecol was well known in Europe and the US , where it had been in the market for 15 years .",1,"Laavainen said Benecol was well known in Europe and the US , where it had been in the market for 15 years ."
"Earnings per share ( EPS ) in the first half of 2007 amounted to EUR0 .29 , down from EUR0 .40 year ago .",0,"Earnings per share ( EPS ) in the first half of 2007 amounted to EUR0 .29 , down from EUR0 .40 year ago ."
"One of the headboxes will be equipped with a modern consistency control system to ensure cross machine profile of the plasterboard , company said in a statement received by Lesprom Network .",1,"One of the headboxes will be equipped with a modern consistency control system to ensure cross machine profile of the plasterboard , company said in a statement received by Lesprom Network ."
"The method utilises waterborne Ultra products , giving protection to wooden surfaces in an industrial painting process whereby two layers of top coat are applied on exterior wooden panels and boards without a separate primer .",1,"The method utilises waterborne Ultra products , giving protection to wooden surfaces in an industrial painting process whereby two layers of top coat are applied on exterior wooden panels and boards without a separate primer ."
"Neste Oil Corporation is a refining and marketing company concentrating on clean , high-quality traffic fuels .",1,"Neste Oil Corporation is a refining and marketing company concentrating on clean , high-quality traffic fuels ."
"One can also apply for jobs directly from the iPad , select which CV to attach and which covering letter is most appropriate for each position .",1,"One can also apply for jobs directly from the iPad , select which CV to attach and which covering letter is most appropriate for each position ."
Nordea Pankki Suomi Oyj 's ownership in Stonesoft Corporation has decreased below 1-20 .,1,Nordea Pankki Suomi Oyj 's ownership in Stonesoft Corporation has decreased below 1-20 .
"It is part of the development of the world-class magnetite deposit at Karara , which has the known potential for over 30 million metric tons of annual processing of magnetite over its estimated 30-year life .",1,"It is part of the development of the world-class magnetite deposit at Karara , which has the known potential for over 30 million metric tons of annual processing of magnetite over its estimated 30-year life ."
Changes to the as-built models from the design were communicated to the subcontractors to accommodate them into the steel and GRC glass reinforced concrete fabrication process .,1,Changes to the as-built models from the design were communicated to the subcontractors to accommodate them into the steel and GRC glass reinforced concrete fabrication process .
Net sales fell by 33 % from the third quarter of 2008 to EUR 130.5 mn .,0,Net sales fell by 33 % from the third quarter of 2008 to EUR 130.5 mn .
"The EBRD is using its own funds to provide a 21.6 mln A loan while the B portion of 10 mln Euros has been syndicated to two Finnish commercial banks , Nordea Bank Finland Plc 7.7 mln Euros and Pohjola Bank Plc 2.3 mln Euros .",1,"The EBRD is using its own funds to provide a 21.6 mln A loan while the B portion of 10 mln Euros has been syndicated to two Finnish commercial banks , Nordea Bank Finland Plc 7.7 mln Euros and Pohjola Bank Plc 2.3 mln Euros ."
"Vehvilainen , who is currently the chief operating officer at Nokia Siemens Networks , will join Finnair on 5 January 2010 and take over as CEO effective 1 February 2010 .",1,"Vehvilainen , who is currently the chief operating officer at Nokia Siemens Networks , will join Finnair on 5 January 2010 and take over as CEO effective 1 February 2010 ."
"According to M-real 's CEO , Mikko Helander , this transaction will enable the company to proceed swiftly with its restructuring program .",2,"According to M-real 's CEO , Mikko Helander , this transaction will enable the company to proceed swiftly with its restructuring program ."
"According to Tiimari , consumers are advised to cut away the rabbits bow tie that contains the formadehyde and dispose of it .",1,"According to Tiimari , consumers are advised to cut away the rabbits bow tie that contains the formadehyde and dispose of it ."
"In providing managed services , Nokia takes responsibility for building , operating and transferring as well as optimising the Indosat 3G network .",1,"In providing managed services , Nokia takes responsibility for building , operating and transferring as well as optimising the Indosat 3G network ."
"Tiimari , the Finnish retailer , reported to have geenrated quarterly revenues totalling EUR 1.3 mn in the 4th quarter 2009 , up from EUR 0.3 mn loss in 2008 .",2,"Tiimari , the Finnish retailer , reported to have geenrated quarterly revenues totalling EUR 1.3 mn in the 4th quarter 2009 , up from EUR 0.3 mn loss in 2008 ."
"Finnish plumbing and heating systems supplier Uponor 's net sales in continuing business operations decreased to EUR 249.1 mn in July-September 2008 , compared to EUR 262.1 mn in the third quarter of 2007 .",0,"Finnish plumbing and heating systems supplier Uponor 's net sales in continuing business operations decreased to EUR 249.1 mn in July-September 2008 , compared to EUR 262.1 mn in the third quarter of 2007 ."
Sponda plans to renovate old real estate and develop new property .,1,Sponda plans to renovate old real estate and develop new property .
"The Russian gas giant invested another 46 million litas in the company in late 2004 and now owns 99.5 percent of its stock capital , which amounts to 86.936 million litas .",1,"The Russian gas giant invested another 46 million litas in the company in late 2004 and now owns 99.5 percent of its stock capital , which amounts to 86.936 million litas ."
"After piloting , the instrument will be further developed according to the experiences gained .",1,"After piloting , the instrument will be further developed according to the experiences gained ."
RusHydro has an agreement to transfer its stakes in OESK and the five ERCs into the trust management of Inter RAO .,1,RusHydro has an agreement to transfer its stakes in OESK and the five ERCs into the trust management of Inter RAO .
The Financial Statements and Interim Reports will be released around at 9.00 a.m. ( Finnish time ) on the given dates .,1,The Financial Statements and Interim Reports will be released around at 9.00 a.m. ( Finnish time ) on the given dates .
Name of Company in which holdings have been acquired : Citycon Oyj 2 .,1,Name of Company in which holdings have been acquired : Citycon Oyj 2 .
"The company 's annual loss amounted to EEK 18mn , compared to a profit of EEK 7.3 mn in 2008 .",0,"The company 's annual loss amounted to EEK 18mn , compared to a profit of EEK 7.3 mn in 2008 ."
Otherwise the situation is under control .,1,Otherwise the situation is under control .
GyPSii service supports ten different languages including Korean and Russian .,1,GyPSii service supports ten different languages including Korean and Russian .
"Finnish plumbing and heating systems supplier Uponor 's net sales from continuing operations decreased by 9.4 % in 2008 to EUR 949.2 mn from EUR 1,047.4 mn in 2007 .",0,"Finnish plumbing and heating systems supplier Uponor 's net sales from continuing operations decreased by 9.4 % in 2008 to EUR 949.2 mn from EUR 1,047.4 mn in 2007 ."
"Markets had been expecting a poor performance , and the company 's stock was up 6 percent at  x20ac 23.89 US$ 33.84 in early afternoon trading in Helsinki .",2,"Markets had been expecting a poor performance , and the company 's stock was up 6 percent at x20ac 23.89 US$ 33.84 in early afternoon trading in Helsinki ."
"The 5,000 megawatt wind farm being planned in Raahe would be built offshore in front of Ruukki 's Raahe Works .",1,"The 5,000 megawatt wind farm being planned in Raahe would be built offshore in front of Ruukki 's Raahe Works ."
The plan is estimated to generate some EUR 5 million ( USD 6.5 m ) in cost savings on an annual basis .,2,The plan is estimated to generate some EUR 5 million ( USD 6.5 m ) in cost savings on an annual basis .
"About 36 % of this came from Aspo Chemicals , 39 % from Aspo Shipping and 25 % from Aspo Systems .",1,"About 36 % of this came from Aspo Chemicals , 39 % from Aspo Shipping and 25 % from Aspo Systems ."
"Typical end-uses include roof structures , floorings , walls and ceilings , non-visible structures in vehicles , packaging and boxes , construction site structures , fencing and shelters , and formwork with a limited number of concrete pourings .",1,"Typical end-uses include roof structures , floorings , walls and ceilings , non-visible structures in vehicles , packaging and boxes , construction site structures , fencing and shelters , and formwork with a limited number of concrete pourings ."
"Budapest , August 10 MTI - Finnish electronics maker Elcoteq will lay off 700 workers at its plants in Pecs S Hungary at the end of September because of falling orders , communications director for Elcoteq 's local unit , Zoltan Krippl told MTI on Monday .",0,"Budapest , August 10 MTI - Finnish electronics maker Elcoteq will lay off 700 workers at its plants in Pecs S Hungary at the end of September because of falling orders , communications director for Elcoteq 's local unit , Zoltan Krippl told MTI on Monday ."
"At 12.01 pm , the OMX Helsinki 25 was down 0.66 pct to 3,143.57 and the OMX Helsinki was 0.67 pct lower at 10,530.74 on 253 mln eur turnover .",0,"At 12.01 pm , the OMX Helsinki 25 was down 0.66 pct to 3,143.57 and the OMX Helsinki was 0.67 pct lower at 10,530.74 on 253 mln eur turnover ."
"Motorola accounted for 11.5 percent of the South Korean handset market as of the end of April , Samsung held 55 percent and LG Electronics 19 percent , according to Korea-based ATLAS Research Group .",1,"Motorola accounted for 11.5 percent of the South Korean handset market as of the end of April , Samsung held 55 percent and LG Electronics 19 percent , according to Korea-based ATLAS Research Group ."
"Goodwill and other intangible assets account for some 2.0 mln euro ( $ 2.6 mln ) of the purchase price , 20 pct of which payable in Aspo shares .",1,"Goodwill and other intangible assets account for some 2.0 mln euro ( $ 2.6 mln ) of the purchase price , 20 pct of which payable in Aspo shares ."
"Cash flow after investments amounted to EUR45m , down from EUR46m .",0,"Cash flow after investments amounted to EUR45m , down from EUR46m ."
"The utility will also provide services related to electricity management , such as hedging trades and risk management and reporting .",1,"The utility will also provide services related to electricity management , such as hedging trades and risk management and reporting ."
Saunalahti is a part of the Elisa group .,1,Saunalahti is a part of the Elisa group .
Metso Foundries Jyvaskyla Oy will discontinue production on this line by 30 September 2008 .,1,Metso Foundries Jyvaskyla Oy will discontinue production on this line by 30 September 2008 .
"HUHTAMAKI OYJ STOCK EXCHANGE RELEASE , 16.9.2008 AT 13.32 Huhtamaki 's Capital Markets Day for institutional investors and analysts is held in Espoo , September 16 , 2008 starting at 13.30 pm Finnish time .",1,"HUHTAMAKI OYJ STOCK EXCHANGE RELEASE , 16.9.2008 AT 13.32 Huhtamaki 's Capital Markets Day for institutional investors and analysts is held in Espoo , September 16 , 2008 starting at 13.30 pm Finnish time ."
"Galeria Podlaska , a shopping mall on Wysockiego Street in Bia ` ystok , is approximately 60-percent leased or reserved .",1,"Galeria Podlaska , a shopping mall on Wysockiego Street in Bia ` ystok , is approximately 60-percent leased or reserved ."
"In Penttil+ñ 's vision , the most important reason for the transaction is Russia .",1,"In Penttil+ñ 's vision , the most important reason for the transaction is Russia ."
"Konecranes has previously communicated an estimated reduction of about 1,600 employees on group level in 2009 .",0,"Konecranes has previously communicated an estimated reduction of about 1,600 employees on group level in 2009 ."
"Finnish dental care group Oral Hammaslaakarit Oyj posted a total net profit of 849,000 euro $ 1.1 mln in the first nine months of 2006 versus a net loss of 331,000 euro $ 421,000 in the same period of 2005 .",2,"Finnish dental care group Oral Hammaslaakarit Oyj posted a total net profit of 849,000 euro $ 1.1 mln in the first nine months of 2006 versus a net loss of 331,000 euro $ 421,000 in the same period of 2005 ."
"treatment products in Usa , Canada , Mexico , Australia and Brazil Today , Global Research & Data Services is going to publish several market analyses about the markets for water treatment products in some selected countries .",1,"treatment products in Usa , Canada , Mexico , Australia and Brazil Today , Global Research & Data Services is going to publish several market analyses about the markets for water treatment products in some selected countries ."
Pretax profit jumped to EUR 21.9 million from EUR 3.1 million .,2,Pretax profit jumped to EUR 21.9 million from EUR 3.1 million .
"And when it has lifted the veil on the various types of customer for which it designs its phones , the result is social stereotyping taken to a fine art .",1,"And when it has lifted the veil on the various types of customer for which it designs its phones , the result is social stereotyping taken to a fine art ."
"A corresponding increase of 85,432.50 euros in Ahlstrom 's share capital has been entered in the Trade Register today .",1,"A corresponding increase of 85,432.50 euros in Ahlstrom 's share capital has been entered in the Trade Register today ."
Operating profit improved by 39.9 % to EUR 18.0 mn from EUR12 .8 mn .,2,Operating profit improved by 39.9 % to EUR 18.0 mn from EUR12 .8 mn .
"The employer-employee talks concerned about 500 people , that is , the whole staff in Finland .",1,"The employer-employee talks concerned about 500 people , that is , the whole staff in Finland ."
The ISO certification demonstrates that we are moving forward in our quality commitments to our customers . ',2,The ISO certification demonstrates that we are moving forward in our quality commitments to our customers . '
Nokia Messaging 1.1 enables customers to receive e-mails from up to 10 e-mail accounts on their mobile phone supporting all POP or IMAP e-mail services .,1,Nokia Messaging 1.1 enables customers to receive e-mails from up to 10 e-mail accounts on their mobile phone supporting all POP or IMAP e-mail services .
Operating profit rose to EUR2 .4 m from EUR1 .6 m year earlier .,2,Operating profit rose to EUR2 .4 m from EUR1 .6 m year earlier .
"According to Nordic financial group Nordea 's analyst Sami Sarkamies , this makes Nokia 's portfolio competitive again .",2,"According to Nordic financial group Nordea 's analyst Sami Sarkamies , this makes Nokia 's portfolio competitive again ."
Elcoteq 's revenues in 2007 were approximately EUR 120 million .,1,Elcoteq 's revenues in 2007 were approximately EUR 120 million .
Quality chargers under CHARGZ brand are sold in selected retail stores and other sales locations world-wide .,1,Quality chargers under CHARGZ brand are sold in selected retail stores and other sales locations world-wide .
"The bank also expects additional costs , related to the Dash 8 - Q400 jets , which the group shelved in October 2007 .",1,"The bank also expects additional costs , related to the Dash 8 - Q400 jets , which the group shelved in October 2007 ."
Ruukki is restructuring commercial and industrial construction operations in pursuit of permanent improvements whilst adjusting operations to market conditions .,1,Ruukki is restructuring commercial and industrial construction operations in pursuit of permanent improvements whilst adjusting operations to market conditions .
You are warmly welcome !,1,You are warmly welcome !
"Tectia Corporation HEL : TEC1V , a provider of real-time security solutions , today announced that it has appointed LAN2LAN , a provider of IT services in the UK , to distribute its data security and manage file transfer software .",2,"Tectia Corporation HEL : TEC1V , a provider of real-time security solutions , today announced that it has appointed LAN2LAN , a provider of IT services in the UK , to distribute its data security and manage file transfer software ."
Financial details were not disclosed .,1,Financial details were not disclosed .
The Notice in its entirety with other proposals from the Nomination Committee and the Board will be published at least four weeks before 28 April on the company 's website and in Post - och Inrikes Tidningar and Dagens Industri .,1,The Notice in its entirety with other proposals from the Nomination Committee and the Board will be published at least four weeks before 28 April on the company 's website and in Post - och Inrikes Tidningar and Dagens Industri .
"One of the installed elevators will be a double-deck elevator , which enables more efficient use of the building 's core space .",2,"One of the installed elevators will be a double-deck elevator , which enables more efficient use of the building 's core space ."
"Finland-based companies , L+ñnnen Tehtaat and Raisio , have decided to dissolve the joint venture company ZAO Scandic Feed , which was established to start local animal feed business and feed production in northwest Russia .",1,"Finland-based companies , L+ñnnen Tehtaat and Raisio , have decided to dissolve the joint venture company ZAO Scandic Feed , which was established to start local animal feed business and feed production in northwest Russia ."
"`` P&O Ferries now has a very efficient and powerful vessel for its Dover to Calais route , '' head of the shipbuilder 's Rauma yard , Timo Suistio , said .",2,"`` P&O Ferries now has a very efficient and powerful vessel for its Dover to Calais route , '' head of the shipbuilder 's Rauma yard , Timo Suistio , said ."
"HK Ruokatalo produces many turkey products , such as cold cuts .",1,"HK Ruokatalo produces many turkey products , such as cold cuts ."
"Based on strong customer interest and feedback , using RPM mobile phone manufacturers , operators , enterprises and developer forums can significantly increase their product and service quality , user-experience and cost-efficiency '' , Tulonen continues .",2,"Based on strong customer interest and feedback , using RPM mobile phone manufacturers , operators , enterprises and developer forums can significantly increase their product and service quality , user-experience and cost-efficiency '' , Tulonen continues ."
"Unbelievably , the company that makes them - Fiskars Corporation - was formed in 1649 when a Dutch merchant named Peter Thorwoste was given a charter to establish a blast furnace and forging operation in the small Finnish village of Fiskars .",1,"Unbelievably , the company that makes them - Fiskars Corporation - was formed in 1649 when a Dutch merchant named Peter Thorwoste was given a charter to establish a blast furnace and forging operation in the small Finnish village of Fiskars ."
"Finnish L&T Recoil , a company specialising in used oil regeneration , is building a facility in Hamina in Finland in 2008 .",1,"Finnish L&T Recoil , a company specialising in used oil regeneration , is building a facility in Hamina in Finland in 2008 ."
"The business has sales of about ( Euro ) 35 million ( $ 44million ) , and has been responsible for sales and marketing of Lanxess 's paper chemicals business , which Kemira bought for ( Euro ) 88 million early this year ( CW , Jan. 11 , p. 22 ) .",1,"The business has sales of about ( Euro ) 35 million ( $ 44million ) , and has been responsible for sales and marketing of Lanxess 's paper chemicals business , which Kemira bought for ( Euro ) 88 million early this year ( CW , Jan. 11 , p. 22 ) ."
All reproduction for further distribution is prohibited .,1,All reproduction for further distribution is prohibited .
"M-real , which is part of Finnish paper maker Metsaliitto Group , is due to release its second-quarter report at around 12:00 EET on 5 August 2010 .",1,"M-real , which is part of Finnish paper maker Metsaliitto Group , is due to release its second-quarter report at around 12:00 EET on 5 August 2010 ."
The deliveries are scheduled for the summer and autumn of 2008 .,1,The deliveries are scheduled for the summer and autumn of 2008 .
Pretax profit rose to EUR 0.6 mn from EUR 0.4 mn in the corresponding period in 2005 .,2,Pretax profit rose to EUR 0.6 mn from EUR 0.4 mn in the corresponding period in 2005 .
"Target company : Tieto Corporation , Business Identity Code : 0101138-5 Date of change in holding : 22 January 2010 Portion of the shares and votes : The current group holding of OP-Pohjola Group Central Cooperative ( OPK ) is 2982 587 shares , which represents 4.14 % of the shares and voting rights .",1,"Target company : Tieto Corporation , Business Identity Code : 0101138-5 Date of change in holding : 22 January 2010 Portion of the shares and votes : The current group holding of OP-Pohjola Group Central Cooperative ( OPK ) is 2982 587 shares , which represents 4.14 % of the shares and voting rights ."
The bond has a value of EUR150m and a maturity of 4 years .,1,The bond has a value of EUR150m and a maturity of 4 years .
"The cooperation will involve Arena Partners buying a 35 % share of the new joint venture company , operating in Alma Media 's home sales , vehicle and consumer advertising marketplace businesses .",1,"The cooperation will involve Arena Partners buying a 35 % share of the new joint venture company , operating in Alma Media 's home sales , vehicle and consumer advertising marketplace businesses ."
"Financial Statements include the consolidated financial statements of the Group , the Board of Directors ' Report , the Auditors ' Report and the Corporate Governance Statement .",1,"Financial Statements include the consolidated financial statements of the Group , the Board of Directors ' Report , the Auditors ' Report and the Corporate Governance Statement ."
Rental of building equipment accounted for 88 percent of the operating income .,1,Rental of building equipment accounted for 88 percent of the operating income .
"Cargotec 's sales totalled EUR 3.4 billion in 2008 and it employs approximately 10,500 people .",1,"Cargotec 's sales totalled EUR 3.4 billion in 2008 and it employs approximately 10,500 people ."
Synergy benefits will start to materialise in the second quarter .,2,Synergy benefits will start to materialise in the second quarter .
"The Marubeni Group focuses on creating `` value chain '' from upstream to downstream , encompassing a wide variety of business fields , including oil & gas , metals , mineral resources , foods , pulp & paper and chemicals , among others .",1,"The Marubeni Group focuses on creating `` value chain '' from upstream to downstream , encompassing a wide variety of business fields , including oil & gas , metals , mineral resources , foods , pulp & paper and chemicals , among others ."
"Last year , 8.3 million passengers flew the airline , down 4 percent from 2007 .",0,"Last year , 8.3 million passengers flew the airline , down 4 percent from 2007 ."
The company expects net sales of 65 mln euro ( $ 85.1 mln ) for 2006 .,1,The company expects net sales of 65 mln euro ( $ 85.1 mln ) for 2006 .
Finnish Raute Precision that supplies weighing and dosing systems and plants is changing its name to Lahti Precision .,1,Finnish Raute Precision that supplies weighing and dosing systems and plants is changing its name to Lahti Precision .
- I am pleased that Bjorn Wahlroos has accepted the nomination .,2,- I am pleased that Bjorn Wahlroos has accepted the nomination .
Financial terms were n't disclosed .,1,Financial terms were n't disclosed .
Operating profit fell to EUR 15.1 mn from EUR 24.6 mn in 2006 .,0,Operating profit fell to EUR 15.1 mn from EUR 24.6 mn in 2006 .
"The Internal Revenue Service sees about 20 percent of all taxpayers wait until the last two weeks to file , with about 40 million returns filed in April .",1,"The Internal Revenue Service sees about 20 percent of all taxpayers wait until the last two weeks to file , with about 40 million returns filed in April ."
Operating profit excluding non-recurring items increased by 27 % to EUR 81.9 mn from EUR 64.4 mn in the corresponding period in 2008 .,2,Operating profit excluding non-recurring items increased by 27 % to EUR 81.9 mn from EUR 64.4 mn in the corresponding period in 2008 .
The duration of the contract is 37 months .,1,The duration of the contract is 37 months .
"It comes complete with an LCD touch screen system for selection of your chosen function and prices start at around the pounds 4,805 mark .",1,"It comes complete with an LCD touch screen system for selection of your chosen function and prices start at around the pounds 4,805 mark ."
"Operating profit was EUR -0.1 mn , down from EUR 1.3 mn .",0,"Operating profit was EUR -0.1 mn , down from EUR 1.3 mn ."
"At 1.33 pm , the OMX Helsinki 25 was 0.30 pct lower at 2,463.67 and the OMX Helsinki was down 0.37 pct at 8,537.42 on volume of 256 mln eur .",0,"At 1.33 pm , the OMX Helsinki 25 was 0.30 pct lower at 2,463.67 and the OMX Helsinki was down 0.37 pct at 8,537.42 on volume of 256 mln eur ."
"According to its notice , Skandinaviska Enskilda Banken AB publ Helsinki Branch has on 10 August 2009 divested in total 11,958,000 Alma Media shares to Ilkka-Yhtyma Oyj and Kaleva Kustannus Oy , as the conditions of the agreement made by the companies on 1 July 2009 fulfilled .",1,"According to its notice , Skandinaviska Enskilda Banken AB publ Helsinki Branch has on 10 August 2009 divested in total 11,958,000 Alma Media shares to Ilkka-Yhtyma Oyj and Kaleva Kustannus Oy , as the conditions of the agreement made by the companies on 1 July 2009 fulfilled ."
"Cohen & Steers , Inc. : 5 534 530 shares representing 4.985 % of the share capital and voting rights .",1,"Cohen & Steers , Inc. : 5 534 530 shares representing 4.985 % of the share capital and voting rights ."
"Finnish Scanfil , a systems supplier and contract manufacturer to the communications sector and the electronics industry , reports net sales of EUR 49.6 mn in the first quarter of 2009 , which are only a per cent smaller than in the corresponding period in 2008 .",0,"Finnish Scanfil , a systems supplier and contract manufacturer to the communications sector and the electronics industry , reports net sales of EUR 49.6 mn in the first quarter of 2009 , which are only a per cent smaller than in the corresponding period in 2008 ."
"Foundries division reports its sales increased by 9.7 % to EUR 63.1 mn from EUR 57.5 mn in the corresponding period in 2006 , and sales of the Machine Shop division increased by 16.4 % to EUR 41.2 mn from EUR 35.4 mn in the corresponding period in 2006 .",2,"Foundries division reports its sales increased by 9.7 % to EUR 63.1 mn from EUR 57.5 mn in the corresponding period in 2006 , and sales of the Machine Shop division increased by 16.4 % to EUR 41.2 mn from EUR 35.4 mn in the corresponding period in 2006 ."
"`` However , the rapidly increasing costs and the strengthening of the euro were challenging for the whole industry , and they impacted on our results . ''",0,"`` However , the rapidly increasing costs and the strengthening of the euro were challenging for the whole industry , and they impacted on our results . ''"
The cranes would be installed onboard two freighters ordered by Singaporean ship owner Masterbulk .,1,The cranes would be installed onboard two freighters ordered by Singaporean ship owner Masterbulk .
The company will also be compensated for acting as a reserve batch plant .,2,The company will also be compensated for acting as a reserve batch plant .
"Metsaliitto will sell 1.1 million B shares of Neomarkka , accounting for about 18.3 pct of Neomarkka 's equity and about 12.7 pct of the voting rights .",1,"Metsaliitto will sell 1.1 million B shares of Neomarkka , accounting for about 18.3 pct of Neomarkka 's equity and about 12.7 pct of the voting rights ."
"Both operating profit and turnover for the nine-month period increased , respectively from EUR2 .4 m and EUR43 .8 m , as compared to the corresponding period a year ago .",2,"Both operating profit and turnover for the nine-month period increased , respectively from EUR2 .4 m and EUR43 .8 m , as compared to the corresponding period a year ago ."
"MD Henning Bahr of Stockmann Gruppen praises the trend , since the chains become stronger and their decision-making processes more clear .",2,"MD Henning Bahr of Stockmann Gruppen praises the trend , since the chains become stronger and their decision-making processes more clear ."
"New Delhi , July 17 -- Sahlberg Teppo , Kallio Timo and Mustonen Tuomas of M Real OYJ , Espoo , Finland have developed novel markings and methods of producing the same .",1,"New Delhi , July 17 -- Sahlberg Teppo , Kallio Timo and Mustonen Tuomas of M Real OYJ , Espoo , Finland have developed novel markings and methods of producing the same ."
"Result before taxes decreased to nearly EUR 14.5 mn , compared to nearly EUR 20mn in the previous accounting period .",0,"Result before taxes decreased to nearly EUR 14.5 mn , compared to nearly EUR 20mn in the previous accounting period ."
"The second variant offers complete final finishing of any selected apartment with foreign high quality materials ( Finland , Denmark , Germany , France ) .",1,"The second variant offers complete final finishing of any selected apartment with foreign high quality materials ( Finland , Denmark , Germany , France ) ."
"`` That 's a very high figure on the European scale , '' Noop said , recalling however that this also includes beer bought by Finnish tourists .",1,"`` That 's a very high figure on the European scale , '' Noop said , recalling however that this also includes beer bought by Finnish tourists ."
Finnish media company Talentum Oyj 's net profit decreased to 2.5 mln euro ( $ 4.0 mln ) for the first quarter of 2008 from 3.0 mln euro ( $ 4.7 mln ) for the same period of 2007 .,0,Finnish media company Talentum Oyj 's net profit decreased to 2.5 mln euro ( $ 4.0 mln ) for the first quarter of 2008 from 3.0 mln euro ( $ 4.7 mln ) for the same period of 2007 .
"In Q1 of 2009 , the company 's operating loss totalled EUR 0.3 mn , compared to a profit of EUR 3.6 mn in Q1 of 2008 .",0,"In Q1 of 2009 , the company 's operating loss totalled EUR 0.3 mn , compared to a profit of EUR 3.6 mn in Q1 of 2008 ."
The power generated annually by Loviisa covers about 10 % of Finland 's electricity consumption .,1,The power generated annually by Loviisa covers about 10 % of Finland 's electricity consumption .
"Outotec 's delivery covers the engineering , supply and construction of a circulating fluid bed calcination plant with a capacity of 1,600 tons of alumina per day .",1,"Outotec 's delivery covers the engineering , supply and construction of a circulating fluid bed calcination plant with a capacity of 1,600 tons of alumina per day ."
There have not been previous share subscriptions with 2004 stock options .,1,There have not been previous share subscriptions with 2004 stock options .
No more waste-burning facilities should be built .,1,No more waste-burning facilities should be built .
Satama and Trainers ' House will remain as names and independent brands of the business areas .,1,Satama and Trainers ' House will remain as names and independent brands of the business areas .
The fair value of the company 's investment properties went down to EUR2 .769 bn at the end of September 2009 from EUR2 .878 bn a year earlier .,0,The fair value of the company 's investment properties went down to EUR2 .769 bn at the end of September 2009 from EUR2 .878 bn a year earlier .
"`` We have come out with a decision which is based on our preliminary economic , operational and environmental findings , '' Karvinen said .",1,"`` We have come out with a decision which is based on our preliminary economic , operational and environmental findings , '' Karvinen said ."
The inventor was issued U.S. Patent No. .,1,The inventor was issued U.S. Patent No. .
6 October 2010 - Finnish paints and coatings company Tikkurila Oyj HEL : TIK1V announced today the launch of Tikkurila ProHouse method for protection of wooden surfaces via treatment with Ultra Pro waterborne products .,1,6 October 2010 - Finnish paints and coatings company Tikkurila Oyj HEL : TIK1V announced today the launch of Tikkurila ProHouse method for protection of wooden surfaces via treatment with Ultra Pro waterborne products .
"The market making in accordance with the agreement will begin on September 24 , 2009 .",1,"The market making in accordance with the agreement will begin on September 24 , 2009 ."
"ALEXANDRIA , Va. , March 20 -- Patrik Flykt and Timo Alakoski , both of Helsinki , Finland , and Tapio Suihko and Nadarajah Asokan , both of Espoo , Finland , have developed a method of mobility support of Internet-type protocol traffic in a communication system .",1,"ALEXANDRIA , Va. , March 20 -- Patrik Flykt and Timo Alakoski , both of Helsinki , Finland , and Tapio Suihko and Nadarajah Asokan , both of Espoo , Finland , have developed a method of mobility support of Internet-type protocol traffic in a communication system ."
The sale will lead to a pretax capital gain of EUR 22 million for the Finnish company in 2011 .,2,The sale will lead to a pretax capital gain of EUR 22 million for the Finnish company in 2011 .
"Rinkuskiai raised the sales by 18.1 percent , to 1.37 million liters , while the sales of Kauno Alus grew by 14.3 percent , to 960,000 liters .",2,"Rinkuskiai raised the sales by 18.1 percent , to 1.37 million liters , while the sales of Kauno Alus grew by 14.3 percent , to 960,000 liters ."
"2010 16 July 2010 - Finnish steel maker Rautaruukki Oyj HEL : RTRKS , or Ruukki , said today it turned to a net profit of EUR20m in the second quarter of 2010 from a net loss of EUR94m in the corresponding period last year .",2,"2010 16 July 2010 - Finnish steel maker Rautaruukki Oyj HEL : RTRKS , or Ruukki , said today it turned to a net profit of EUR20m in the second quarter of 2010 from a net loss of EUR94m in the corresponding period last year ."
"The EU Commission said earlier it had fined ThyssenKrupp , United Technologies Corp 's Otis , Schindler AG and Kone Oyj a total of 992.3 mln eur for alleged cartel activity in the lift market going back twelve years .",0,"The EU Commission said earlier it had fined ThyssenKrupp , United Technologies Corp 's Otis , Schindler AG and Kone Oyj a total of 992.3 mln eur for alleged cartel activity in the lift market going back twelve years ."
18 March 2010 A leakage in the gypsum pond was detected today at the Talvivaara mine .,0,18 March 2010 A leakage in the gypsum pond was detected today at the Talvivaara mine .
Componenta will also offer a five-year subordinated loan for subscription by the public .,1,Componenta will also offer a five-year subordinated loan for subscription by the public .
The company also said that in Poland a profitability program has been launched at the Oborniki steel frame and sandwich panel plant .,2,The company also said that in Poland a profitability program has been launched at the Oborniki steel frame and sandwich panel plant .
"Talvik says the relocation of application programs on servers will continue , while HP servers were approved because of HP supplying a tailor-made solution to Elisa .",1,"Talvik says the relocation of application programs on servers will continue , while HP servers were approved because of HP supplying a tailor-made solution to Elisa ."
"The pilot project proved that RIFD technology is ideal for our purposes '' , comments Olli Saarinen , Material Handling Supervisor at Yara .",2,"The pilot project proved that RIFD technology is ideal for our purposes '' , comments Olli Saarinen , Material Handling Supervisor at Yara ."
The company will enhance the GPRS capability in the existing 12 IDEA telecom service areas and add 10 more service areas to its network .,2,The company will enhance the GPRS capability in the existing 12 IDEA telecom service areas and add 10 more service areas to its network .
"Operating profit excluding non-recurring items amounted to EUR 40.6 mn , down from EUR 57.3 mn year-on-year .",0,"Operating profit excluding non-recurring items amounted to EUR 40.6 mn , down from EUR 57.3 mn year-on-year ."
"The venture , which will be 51 % owned by Kemira and 49 % by IVRCL , will operate an inorganic coagulant manufacturing facility , to be built in Vishakapatnam Vizag in the state of Andhra Pradesh and to kick off operations in the second half of 2011 .",1,"The venture , which will be 51 % owned by Kemira and 49 % by IVRCL , will operate an inorganic coagulant manufacturing facility , to be built in Vishakapatnam Vizag in the state of Andhra Pradesh and to kick off operations in the second half of 2011 ."
"ALEXANDRIA , Va. , March 15 -- Jaakko Vilo of Turku , Finland , has developed a panel press .",1,"ALEXANDRIA , Va. , March 15 -- Jaakko Vilo of Turku , Finland , has developed a panel press ."
Niam offer financial investors a high return via investments in funds that in turn invest in all types of properties .,1,Niam offer financial investors a high return via investments in funds that in turn invest in all types of properties .
It is expected to be online by 2011 .,1,It is expected to be online by 2011 .
"STORA ENSO , NORSKE SKOG , M-REAL , UPM-KYMMENE Credit Suisse First Boston ( CFSB ) raised the fair value for shares in four of the largest Nordic forestry groups .",2,"STORA ENSO , NORSKE SKOG , M-REAL , UPM-KYMMENE Credit Suisse First Boston ( CFSB ) raised the fair value for shares in four of the largest Nordic forestry groups ."
"According to Seikku , the retail sector in Finland is controlled by 3-4 large actors , while food manufacturers are still relatively small .",1,"According to Seikku , the retail sector in Finland is controlled by 3-4 large actors , while food manufacturers are still relatively small ."
Stora Enso 's third-quarter pre-tax profit doubled to EUR 197mn .,2,Stora Enso 's third-quarter pre-tax profit doubled to EUR 197mn .
A quick `` one-stop-shop '' to understand the company .,1,A quick `` one-stop-shop '' to understand the company .
"Rinkuskiai 's beer sales fell by 6.5 per cent to 4.16 million litres , while Kauno Alus ' beer sales jumped by 6.9 per cent to 2.48 million litres .",1,"Rinkuskiai 's beer sales fell by 6.5 per cent to 4.16 million litres , while Kauno Alus ' beer sales jumped by 6.9 per cent to 2.48 million litres ."
"As a result , the company has decided it will implement fixed-term temporary lay-offs .",0,"As a result , the company has decided it will implement fixed-term temporary lay-offs ."
"After the split , the number of K shares will be 9 540 000 and the number of A shares 26 885 540 .",1,"After the split , the number of K shares will be 9 540 000 and the number of A shares 26 885 540 ."
"Compagnie de Financement Foncier - Is to issue a benchmark , 10 year covered deal in Euros .",1,"Compagnie de Financement Foncier - Is to issue a benchmark , 10 year covered deal in Euros ."
TELE2 Affarsvarlden gave a `` buy '' recommendation on mobile operator Tele2 AB and a share price target of 142 crowns ( $ 23.54 - 15.19 euro ) .,2,TELE2 Affarsvarlden gave a `` buy '' recommendation on mobile operator Tele2 AB and a share price target of 142 crowns ( $ 23.54 - 15.19 euro ) .
"Country : , Switzerland Sector : Pharmaceuticals Target : Synosia Therapeutics Holding AG Buyer : Biotie Therapies Corp Deal size in USD : 129.4 m Type : Corporate acquisition Financing : All-stock Status : Closed",1,"Country : , Switzerland Sector : Pharmaceuticals Target : Synosia Therapeutics Holding AG Buyer : Biotie Therapies Corp Deal size in USD : 129.4 m Type : Corporate acquisition Financing : All-stock Status : Closed"
Nordea Group 's operating profit increased in 2010 by 18 percent year-on-year to 3.64 billion euros and total revenue by 3 percent to 9.33 billion euros .,2,Nordea Group 's operating profit increased in 2010 by 18 percent year-on-year to 3.64 billion euros and total revenue by 3 percent to 9.33 billion euros .
Finnish metal components supplier Componenta Oyj said its net profit went up to 3.5 mln euro $ 4.5 mln in 2006 from 2.2 mln euro $ 2.8 mln in 2005 .,2,Finnish metal components supplier Componenta Oyj said its net profit went up to 3.5 mln euro $ 4.5 mln in 2006 from 2.2 mln euro $ 2.8 mln in 2005 .
"Russian export duties will activate harvesting in Finland , and sales in Russia will increase also .",2,"Russian export duties will activate harvesting in Finland , and sales in Russia will increase also ."
"The company is involved in the the sale of financial products including insurance , mortgages , car and personal loans , financial brokerage and equipment finance leasing .",1,"The company is involved in the the sale of financial products including insurance , mortgages , car and personal loans , financial brokerage and equipment finance leasing ."
"Seppala 's revenue increased by 0.2 % to EUR10 .1 m. In Finland , revenue went down by 2.4 % to EUR6 .8 m , while sales abroad rose by 6.2 % to EUR3 .3 m. Sales increased in all the Baltic countries as well as in Russia and Ukraine .",2,"Seppala 's revenue increased by 0.2 % to EUR10 .1 m. In Finland , revenue went down by 2.4 % to EUR6 .8 m , while sales abroad rose by 6.2 % to EUR3 .3 m. Sales increased in all the Baltic countries as well as in Russia and Ukraine ."
"Of course , you 'll have direct access to Nokia 's Ovi store , so you 'll have lots of fun downloading your favorite media .",1,"Of course , you 'll have direct access to Nokia 's Ovi store , so you 'll have lots of fun downloading your favorite media ."
"Finnish financial software developer Basware Oyj said today it will provide its invoice automation ( IA ) solution to an unnamed major retail company in the USA in a deal , worth more than EUR300 ,000 .",2,"Finnish financial software developer Basware Oyj said today it will provide its invoice automation ( IA ) solution to an unnamed major retail company in the USA in a deal , worth more than EUR300 ,000 ."
"Founded in 1985 , Quatrocon 's clientele consists of public sector builders , central trading companies and major construction firms .",1,"Founded in 1985 , Quatrocon 's clientele consists of public sector builders , central trading companies and major construction firms ."
The company also estimates the already carried out investments to lead to an increase in its net sales for 2010 from 2009 when they reached EUR 141.7 million .,2,The company also estimates the already carried out investments to lead to an increase in its net sales for 2010 from 2009 when they reached EUR 141.7 million .
"Jun. 25 , 2008 ( Boy Genius Report delivered by Newstex ) -- The Nokia ( NYSE : NOK ) N78 , huh ?",1,"Jun. 25 , 2008 ( Boy Genius Report delivered by Newstex ) -- The Nokia ( NYSE : NOK ) N78 , huh ?"
"production facilities 6 July 2010 - Finnish investment group Neomarkka Oyj ( HEL : NEMBV ) said today that it will buy the former production facilities of Kuitu Finland Ltd , as part of negotiations on the option to invest in specialty cellulose fiber business .",1,"production facilities 6 July 2010 - Finnish investment group Neomarkka Oyj ( HEL : NEMBV ) said today that it will buy the former production facilities of Kuitu Finland Ltd , as part of negotiations on the option to invest in specialty cellulose fiber business ."
The impact on TietoEnator 's net sales for 2008 from the purchase is expected to be some 11 mln euro $ 15.9 mln .,1,The impact on TietoEnator 's net sales for 2008 from the purchase is expected to be some 11 mln euro $ 15.9 mln .
The contract value amounts to EUR 2.4 million .,1,The contract value amounts to EUR 2.4 million .
Managing Director Timo Kohtam+ñki of Lemmink+ñinen Infra nevertheless points out the continued need for infrastructure construction in the Baltic markets .,1,Managing Director Timo Kohtam+ñki of Lemmink+ñinen Infra nevertheless points out the continued need for infrastructure construction in the Baltic markets .
"Finnish pulp and paper machinery maker Vaahto Group Oyj swung to a 1.1 mln euro $ 1.4 mln net profit in the fiscal 2005-06 , ended August 31 , 2006 , from a 249,000 euro $ 319,000 net loss in the fiscal 2004-05 .",2,"Finnish pulp and paper machinery maker Vaahto Group Oyj swung to a 1.1 mln euro $ 1.4 mln net profit in the fiscal 2005-06 , ended August 31 , 2006 , from a 249,000 euro $ 319,000 net loss in the fiscal 2004-05 ."
The company expects its net sales in 2008 to increase 5-10 % from 2007 .,2,The company expects its net sales in 2008 to increase 5-10 % from 2007 .
"In the Czech Republic , the smaller profiling unit at Ostrava will be closed and the machinery will be gradually relocated to Ruukki 's bigger plants in Hungary , Poland and Romania by the end of the first quarter of 2009 .",1,"In the Czech Republic , the smaller profiling unit at Ostrava will be closed and the machinery will be gradually relocated to Ruukki 's bigger plants in Hungary , Poland and Romania by the end of the first quarter of 2009 ."
"Sukhraj Dulai , of the 2900 block of Boni Sue Court , a cul-de-sac on the city 's north side , started the vehicle and went inside his house about 8 a.m. Tuesday , leaving the garage door open .",1,"Sukhraj Dulai , of the 2900 block of Boni Sue Court , a cul-de-sac on the city 's north side , started the vehicle and went inside his house about 8 a.m. Tuesday , leaving the garage door open ."
The first charging stations will be made available already in 2008 and a whole network is to be ready in 2010 .,1,The first charging stations will be made available already in 2008 and a whole network is to be ready in 2010 .
"For 2009 , net profit was EUR 3 million and the company paid a dividend of EUR 1.30 apiece .",1,"For 2009 , net profit was EUR 3 million and the company paid a dividend of EUR 1.30 apiece ."
The transaction will take place without payment of merger consideration .,1,The transaction will take place without payment of merger consideration .
The sale price was not disclosed .,1,The sale price was not disclosed .
The company reiterates its outlook for 2009 .,1,The company reiterates its outlook for 2009 .
"Jarmo Honkamaa , head of the oil refining business at Neste Oil , says the situation looks promising from their viewpoint .",2,"Jarmo Honkamaa , head of the oil refining business at Neste Oil , says the situation looks promising from their viewpoint ."
The MET is located in the Central Business District ( CBD ) of Bangkok .,1,The MET is located in the Central Business District ( CBD ) of Bangkok .
Finnish OKO bank has signed a cooperation agreement with Raiffeisen concerning Finnish companies ' investments in Russia .,2,Finnish OKO bank has signed a cooperation agreement with Raiffeisen concerning Finnish companies ' investments in Russia .
The share subscription period for C options will commence on 1 September 2008 and expire on 31 March 2011 .,1,The share subscription period for C options will commence on 1 September 2008 and expire on 31 March 2011 .
"The negotiation has resulted in the reduction of 80 people in regular employment , around half of which will be covered with pension arrangements .",0,"The negotiation has resulted in the reduction of 80 people in regular employment , around half of which will be covered with pension arrangements ."
Another noticeable thing is that the search for Tata and Airtel brands was mostly related to ` broadband connections ' .,1,Another noticeable thing is that the search for Tata and Airtel brands was mostly related to ` broadband connections ' .
Nokia and Elisa will work together to bring a superior mobile gaming experience for Elisa customers .,2,Nokia and Elisa will work together to bring a superior mobile gaming experience for Elisa customers .
"`` After the share purchase is completed , financing will also be provided to expand Latvia 's broadband infrastructure and to develop new areas of business , including acquisitions of other companies . ''",2,"`` After the share purchase is completed , financing will also be provided to expand Latvia 's broadband infrastructure and to develop new areas of business , including acquisitions of other companies . ''"
The total value of the deal is USD 29mn .,1,The total value of the deal is USD 29mn .
Orion 's net profit for the third quarter of 2007 decreased to 36.5 mln euro ( $ 52.1 mln ) from 40.3 mln euro ( $ 57.5 mln ) a year earlier .,0,Orion 's net profit for the third quarter of 2007 decreased to 36.5 mln euro ( $ 52.1 mln ) from 40.3 mln euro ( $ 57.5 mln ) a year earlier .
SWOT analysis is just one method of categorization and has its own weaknesses .,1,SWOT analysis is just one method of categorization and has its own weaknesses .
The Diameter Protocol is developed according to the standards IETF RFC 3588 and IETF RFC 3539 .,1,The Diameter Protocol is developed according to the standards IETF RFC 3588 and IETF RFC 3539 .
1 Block lamp Harri Koskinen 's light was introduced in 1996 and has been a bestseller ever since .,2,1 Block lamp Harri Koskinen 's light was introduced in 1996 and has been a bestseller ever since .
"Technopolis and the St. Petersburg government signed a cooperation memorandum in October 2005 to set up a techno-park in the Neudorf production zone in the village of Strelny , in the St. Petersburg suburbs .",2,"Technopolis and the St. Petersburg government signed a cooperation memorandum in October 2005 to set up a techno-park in the Neudorf production zone in the village of Strelny , in the St. Petersburg suburbs ."
"H+Ñkan Dahlstr+Âm , head of mobility services at TeliaSonera , has forecast that mobile data volume on the TeliaSonera network in Sweden will rise eight-fold to 200,000 TB by 2014 .",2,"H+Ñkan Dahlstr+Âm , head of mobility services at TeliaSonera , has forecast that mobile data volume on the TeliaSonera network in Sweden will rise eight-fold to 200,000 TB by 2014 ."
"The manufacture of CPPs will be undertaken at the existing Export Oriented Unit EOU at Wartsila 's factory at Khopoli , near Mumbai .",1,"The manufacture of CPPs will be undertaken at the existing Export Oriented Unit EOU at Wartsila 's factory at Khopoli , near Mumbai ."
"Weber convinced his friend Ray Ostrom , who owned a Lake Street sporting goods store , to sell the lures .",1,"Weber convinced his friend Ray Ostrom , who owned a Lake Street sporting goods store , to sell the lures ."
This includes a EUR 39.5 mn change in the fair value of investment properties .,1,This includes a EUR 39.5 mn change in the fair value of investment properties .
Odell has not contacted the State of Finland in this issue .,1,Odell has not contacted the State of Finland in this issue .
"LONDON AFX - UK and European brokers ' recommendations issued today , as collated by AFX News from a range of market sources .",1,"LONDON AFX - UK and European brokers ' recommendations issued today , as collated by AFX News from a range of market sources ."
"HELSINKI AFX - Salcomp , the mobile phone charger manufacturer , said it has appointed Markku Hangasjarvi as its new CEO , following the resignation of Mats Eriksson .",1,"HELSINKI AFX - Salcomp , the mobile phone charger manufacturer , said it has appointed Markku Hangasjarvi as its new CEO , following the resignation of Mats Eriksson ."
Biohit already services many current Genesis customers and the customer base is expected to expand as a result of this agreement .,2,Biohit already services many current Genesis customers and the customer base is expected to expand as a result of this agreement .
The company negotiated an amendment to the financial covenants of the present credit agreements in regard to the situation on 30 September 2010 .,1,The company negotiated an amendment to the financial covenants of the present credit agreements in regard to the situation on 30 September 2010 .
"The business idea of Budget Sport is to offer customers a wide range of high-quality sports equipment and clothing at low prices , the company said .",1,"The business idea of Budget Sport is to offer customers a wide range of high-quality sports equipment and clothing at low prices , the company said ."
"The upgrade is intended to raise the network capacity from 450 MHz to 630 MHz in several cities , enabling bi-directional services for digital television as well as broadband data .",2,"The upgrade is intended to raise the network capacity from 450 MHz to 630 MHz in several cities , enabling bi-directional services for digital television as well as broadband data ."
"If the employee leaves the company within the duration of the cover , the money invested to ensure commitment is returned to the company .",1,"If the employee leaves the company within the duration of the cover , the money invested to ensure commitment is returned to the company ."
"UPM-Kymmene www.upm-kymmene.com produces magazine papers and newsprint , as well as fine and specialty papers , converting materials and wood products .",1,"UPM-Kymmene www.upm-kymmene.com produces magazine papers and newsprint , as well as fine and specialty papers , converting materials and wood products ."
"Tekla provides 3D software for building and infrastructure engineering , with a focus on building information modelling of steel and concrete structures from design to construction .",1,"Tekla provides 3D software for building and infrastructure engineering , with a focus on building information modelling of steel and concrete structures from design to construction ."
The expanded plant is scheduled to be operational by the middle of October 2009 .,1,The expanded plant is scheduled to be operational by the middle of October 2009 .
"The total value of the agreement is USD4 .0 m , the company said .",1,"The total value of the agreement is USD4 .0 m , the company said ."
Active shipping is essential for Finland .,1,Active shipping is essential for Finland .
"The respondents praised Finnair 's reliability , Finnishness , and understanding of its target group .",2,"The respondents praised Finnair 's reliability , Finnishness , and understanding of its target group ."
"Our customers come from the following countries : UK , USA , Spain , France , Italy , Germany , China , Hong Kong , Sweden , Norway , Netherlands , Austria , Belgium , Switzerland , Czech Republic , Finland , Canada , Russia , Ukraine , Denmark , Ireland , South Korea and Liechtenstein .",1,"Our customers come from the following countries : UK , USA , Spain , France , Italy , Germany , China , Hong Kong , Sweden , Norway , Netherlands , Austria , Belgium , Switzerland , Czech Republic , Finland , Canada , Russia , Ukraine , Denmark , Ireland , South Korea and Liechtenstein ."
"According to the Finnish-Russian Chamber of Commerce , all the major construction companies of Finland are operating in Russia .",1,"According to the Finnish-Russian Chamber of Commerce , all the major construction companies of Finland are operating in Russia ."
"In addition to supplying a new headbox and a modern sizing and coating unit , Vaahto Group will provide erection supervision , training and start-up services .",1,"In addition to supplying a new headbox and a modern sizing and coating unit , Vaahto Group will provide erection supervision , training and start-up services ."
"Finnish lifting equipment maker Konecranes Oyj said on July 30 , 2008 that its net profit rose to 71.2 mln euro ( $ 111.1 mln ) for the first half of 2008 from 57.1 mln euro ( $ 89.1 mln ) for the same period of 2007 .",2,"Finnish lifting equipment maker Konecranes Oyj said on July 30 , 2008 that its net profit rose to 71.2 mln euro ( $ 111.1 mln ) for the first half of 2008 from 57.1 mln euro ( $ 89.1 mln ) for the same period of 2007 ."
Technopolis has approximately 130 customer companies in Jyvaskyla .,1,Technopolis has approximately 130 customer companies in Jyvaskyla .
The company operates power plants in the Tyumen and Chelyabinsk regions and in the Khanty-Mansi Autonomous District .,1,The company operates power plants in the Tyumen and Chelyabinsk regions and in the Khanty-Mansi Autonomous District .
"October-December sales were 302 mln eur , or a 25.3 pct increase year on year .",2,"October-December sales were 302 mln eur , or a 25.3 pct increase year on year ."
DMASIA-16 August 2006-Benefon extends manufacturing capability with ASMobile -® 2006 Digitalmediaasia.com & DMA Ltd. .,2,DMASIA-16 August 2006-Benefon extends manufacturing capability with ASMobile -® 2006 Digitalmediaasia.com & DMA Ltd. .
"According to the company 's updated strategy for the years 2009-2012 , Basware targets a long-term net sales growth in the range of 20 % -40 % with an operating profit margin of 10 % -20 % of net sales .",2,"According to the company 's updated strategy for the years 2009-2012 , Basware targets a long-term net sales growth in the range of 20 % -40 % with an operating profit margin of 10 % -20 % of net sales ."
Finnish lifting equipment maker Konecranes HEL : KCR1V said on 29 July 2009 it has raised its stake in Austrian manipulator maker ACS Konecranes to 80 % and bought German sector player Knight Europe .,2,Finnish lifting equipment maker Konecranes HEL : KCR1V said on 29 July 2009 it has raised its stake in Austrian manipulator maker ACS Konecranes to 80 % and bought German sector player Knight Europe .
"`` We have tailored our solutions to meet Solel 's technical requirements , and the result is both cost-effective manufacturing and highest-quality reflectors . ''",2,"`` We have tailored our solutions to meet Solel 's technical requirements , and the result is both cost-effective manufacturing and highest-quality reflectors . ''"
"This new deal has strengthened the partnership from Telemig Celular and Tecnomen , which it has started since the beginning of Telemig 's prepaid operations .",2,"This new deal has strengthened the partnership from Telemig Celular and Tecnomen , which it has started since the beginning of Telemig 's prepaid operations ."
The Elcoteq group recently announced that the last three months of the previous year brought to it a major loss of more than half a billion kroons ( EUR 32 mln ) for the fifth quarter running .,0,The Elcoteq group recently announced that the last three months of the previous year brought to it a major loss of more than half a billion kroons ( EUR 32 mln ) for the fifth quarter running .
"Based on the design of previous handsets , the Nokia E72 and Nokia E63 this Symbian-based model is promised to offer direct access to over 90 per cent of the world s corporate email through Mail for Exchange and IBM Lotus Notes Traveler .",1,"Based on the design of previous handsets , the Nokia E72 and Nokia E63 this Symbian-based model is promised to offer direct access to over 90 per cent of the world s corporate email through Mail for Exchange and IBM Lotus Notes Traveler ."
"India 's trade with Russia currently stands at four billion dollars , growing 9.6 per cent in fiscal 2007 .",2,"India 's trade with Russia currently stands at four billion dollars , growing 9.6 per cent in fiscal 2007 ."
"Founded in 1649 , Fiskars has over 360 years of product quality excellence and is Finland 's oldest company .",1,"Founded in 1649 , Fiskars has over 360 years of product quality excellence and is Finland 's oldest company ."
"Liquid handling products include electronic and mechanical pipettes , disposable tips as well as pipette maintenance and calibration services for research institutions , healthcare and industrial laboratories .",1,"Liquid handling products include electronic and mechanical pipettes , disposable tips as well as pipette maintenance and calibration services for research institutions , healthcare and industrial laboratories ."
"The OMX Nordic 40 OMXN40 index , comprising the 40 most traded Nordic stocks on the Nasdaq OMX exchange , closed down 0.87 % at 1,064.14 points on Thursday .",0,"The OMX Nordic 40 OMXN40 index , comprising the 40 most traded Nordic stocks on the Nasdaq OMX exchange , closed down 0.87 % at 1,064.14 points on Thursday ."
"The company is also seeking possibilities to relocate the Luumaki personnel , some 50 people , to other UPM mills .",1,"The company is also seeking possibilities to relocate the Luumaki personnel , some 50 people , to other UPM mills ."
"At the seminar , a memorandum of understanding on co-operation was signed between the Finnish Kemira Company and Vietnam National Chemical Corporation .",2,"At the seminar , a memorandum of understanding on co-operation was signed between the Finnish Kemira Company and Vietnam National Chemical Corporation ."
Profit for the period fell to EUR 1.6 mn from EUR 7.5 mn in January-September 2008 .,0,Profit for the period fell to EUR 1.6 mn from EUR 7.5 mn in January-September 2008 .
"PCS Digital Guatemala has been using Tecnomen 's prepaid system in Telgua fixed networks as well as code division multiple access , or CDMA , and global system for mobile communication , or GSM , since 2003 .",1,"PCS Digital Guatemala has been using Tecnomen 's prepaid system in Telgua fixed networks as well as code division multiple access , or CDMA , and global system for mobile communication , or GSM , since 2003 ."
"In the Baltic countries , Atria 's target is organic growth .",1,"In the Baltic countries , Atria 's target is organic growth ."
"Featuring the S60 user interface , this 135-gram model also comes with a 2.4-inch quarter VGA display and 100 megabytes of internal memory , expandable through the Micro Secure Digital slot .",1,"Featuring the S60 user interface , this 135-gram model also comes with a 2.4-inch quarter VGA display and 100 megabytes of internal memory , expandable through the Micro Secure Digital slot ."
"The project will be a 2 x 600 MW coal-fired power plant , located some 420 km south of Hanoi , the company said .",1,"The project will be a 2 x 600 MW coal-fired power plant , located some 420 km south of Hanoi , the company said ."
"The EBRD is using its own funds to provide a 21.6 million A loan while the B portion of 10 million Euros has been syndicated to two Finnish commercial banks , Nordea Bank Finland Plc 7.7 million Euros and Pohjola Bank Plc 2.3 million Euros .",1,"The EBRD is using its own funds to provide a 21.6 million A loan while the B portion of 10 million Euros has been syndicated to two Finnish commercial banks , Nordea Bank Finland Plc 7.7 million Euros and Pohjola Bank Plc 2.3 million Euros ."
"Adjusted for changes in the Group structure , the Division 's net sales increased by 1.7 % .",2,"Adjusted for changes in the Group structure , the Division 's net sales increased by 1.7 % ."
"China Unicom , NYSE : CHU , HKSE : 0762 , and SHSE : 600050 , the second largest mobile carrier in the country .",1,"China Unicom , NYSE : CHU , HKSE : 0762 , and SHSE : 600050 , the second largest mobile carrier in the country ."
"Last year , the firm also acquired Realprojekti Oy , a real estate development company , to advise CapMan on its property activities .",1,"Last year , the firm also acquired Realprojekti Oy , a real estate development company , to advise CapMan on its property activities ."
"Cramo , headquartered in Vantaa , Finland , rents construction machinery and equipment , as well as rents and sells modular space .",1,"Cramo , headquartered in Vantaa , Finland , rents construction machinery and equipment , as well as rents and sells modular space ."
"In November , the Finnish government decreased its ownership in the company further to 31.1 percent from 38 percent .",1,"In November , the Finnish government decreased its ownership in the company further to 31.1 percent from 38 percent ."
"Karachi , Sept. 14 -- Ixonos , a world leader in the development and integration of solutions for handheld devices , announced that it is implementing a touch screen mobile user interface solution for the Intel Atom processor Z6xx based smartphones .",1,"Karachi , Sept. 14 -- Ixonos , a world leader in the development and integration of solutions for handheld devices , announced that it is implementing a touch screen mobile user interface solution for the Intel Atom processor Z6xx based smartphones ."
"Via the move , the company aims annual savings of some EUR 3 million USD 4.3 m , the main part of which are expected to be realized this year .",2,"Via the move , the company aims annual savings of some EUR 3 million USD 4.3 m , the main part of which are expected to be realized this year ."
"Stora Enso 's business in North America has annual capacity of about 3 million tons and employs about 4,350 people .",1,"Stora Enso 's business in North America has annual capacity of about 3 million tons and employs about 4,350 people ."
"As the world leaders in developing UV technology for municipal wastewater , drinking water , and industrial water treatment systems , Trojan Technologies was a logical partner in providing W+ñrtsil+ñ with UV technology for ballast water treatment .",1,"As the world leaders in developing UV technology for municipal wastewater , drinking water , and industrial water treatment systems , Trojan Technologies was a logical partner in providing W+ñrtsil+ñ with UV technology for ballast water treatment ."
`` Serving customers locally is one of the cornerstones of customer focus for us .,1,`` Serving customers locally is one of the cornerstones of customer focus for us .
"The copying , republication or redistribution of AFX News Content , inculding by framing or similar means , is expressly prohibited without the prior written consent of AFX News .",1,"The copying , republication or redistribution of AFX News Content , inculding by framing or similar means , is expressly prohibited without the prior written consent of AFX News ."
After the renovation the biggest moulding line in the Orhangazi foundry is the most modern line in Europe .,2,After the renovation the biggest moulding line in the Orhangazi foundry is the most modern line in Europe .
"Therefore , Phase III of the research will not be conducted by Abbott .",1,"Therefore , Phase III of the research will not be conducted by Abbott ."
Operating profit excluding non-recurring items was EUR 7.8 million compared to EUR 11.2 million .,0,Operating profit excluding non-recurring items was EUR 7.8 million compared to EUR 11.2 million .
"Published by Globes online , Israel business news - www.globes-online.com - on November 16 , 2009 -® Copyright of Globes Publisher Itonut 1983 Ltd. 2009",1,"Published by Globes online , Israel business news - www.globes-online.com - on November 16 , 2009 -® Copyright of Globes Publisher Itonut 1983 Ltd. 2009"
"In April 2005 , Neste separated from its parent company , Finnish energy company Fortum , and became listed on the Helsinki Stock Exchange .",1,"In April 2005 , Neste separated from its parent company , Finnish energy company Fortum , and became listed on the Helsinki Stock Exchange ."
"Within the framework of the partnership , Nokia Siemens Networks has signed an initial framework purchase agreement with Sitronics subsidiary , JSC Mikron , which is the largest manufacturer and exporter of microelectronic components in Russia .",2,"Within the framework of the partnership , Nokia Siemens Networks has signed an initial framework purchase agreement with Sitronics subsidiary , JSC Mikron , which is the largest manufacturer and exporter of microelectronic components in Russia ."
"The most loyal customers were found in the Bank of +àland , with an index of 8.0 .",2,"The most loyal customers were found in the Bank of +àland , with an index of 8.0 ."
Exports grew 16.5 percent to 19.1 million liters .,2,Exports grew 16.5 percent to 19.1 million liters .
"The transaction covers a building lot of 46,763 sq m and factory buildings of 19,631 sq m. Since the autumn of 2007 , when Scanfil discontinued its production operations in Oulu , the facilities have been partly leased to other parties .",1,"The transaction covers a building lot of 46,763 sq m and factory buildings of 19,631 sq m. Since the autumn of 2007 , when Scanfil discontinued its production operations in Oulu , the facilities have been partly leased to other parties ."
Analysts surveyed by Thomson Financial expected revenue of $ 69 million for the quarter .,1,Analysts surveyed by Thomson Financial expected revenue of $ 69 million for the quarter .
"According to Mark White , Locatrix Communications ' CEO , the company 's web services interface allows device owners , friends , and family to track and locate TWIG users via any web browser .",1,"According to Mark White , Locatrix Communications ' CEO , the company 's web services interface allows device owners , friends , and family to track and locate TWIG users via any web browser ."
"According to Sepp+ñnen , the new technology UMTS900 solution network building costs are by one-third lower than that of the building of 3.5 G networks , operating at 2,100 MHz frequency .",2,"According to Sepp+ñnen , the new technology UMTS900 solution network building costs are by one-third lower than that of the building of 3.5 G networks , operating at 2,100 MHz frequency ."
"Repair and maintenance business accounted for net sales of EUR 645.3 mn , up from EUR 563.6 mn .",2,"Repair and maintenance business accounted for net sales of EUR 645.3 mn , up from EUR 563.6 mn ."
"`` The Intel Atom processor has had tremendous success in the marketplace since its launch over 2 years ago , '' said Pankaj Kedia , director of global ecosystem programs for Intel Corp. 's Ultra Mobility Group .",2,"`` The Intel Atom processor has had tremendous success in the marketplace since its launch over 2 years ago , '' said Pankaj Kedia , director of global ecosystem programs for Intel Corp. 's Ultra Mobility Group ."
"In Sweden , there is an oversupply of pharmacies .",0,"In Sweden , there is an oversupply of pharmacies ."
"In the reporting period , the company 's operating profit grew by 43.2 % to EUR 6 million .",2,"In the reporting period , the company 's operating profit grew by 43.2 % to EUR 6 million ."
"Cramo is a service company specialising in construction machinery and equipment rental and rental-related services , as well as the rental and sale of modular space .",1,"Cramo is a service company specialising in construction machinery and equipment rental and rental-related services , as well as the rental and sale of modular space ."
Relations with the City have been further damaged by comments from Mr Ashley criticising City investors and analysts as `` cry babies '' .,0,Relations with the City have been further damaged by comments from Mr Ashley criticising City investors and analysts as `` cry babies '' .
"External net sales from the printing business fell by 43.7 % , partly due to the termination of the printing contract between Ilkka-Yhtyma 's printing house I-print Oy and sector player HSS Media AB in December 2009 and the fall in printing prices .",0,"External net sales from the printing business fell by 43.7 % , partly due to the termination of the printing contract between Ilkka-Yhtyma 's printing house I-print Oy and sector player HSS Media AB in December 2009 and the fall in printing prices ."
"Quartal Oy now owns 2,094,063 shares in Satama Interactive Plc , which represents 5,19 per cent of the share capital and voting rights .",1,"Quartal Oy now owns 2,094,063 shares in Satama Interactive Plc , which represents 5,19 per cent of the share capital and voting rights ."
Financing of the project will come mainly from China .,1,Financing of the project will come mainly from China .
"The total value of the project is estimated to be over 3.0 mln euro $ 4.4 mln , of which the services will be over 2.0 mln euro $ 2.9 mln and third-party licences more than 1.0 mln euro $ 1.5 mln .",1,"The total value of the project is estimated to be over 3.0 mln euro $ 4.4 mln , of which the services will be over 2.0 mln euro $ 2.9 mln and third-party licences more than 1.0 mln euro $ 1.5 mln ."
Le Lay succeeds Walter G++nter and will be based in Finland .,1,Le Lay succeeds Walter G++nter and will be based in Finland .
"Under Finnish law , Parliament grants licences to build nuclear power plants .",1,"Under Finnish law , Parliament grants licences to build nuclear power plants ."
"The orders consist in total of over 1,600 panels of lift-away weatherdeck hatch covers and they will be delivered for container vessels with capacities ranging from 2,000 to 13,300 TEUs .",1,"The orders consist in total of over 1,600 panels of lift-away weatherdeck hatch covers and they will be delivered for container vessels with capacities ranging from 2,000 to 13,300 TEUs ."
A filter is used to pre-process packets to determine if they need to be further processed by the processor of the network device .,1,A filter is used to pre-process packets to determine if they need to be further processed by the processor of the network device .
Net profit in the period in 2009 was ( EURO ) 29 million .,1,Net profit in the period in 2009 was ( EURO ) 29 million .
"Our solutions are fully Arabized , and our message is that we want to become the IT partner of choice for businesses in the Near-East region .",1,"Our solutions are fully Arabized , and our message is that we want to become the IT partner of choice for businesses in the Near-East region ."
Operating profit totaled EUR 18.6 mn or 8.3 % of net sales .,1,Operating profit totaled EUR 18.6 mn or 8.3 % of net sales .
"`` Neste Oil is working with over 20 research communities in Europe , America , Africa , Asia , and Australia to develop and introduce new raw materials .",2,"`` Neste Oil is working with over 20 research communities in Europe , America , Africa , Asia , and Australia to develop and introduce new raw materials ."
SHARE REPURCHASE 11.01.2008 In the Helsinki Stock Exchange On behalf of Sampo plc Danske Bank A-S Helsinki Branch,1,SHARE REPURCHASE 11.01.2008 In the Helsinki Stock Exchange On behalf of Sampo plc Danske Bank A-S Helsinki Branch
The CVs of the proposed members are available for viewing from 12 March 2008 onwards on the Internet at www.sampo.com/ir .,1,The CVs of the proposed members are available for viewing from 12 March 2008 onwards on the Internet at www.sampo.com/ir .
Okmetic has used the furnaces for the contract manufacturing of solar crystals .,1,Okmetic has used the furnaces for the contract manufacturing of solar crystals .
Officials did not disclose the contract value .,1,Officials did not disclose the contract value .
Operating profit rose to EUR 5mn from EUR 2.8 mn in the fourth quarter of 2008 .,2,Operating profit rose to EUR 5mn from EUR 2.8 mn in the fourth quarter of 2008 .
"HELSINKI ( AFX ) - Shares closed higher , led by Nokia after it announced plans to team up with Sanyo to manufacture 3G handsets , and by Nokian Tyres after its fourth-quarter earnings report beat analysts ' expectations , dealers said .",2,"HELSINKI ( AFX ) - Shares closed higher , led by Nokia after it announced plans to team up with Sanyo to manufacture 3G handsets , and by Nokian Tyres after its fourth-quarter earnings report beat analysts ' expectations , dealers said ."
The company 's board of directors has proposed a dividend of EUR0 .12 per share for 2006 .,1,The company 's board of directors has proposed a dividend of EUR0 .12 per share for 2006 .
These companies will be able to keep their market positions .,2,These companies will be able to keep their market positions .
"We are glad that our long co-operation with SODRA continues '' , comments Stig-Goran Sandberg , Affecto 's Area Manager for Baltic operations .",2,"We are glad that our long co-operation with SODRA continues '' , comments Stig-Goran Sandberg , Affecto 's Area Manager for Baltic operations ."
"`` Lining stone sales were also good in the early autumn , and order books are strong to the end of the year .",2,"`` Lining stone sales were also good in the early autumn , and order books are strong to the end of the year ."
The total investment in 2006 and 2007 is expected to amount to about EUR75m .,1,The total investment in 2006 and 2007 is expected to amount to about EUR75m .
"561,470 new shares under 2003 option rights plan Packaging company Huhtamaki Oyj reported on Monday that a total of 561,470 new shares of the company have been issued based on share subscriptions under its 2003 option rights plan .",1,"561,470 new shares under 2003 option rights plan Packaging company Huhtamaki Oyj reported on Monday that a total of 561,470 new shares of the company have been issued based on share subscriptions under its 2003 option rights plan ."
"Profitability ( EBIT % ) was 13.9 % , compared to 13.1 % in the previous-year period .",2,"Profitability ( EBIT % ) was 13.9 % , compared to 13.1 % in the previous-year period ."
"The works will include the laying of natural stone pavements and the installation of underground heating , and surface water drainage systems .",1,"The works will include the laying of natural stone pavements and the installation of underground heating , and surface water drainage systems ."
"Finnish construction group Lemminkainen Oyj HEL : LEM1S said today it has won a contract to provide technical services for the Nevsky Centre shopping mall to be opened in November in St Petersburg , Russia .",2,"Finnish construction group Lemminkainen Oyj HEL : LEM1S said today it has won a contract to provide technical services for the Nevsky Centre shopping mall to be opened in November in St Petersburg , Russia ."
The ship unloader is totally enclosed along the entire conveying line to the storage facilities .,1,The ship unloader is totally enclosed along the entire conveying line to the storage facilities .
The incident happened at 2:30 p.m. on Avenue 192 at Road 196 .,1,The incident happened at 2:30 p.m. on Avenue 192 at Road 196 .
"Elcoteq Dongguan was established in 1999 in the Nancheng District of Dongguan , China and is one of Elcoteq s four volume manufacturing plants in the Asia-Pacific region .",1,"Elcoteq Dongguan was established in 1999 in the Nancheng District of Dongguan , China and is one of Elcoteq s four volume manufacturing plants in the Asia-Pacific region ."
"Operating profit was EUR 11.4 mn , up from EUR 7.5 mn .",2,"Operating profit was EUR 11.4 mn , up from EUR 7.5 mn ."
Etteplan targets to employ at least 20 people in Borl+ñnge .,2,Etteplan targets to employ at least 20 people in Borl+ñnge .
"Jukka Hienonen , the current Finnair CEO , will step down at the end of January 2010 .",1,"Jukka Hienonen , the current Finnair CEO , will step down at the end of January 2010 ."
"Okhta Center area is expected to have about 700,000 square metres of office premises by 2016 .",1,"Okhta Center area is expected to have about 700,000 square metres of office premises by 2016 ."
"With five different game modes , co-op tournaments , 4 player split-screen and multiplayer modes , players can have as much fun as they would if they were actually fishing .",1,"With five different game modes , co-op tournaments , 4 player split-screen and multiplayer modes , players can have as much fun as they would if they were actually fishing ."
"Technopolis has Finnish operations in Oulu , Vantaa , Espoo , Lappeenranta , Jyvaskyla and Tampere and is also preparing to expand its operations to Russia .",1,"Technopolis has Finnish operations in Oulu , Vantaa , Espoo , Lappeenranta , Jyvaskyla and Tampere and is also preparing to expand its operations to Russia ."
"Creating interfaces that are more similar to interactions in the real world can enable experiences that are more natural and intuitive , in the same way that modern games and movies are more immersive through the use of realistic 3-D graphics .",1,"Creating interfaces that are more similar to interactions in the real world can enable experiences that are more natural and intuitive , in the same way that modern games and movies are more immersive through the use of realistic 3-D graphics ."
The mill is concentrating on getting the supercalendered line running satisfactorily before restarting its older newsprint line .,1,The mill is concentrating on getting the supercalendered line running satisfactorily before restarting its older newsprint line .
Neither of the companies use genetically engineered soy at the moment .,1,Neither of the companies use genetically engineered soy at the moment .
Diluted earnings per share ( EPS ) fell to EUR 0.63 from EUR 1.71 .,0,Diluted earnings per share ( EPS ) fell to EUR 0.63 from EUR 1.71 .
The contract is for next year .,1,The contract is for next year .
"The new majority owners of Aspocomp Thailand Co. , Ltd are certain private persons belonging to immediate circle of Aspocomp 's present Joint Venture partner , Saha Pathana Inter-Holding Plc. .",1,"The new majority owners of Aspocomp Thailand Co. , Ltd are certain private persons belonging to immediate circle of Aspocomp 's present Joint Venture partner , Saha Pathana Inter-Holding Plc. ."
"In addition , the existing service counter area in the reception hall will be rebuilt and access provided to local rail connections .",1,"In addition , the existing service counter area in the reception hall will be rebuilt and access provided to local rail connections ."
"Trading code : ELI1V Number of shares : 99,483 Price-share : Gratuitous After the transfer , Elisa holds a total of 10,435,023 own shares .",1,"Trading code : ELI1V Number of shares : 99,483 Price-share : Gratuitous After the transfer , Elisa holds a total of 10,435,023 own shares ."
SKF 6 April 2010 - Alandsbanken has given a `` buy '' recommendation on Swedish industrial company SKF AB ( STO : SKF B ) with a share price target of SEK150 .,2,SKF 6 April 2010 - Alandsbanken has given a `` buy '' recommendation on Swedish industrial company SKF AB ( STO : SKF B ) with a share price target of SEK150 .
Net sales increased to EUR193 .3 m from EUR179 .9 m and pretax profit rose by 34.2 % to EUR43 .1 m. ( EUR1 = USD1 .4 ),2,Net sales increased to EUR193 .3 m from EUR179 .9 m and pretax profit rose by 34.2 % to EUR43 .1 m. ( EUR1 = USD1 .4 )
The output of the contracts totals 72 MWe .,1,The output of the contracts totals 72 MWe .
"We offer our clients integrated management consulting , total solutions for complex projects and efficient , best-in-class design and supervision .",1,"We offer our clients integrated management consulting , total solutions for complex projects and efficient , best-in-class design and supervision ."
"The board machine , which will have a wire width of 6.25 m and a design speed of 900 m-min , will produce close to 1,400 tonnes of folding boxboard per day .",1,"The board machine , which will have a wire width of 6.25 m and a design speed of 900 m-min , will produce close to 1,400 tonnes of folding boxboard per day ."
The acquisition of AVC Systemhaus and the majority stake in Cableway will increase the number of Teleste personnel by 250 .,1,The acquisition of AVC Systemhaus and the majority stake in Cableway will increase the number of Teleste personnel by 250 .
Pretax loss totaled EUR 117mn compared to a loss of EUR 65mn in the corresponding period .,0,Pretax loss totaled EUR 117mn compared to a loss of EUR 65mn in the corresponding period .
"Exel 's board of directors will propose a dividend of 0.2 euro $ 0.3 per share for 2006 at the annual general meeting on April 19 , 2007 .",1,"Exel 's board of directors will propose a dividend of 0.2 euro $ 0.3 per share for 2006 at the annual general meeting on April 19 , 2007 ."
"The reorganisation will be carried out by transferring HKScan Corporation 's production-related property , plant and equipment in Finland as well as its holdings in subsidiaries and associates to HKScan Finland Oy , a holding company wholly owned by HKScan Corporation .",1,"The reorganisation will be carried out by transferring HKScan Corporation 's production-related property , plant and equipment in Finland as well as its holdings in subsidiaries and associates to HKScan Finland Oy , a holding company wholly owned by HKScan Corporation ."
The writing and publication of Lemmink+ñinen -¦ s history is a continuation of earlier collaboration between Antti Tuuri and the company .,1,The writing and publication of Lemmink+ñinen -¦ s history is a continuation of earlier collaboration between Antti Tuuri and the company .
"Finnish diversified holding company Aspo Oyj said on September 8 , 2008 that it will sell the Finnish tape business of its Kaukomarkkinat unit to local Oy Telpak Ab .",1,"Finnish diversified holding company Aspo Oyj said on September 8 , 2008 that it will sell the Finnish tape business of its Kaukomarkkinat unit to local Oy Telpak Ab ."
Our superior customer centricity and expertise in digital services set us apart from our competitors .,2,Our superior customer centricity and expertise in digital services set us apart from our competitors .
"Supported Nokia phones include : N96 , N95-8GB , N95 , N93-N931 , N92 , N85 , N82 , N81 , N80 , N79 , N78 , N77 , N76 , N75 , N73 , N72 , N71 , E90 , E71 , E70 , E66 , E65 , E62 , E61-E61i , E60 , E51 , E50 , Touch Xpress 5800 , 6220 Classic , 6210 Navigator , 6120 Classic , 6110 Navigator , 5700 , 5500 , 5320XM .",1,"Supported Nokia phones include : N96 , N95-8GB , N95 , N93-N931 , N92 , N85 , N82 , N81 , N80 , N79 , N78 , N77 , N76 , N75 , N73 , N72 , N71 , E90 , E71 , E70 , E66 , E65 , E62 , E61-E61i , E60 , E51 , E50 , Touch Xpress 5800 , 6220 Classic , 6210 Navigator , 6120 Classic , 6110 Navigator , 5700 , 5500 , 5320XM ."
"To our members and partners , the use of IT will mostly be apparent in the increased efficiency of the results service , '' observes Perttu Puro from Tradeka .",2,"To our members and partners , the use of IT will mostly be apparent in the increased efficiency of the results service , '' observes Perttu Puro from Tradeka ."
"Under the terms of the off-take agreement with Talvivaara , Cameco will provide an up-front investment , to a maximum of $ 60 million , to cover the construction cost of the uranium extraction circuit .",2,"Under the terms of the off-take agreement with Talvivaara , Cameco will provide an up-front investment , to a maximum of $ 60 million , to cover the construction cost of the uranium extraction circuit ."
"As an alternative to the share exchange , Panostaja offers a full cash consideration at the value of 1.27 euro $ 1.7 per share .",1,"As an alternative to the share exchange , Panostaja offers a full cash consideration at the value of 1.27 euro $ 1.7 per share ."
"The e-commerce site and flagship will be managed by Marimekko North America Retail LLC , a subsidiary established in the U.S. last year .",1,"The e-commerce site and flagship will be managed by Marimekko North America Retail LLC , a subsidiary established in the U.S. last year ."
Nokia - the world 's largest mobile phone manufacturer - and China Postel - China 's largest mobile phone distributor - have a long-standing partnership that continues to grow stronger over time .,2,Nokia - the world 's largest mobile phone manufacturer - and China Postel - China 's largest mobile phone distributor - have a long-standing partnership that continues to grow stronger over time .
"`` Last year , Finnair recorded a 32.6-percent growth on the Asian sector , carrying more than 1.10 million passengers between the two continents . ''",2,"`` Last year , Finnair recorded a 32.6-percent growth on the Asian sector , carrying more than 1.10 million passengers between the two continents . ''"
"The OMX Helsinki 25 ended 0.47 pct lower at 3,150.55 and the OMX Helsinki was down 0.21 pct at 10,736.42 on 1.523 bln eur turnover .",0,"The OMX Helsinki 25 ended 0.47 pct lower at 3,150.55 and the OMX Helsinki was down 0.21 pct at 10,736.42 on 1.523 bln eur turnover ."
"` It is a testament to the quality of our LTE solution and our commitment to the Japanese market ' , he added .",1,"` It is a testament to the quality of our LTE solution and our commitment to the Japanese market ' , he added ."
Kemira 's partner in the project is St. Petersburg Water Works .,1,Kemira 's partner in the project is St. Petersburg Water Works .
The sales price was not disclosed .,1,The sales price was not disclosed .
"For Telenor , the three and a half year contract is worth an estimated 12.6 m. YIT has chosen Telenor and Elisa as its principal suppliers of ICT solutions in Norway , Sweden , Denmark and Finland .",2,"For Telenor , the three and a half year contract is worth an estimated 12.6 m. YIT has chosen Telenor and Elisa as its principal suppliers of ICT solutions in Norway , Sweden , Denmark and Finland ."
"Helsinki 19 May 2010 - Finnish company Lemminkainen Oyj ( HEL : LEM1S ) said today that it will construct an office building at Toolonlahti in downtown Helsinki , without disclosing financial details .",1,"Helsinki 19 May 2010 - Finnish company Lemminkainen Oyj ( HEL : LEM1S ) said today that it will construct an office building at Toolonlahti in downtown Helsinki , without disclosing financial details ."
"Nokia said it still expects to sell 150 more million Symbian devices in years to come , giving an indication of how it expects the Phone 7 handoff to work .",1,"Nokia said it still expects to sell 150 more million Symbian devices in years to come , giving an indication of how it expects the Phone 7 handoff to work ."
The Board of Directors has proposed the Extraordinary General Meeting to authorise the Board to decide on the issuance of a maximum of 30mn new shares in one or more share issues .,1,The Board of Directors has proposed the Extraordinary General Meeting to authorise the Board to decide on the issuance of a maximum of 30mn new shares in one or more share issues .
The orders are part of a long-term development plan of Latvijas Finieris .,1,The orders are part of a long-term development plan of Latvijas Finieris .
The agreement expands Tekla Structures ' scope of use to bridge design .,2,The agreement expands Tekla Structures ' scope of use to bridge design .
"The share capital of Biotie Therapies Corp. constitutes 90,211,860 shares in the aggregate and the number of voting rights attached to the shares amounts to 90,211,860 .",1,"The share capital of Biotie Therapies Corp. constitutes 90,211,860 shares in the aggregate and the number of voting rights attached to the shares amounts to 90,211,860 ."
Fortum also has a blocking stake in Northwestern TGK-1 .,1,Fortum also has a blocking stake in Northwestern TGK-1 .
"The inventors are Mukkavilli Krishna Kiran , Sabharwal Ashutosh and Aazhang Behnaam .",1,"The inventors are Mukkavilli Krishna Kiran , Sabharwal Ashutosh and Aazhang Behnaam ."
"In January-September 2010 , Fiskars ' net profit went up by 14 % year-on-year to EUR 65.4 million and net sales to EUR 525.3 million from EUR 487.7 million .",2,"In January-September 2010 , Fiskars ' net profit went up by 14 % year-on-year to EUR 65.4 million and net sales to EUR 525.3 million from EUR 487.7 million ."
Global Banking News - 28 September 2010 Tieto Corporation and Pohjola Bank ( PINK : POJLF ) are to cooperate on SWIFT services .,2,Global Banking News - 28 September 2010 Tieto Corporation and Pohjola Bank ( PINK : POJLF ) are to cooperate on SWIFT services .
"Finnish Kemira Group 's CEO , Lasse Kurkilahti , says the Group 's structural reorganisation will continue for at least a year .",1,"Finnish Kemira Group 's CEO , Lasse Kurkilahti , says the Group 's structural reorganisation will continue for at least a year ."
"Under the agreement , Larox will transfer 10 employees within engineering and documentation related to delivery projects and product maintenance in Finland to Etteplan as of January 1 , 2007 .",1,"Under the agreement , Larox will transfer 10 employees within engineering and documentation related to delivery projects and product maintenance in Finland to Etteplan as of January 1 , 2007 ."
The company 's previous estimate was for a lower revenue than the year-ago EUR 93.9 million .,0,The company 's previous estimate was for a lower revenue than the year-ago EUR 93.9 million .
"Financial , strategic and operational factors are considered .",1,"Financial , strategic and operational factors are considered ."
The divestment of Raisio 's margarine business in May 2009 gave the company a clearer focus on grain-based products .,2,The divestment of Raisio 's margarine business in May 2009 gave the company a clearer focus on grain-based products .
Each share is entitled to one vote .,1,Each share is entitled to one vote .
"The Committee proposes the following remuneration : a monthly remuneration of EUR 5,000 for the Chairman , EUR 3,500 for the Deputy Chairman , and EUR 2,500 for the other Board members .",1,"The Committee proposes the following remuneration : a monthly remuneration of EUR 5,000 for the Chairman , EUR 3,500 for the Deputy Chairman , and EUR 2,500 for the other Board members ."
Microsoft last week also issued the first patch for the Windows 7 operating system beta it had released days earlier .,1,Microsoft last week also issued the first patch for the Windows 7 operating system beta it had released days earlier .
"In addition to fireplace exports , demand for lining stone has exceeded the level of the earlier part of the year and will continue to be clearly brisker for the remainder of the year .",2,"In addition to fireplace exports , demand for lining stone has exceeded the level of the earlier part of the year and will continue to be clearly brisker for the remainder of the year ."
"The Finland-based company says it will move into an existing 260,000-square-foot facility in September .",1,"The Finland-based company says it will move into an existing 260,000-square-foot facility in September ."
"Comptel , a vendor of dynamic Operations Support System ( OSS ) software , has been selected by Orascom Telecom ( OTH ) as partner for provisioning and activation solutions for mobile services .",2,"Comptel , a vendor of dynamic Operations Support System ( OSS ) software , has been selected by Orascom Telecom ( OTH ) as partner for provisioning and activation solutions for mobile services ."
Business boomed after Ostrom helped plant a small story about Rapala lures in a Life magazine issue that featured Marilyn Monroe on the cover .,2,Business boomed after Ostrom helped plant a small story about Rapala lures in a Life magazine issue that featured Marilyn Monroe on the cover .
"In Finland 's Hobby Hall 's sales decreased by 10 % , and international sales fell by 19 % .",0,"In Finland 's Hobby Hall 's sales decreased by 10 % , and international sales fell by 19 % ."
"The company serves customers in various industries , including process and resources , industrial machinery , architecture , building , construction , electrical , transportation , electronics , chemical , petrochemical , energy , and information technology , as well as catering and households .",1,"The company serves customers in various industries , including process and resources , industrial machinery , architecture , building , construction , electrical , transportation , electronics , chemical , petrochemical , energy , and information technology , as well as catering and households ."
"At this growth rate , paying off the national debt will be extremely painful .",0,"At this growth rate , paying off the national debt will be extremely painful ."
Both companies will keep their commercial independence and continue to market their traditional products individually .,1,Both companies will keep their commercial independence and continue to market their traditional products individually .
"Member of the HK Ruokatalo Group in Finland , Scan , is launching a joint venture slaughterhouse with Team Ugglarp in Sk+Ñne , southern Sweden .",1,"Member of the HK Ruokatalo Group in Finland , Scan , is launching a joint venture slaughterhouse with Team Ugglarp in Sk+Ñne , southern Sweden ."
"`` We have a group of 120 volunteers made up of Digicel employees who will manage the distribution ... Over the next week , they will distribute the 19,000 tents to more than 150 organizations , '' Digicel Haiti CEO Maarten Boute said .",1,"`` We have a group of 120 volunteers made up of Digicel employees who will manage the distribution ... Over the next week , they will distribute the 19,000 tents to more than 150 organizations , '' Digicel Haiti CEO Maarten Boute said ."
"In addition , a further 29 employees can be laid off until further notice and the whole workforce can be laid off for short periods if needed .",0,"In addition , a further 29 employees can be laid off until further notice and the whole workforce can be laid off for short periods if needed ."
"According to Karhinen , OP-Pohjola is an exciting enterprise because the cooperation will bring huge opportunities for customers and the company itself .",2,"According to Karhinen , OP-Pohjola is an exciting enterprise because the cooperation will bring huge opportunities for customers and the company itself ."
"Affecto will provide a new EFI Data Warehouse and reporting solution , behavioural scoring system supporting operational decision processes and Data Migration from old legacy systems to the new EFI system .",1,"Affecto will provide a new EFI Data Warehouse and reporting solution , behavioural scoring system supporting operational decision processes and Data Migration from old legacy systems to the new EFI system ."
"Finnish consulting and engineering group Poyry Plc ( OMX Helsinki : POY ) said on Wednesday ( 1 October ) that it has been awarded a contract by Tanqia Dibba FZC as owner-engineer for the wastewater system of Dibba , Emirate of Fujairah , UAE .",2,"Finnish consulting and engineering group Poyry Plc ( OMX Helsinki : POY ) said on Wednesday ( 1 October ) that it has been awarded a contract by Tanqia Dibba FZC as owner-engineer for the wastewater system of Dibba , Emirate of Fujairah , UAE ."
"ADPnews - Jun 30 , 2009 - Finnish stainless steel maker Outokumpu Oyj HEL : OUT1V said yesterday it signed a three-year EUR 900 million USD 1.3 bn revolving credit facility .",2,"ADPnews - Jun 30 , 2009 - Finnish stainless steel maker Outokumpu Oyj HEL : OUT1V said yesterday it signed a three-year EUR 900 million USD 1.3 bn revolving credit facility ."
"Pretax profit totalled EUR 2.0 mn , compared to a loss of EUR 159.2 mn in the fourth quarter of 2008 .",2,"Pretax profit totalled EUR 2.0 mn , compared to a loss of EUR 159.2 mn in the fourth quarter of 2008 ."
"Jeder Beta-Tester erh+ñlt kostenlos sechs Monate lang Updates und hat laut eigener Aussage die M+Âglichkeit , die finale Version zu beeinflussen .",1,"Jeder Beta-Tester erh+ñlt kostenlos sechs Monate lang Updates und hat laut eigener Aussage die M+Âglichkeit , die finale Version zu beeinflussen ."
Olvi has posted a strong set of figures for the first six months of this year .,2,Olvi has posted a strong set of figures for the first six months of this year .
"It 's even a little bit higher than Yara 's multiples on itself , ' an analyst in Helsinki said .",1,"It 's even a little bit higher than Yara 's multiples on itself , ' an analyst in Helsinki said ."
The trade is in accordance with the agreement announced on 26 March 2008 .,1,The trade is in accordance with the agreement announced on 26 March 2008 .
"OTHER  North-Rhine Westphalia - Is to issue a benchmark , 5 year fixed rate deal in Euros .",1,"OTHER North-Rhine Westphalia - Is to issue a benchmark , 5 year fixed rate deal in Euros ."
"The world 's second largest stainless steel maker said net profit in the three-month period until Dec. 31 surged to euro603 million US$ 781 million , or euro3 .33 US$ 4.31 per share , from euro172 million , or euro0 .94 per share , the previous year .",2,"The world 's second largest stainless steel maker said net profit in the three-month period until Dec. 31 surged to euro603 million US$ 781 million , or euro3 .33 US$ 4.31 per share , from euro172 million , or euro0 .94 per share , the previous year ."
The divested stake represented about 2.7 m shares in Okmetic 's capital .,1,The divested stake represented about 2.7 m shares in Okmetic 's capital .
"It now owns 80,565 shares in Amer Sports Corporation , equaling 0.11 % of the company 's share capital and voting rights .",1,"It now owns 80,565 shares in Amer Sports Corporation , equaling 0.11 % of the company 's share capital and voting rights ."
The business development initiatives in North America are headed by Lynn Shanahan .,1,The business development initiatives in North America are headed by Lynn Shanahan .
The exercise price of the option will be based on Safran Software Solutions ' license and maintenance sales as well as the result of the company .,1,The exercise price of the option will be based on Safran Software Solutions ' license and maintenance sales as well as the result of the company .
The acquisition of Boomeranger Boats Oy is in line with the Done Solutions strategy of developing its business through company acquisitions .,2,The acquisition of Boomeranger Boats Oy is in line with the Done Solutions strategy of developing its business through company acquisitions .
Both sources said Nokia would unveil its new phone code-named `` Tube '' on Oct. 2 at an analyst and media event in London .,1,Both sources said Nokia would unveil its new phone code-named `` Tube '' on Oct. 2 at an analyst and media event in London .
"The contract consists of a new building with an area of 18,000 sq m and renovation of the existing buildings .",1,"The contract consists of a new building with an area of 18,000 sq m and renovation of the existing buildings ."
"The company is in charge of all natural gas storage activities in France , Great Britain , and Germany .",1,"The company is in charge of all natural gas storage activities in France , Great Britain , and Germany ."
"Thus the group 's balance sheet will have about EUR25 .8 m of goodwill , the company added .",1,"Thus the group 's balance sheet will have about EUR25 .8 m of goodwill , the company added ."
"EUR928 ,000 in Q1 2010 6 May 2010 - Finnish textile and clothing design company Marimekko Oyj ( HEL : MMO1V ) said today its net profit rose to EUR928 ,000 in the first quarter of 2010 from EUR13 ,000 in the corresponding period a year earlier .",2,"EUR928 ,000 in Q1 2010 6 May 2010 - Finnish textile and clothing design company Marimekko Oyj ( HEL : MMO1V ) said today its net profit rose to EUR928 ,000 in the first quarter of 2010 from EUR13 ,000 in the corresponding period a year earlier ."
"As a result , the company will temporarily lay-off 25 % of the whole personnel , approximately 270 persons at Kirkkonummi and Nivala factories .",0,"As a result , the company will temporarily lay-off 25 % of the whole personnel , approximately 270 persons at Kirkkonummi and Nivala factories ."
They will be sunk to a depth of some 360-380 metres and fixed to the bottom mud by vacuum .,1,They will be sunk to a depth of some 360-380 metres and fixed to the bottom mud by vacuum .
- The Group -¦ s result before taxes was a loss of EUR 0.6 ( +0.6 ) million .,1,- The Group -¦ s result before taxes was a loss of EUR 0.6 ( +0.6 ) million .
"PA ) , JPMorgan Chase and Co ( NYSE : JPM ) and Pohjoa Bank are joint lead-managers on the senior , unsecured deal .",1,"PA ) , JPMorgan Chase and Co ( NYSE : JPM ) and Pohjoa Bank are joint lead-managers on the senior , unsecured deal ."
`` This could be us .,1,`` This could be us .
"The platen edges in contact with the band are provided with a seal having a protrusion directed towards the middle area of the platen , and means are provided to exert and maintain a pressure in the volume defined by the platen , the band and the seal . ''",1,"The platen edges in contact with the band are provided with a seal having a protrusion directed towards the middle area of the platen , and means are provided to exert and maintain a pressure in the volume defined by the platen , the band and the seal . ''"
"Pretax loss totaled EUR 1.2 mn , down from a profit of EUR 2.1 mn in 2004 .",0,"Pretax loss totaled EUR 1.2 mn , down from a profit of EUR 2.1 mn in 2004 ."
The results will enable the preparation of a conceptual plant design and capital estimates .,1,The results will enable the preparation of a conceptual plant design and capital estimates .
The orders also include a few high-power drives for the control of seismic compressors .,1,The orders also include a few high-power drives for the control of seismic compressors .
"Wayne Greensmith , Fiskars Brands UK senior brand manager , said : `` We have launched this as we want to give something back to the community .",1,"Wayne Greensmith , Fiskars Brands UK senior brand manager , said : `` We have launched this as we want to give something back to the community ."
"In the beginning of this year , Wartsila had secured an order to deliver four gas-fuelled main engines and propulsion machinery for the same vessel .",2,"In the beginning of this year , Wartsila had secured an order to deliver four gas-fuelled main engines and propulsion machinery for the same vessel ."
"`` In the newly formed company YIT Stavo the local contact network , expertise and market know how of Euro Stavokonsult will be combined with YIT 's housing concept , '' said Juha Kostiainen , Yit 's Vice President , Corporate Communications and Business Development .",2,"`` In the newly formed company YIT Stavo the local contact network , expertise and market know how of Euro Stavokonsult will be combined with YIT 's housing concept , '' said Juha Kostiainen , Yit 's Vice President , Corporate Communications and Business Development ."
"The study evaluated the safety , tolerability and pharmacokinetics of repeated doses of intravenously administered antibody in 26 patients with active plaque psoriasis .",1,"The study evaluated the safety , tolerability and pharmacokinetics of repeated doses of intravenously administered antibody in 26 patients with active plaque psoriasis ."
The company had net sales of EUR 19.8 mn and a pre-tax profit of EUR 1.8 mn in 2005 .,1,The company had net sales of EUR 19.8 mn and a pre-tax profit of EUR 1.8 mn in 2005 .
"The Economic Development and Trade Ministry and Industry and Energy Ministry , along with the Kostroma regional administration and the Russian Lumberman and Timber Exporters Union , has been carrying out work to acquire investment for the construction of a pulp and paper mill in Neya since 2003 .",1,"The Economic Development and Trade Ministry and Industry and Energy Ministry , along with the Kostroma regional administration and the Russian Lumberman and Timber Exporters Union , has been carrying out work to acquire investment for the construction of a pulp and paper mill in Neya since 2003 ."
"In 2007 , Contempus generated revenue of NOK 69.3 ( approx .",1,"In 2007 , Contempus generated revenue of NOK 69.3 ( approx ."
"After the split , the company would have 26,885,540 Series A shares and 9,540,000 Series K shares .",1,"After the split , the company would have 26,885,540 Series A shares and 9,540,000 Series K shares ."
"` This is a repeat order to follow successfully installed 159 elevators in the same Delhi metro system , ' Kone spokeswoman told Thomson Financial News .",2,"` This is a repeat order to follow successfully installed 159 elevators in the same Delhi metro system , ' Kone spokeswoman told Thomson Financial News ."
Operating profit rose to EUR 9.2 mn from EUR 6.8 mn in the corresponding period in 2007 .,2,Operating profit rose to EUR 9.2 mn from EUR 6.8 mn in the corresponding period in 2007 .
The deal includes an option for Cramo to buy out the minority stake in 2011 .,1,The deal includes an option for Cramo to buy out the minority stake in 2011 .
"According to Olvi 's Managing Director Lasse Aho , the company has an ongoing MMX Plus project that aims to find growth outside Finland .",2,"According to Olvi 's Managing Director Lasse Aho , the company has an ongoing MMX Plus project that aims to find growth outside Finland ."
Metsa-Botnia will sell 82.1 % of its stake in the Uruguayan companies and Metsaliitto -- 5.5 % .,1,Metsa-Botnia will sell 82.1 % of its stake in the Uruguayan companies and Metsaliitto -- 5.5 % .
"Kesko has about 2,000 stores engaged in chain operations in the Nordic and Baltic countries , Russia , and Belarus .",1,"Kesko has about 2,000 stores engaged in chain operations in the Nordic and Baltic countries , Russia , and Belarus ."
"Germany 's innovational centers are united in focusing at companies , which aim at use of technologies and development of new kinds of activity , through supporting the beginner companies with the entire spectrum of their services .",1,"Germany 's innovational centers are united in focusing at companies , which aim at use of technologies and development of new kinds of activity , through supporting the beginner companies with the entire spectrum of their services ."
"Amer Sports divests an industrial site in Rumilly , France -  This announcement is distributed by Thomson Reuters on behalf of Thomson Reuters clients .",1,"Amer Sports divests an industrial site in Rumilly , France - This announcement is distributed by Thomson Reuters on behalf of Thomson Reuters clients ."
"Eero Katajavuori , currently Group Vice President , Human Resources , will take a year-long sabbatical starting from October 1 , 2010 .",1,"Eero Katajavuori , currently Group Vice President , Human Resources , will take a year-long sabbatical starting from October 1 , 2010 ."
Finnish power company Fortum reports 89 % of its electricity was generated without carbon dioxide emissions in 2007 .,1,Finnish power company Fortum reports 89 % of its electricity was generated without carbon dioxide emissions in 2007 .
"The estimated turnover of the new company is LVL 2,5 million EEK 40 million .",1,"The estimated turnover of the new company is LVL 2,5 million EEK 40 million ."
"The agreement , which will cover monitoring , maintenance , server capacity service and backups , has a one-year extension option .",1,"The agreement , which will cover monitoring , maintenance , server capacity service and backups , has a one-year extension option ."
"However , the net sales declined to EUR 803.6 million from EUR 1.2 billion .",0,"However , the net sales declined to EUR 803.6 million from EUR 1.2 billion ."
The company moved to an operating profit of EUR10 .9 m versus an operating loss of EUR15 .3 m. It also turned to EPS of EUR0 .08 versus loss per share of EUR0 .04 .,2,The company moved to an operating profit of EUR10 .9 m versus an operating loss of EUR15 .3 m. It also turned to EPS of EUR0 .08 versus loss per share of EUR0 .04 .
The order for plywood mill machinery and equipment announced by Finnish Raute in September 2006 will be delivered to Thebault Plyland in France .,1,The order for plywood mill machinery and equipment announced by Finnish Raute in September 2006 will be delivered to Thebault Plyland in France .
This is the second successful effort for the financial investor this year .,2,This is the second successful effort for the financial investor this year .
"Pre-tax loss totaled EUR 0.3 mn , compared to a loss of EUR 2.2 mn in the first quarter of 2005 .",2,"Pre-tax loss totaled EUR 0.3 mn , compared to a loss of EUR 2.2 mn in the first quarter of 2005 ."
The shares subscribed will be eligible for trade on the following day from the registration .,1,The shares subscribed will be eligible for trade on the following day from the registration .
Operating profit for 2009 lower than outlook published earlier .,0,Operating profit for 2009 lower than outlook published earlier .
Suomen Paikallissanomat Oy is part of Alma Media Group and it currently publishes 15 local newspapers across Finland .,1,Suomen Paikallissanomat Oy is part of Alma Media Group and it currently publishes 15 local newspapers across Finland .
"When the product is manufactured in Finland , it is also packed in the country .",1,"When the product is manufactured in Finland , it is also packed in the country ."
"The Estonian beverages maker A. Le Coq today brought to the market a new premium class beer , A. Le Coq Special , investing 6 million kroons EUR 383,000 into its development and planning to sell three million liters of the beer during the next year .",1,"The Estonian beverages maker A. Le Coq today brought to the market a new premium class beer , A. Le Coq Special , investing 6 million kroons EUR 383,000 into its development and planning to sell three million liters of the beer during the next year ."
Tekla Group 's net sales for 2006 were approximately 50 million euros and operating result 13.6 million euros .,1,Tekla Group 's net sales for 2006 were approximately 50 million euros and operating result 13.6 million euros .
"Basware Corporation stock exchange release August 31 , 2010 at 16:25 Basware signed a large deal with an international industrial group Basware will deliver Invoice Automation solution and Connectivity Services to an international industrial group .",2,"Basware Corporation stock exchange release August 31 , 2010 at 16:25 Basware signed a large deal with an international industrial group Basware will deliver Invoice Automation solution and Connectivity Services to an international industrial group ."
"Again , the most significant sales increase of 18.6 % was in Russia .",2,"Again , the most significant sales increase of 18.6 % was in Russia ."
"You need to be ready when the window opens up , Rosberg said .",1,"You need to be ready when the window opens up , Rosberg said ."
Two other sites will be included later on .,1,Two other sites will be included later on .
"We succeeded in increasing our market share of sold apartment '' , comments Mr Kari Kauniskangas , Head of YIT International Construction Services .",2,"We succeeded in increasing our market share of sold apartment '' , comments Mr Kari Kauniskangas , Head of YIT International Construction Services ."
"Operating profit totaled EUR 3.8 mn , down from EUR 4.5 mn in the corresponding period in 2005 .",0,"Operating profit totaled EUR 3.8 mn , down from EUR 4.5 mn in the corresponding period in 2005 ."
"`` Beyond the improved voice capabilities , customers now have a streamlined way to comply with recalls and other traceability requirements , providing them with a competitive advantage .",2,"`` Beyond the improved voice capabilities , customers now have a streamlined way to comply with recalls and other traceability requirements , providing them with a competitive advantage ."
"Neste oil 's board proposed 1.00 eur dividend for the full-year 2007 , compared with 0.90 eur a year ago .",2,"Neste oil 's board proposed 1.00 eur dividend for the full-year 2007 , compared with 0.90 eur a year ago ."
"According to the Latvian business register , Uponor Latvia closed in red with LVL 99,000 EUR 139,538.17 USD 194,556.48 on turnover of LVL 2.346 mn for 2009 .",0,"According to the Latvian business register , Uponor Latvia closed in red with LVL 99,000 EUR 139,538.17 USD 194,556.48 on turnover of LVL 2.346 mn for 2009 ."
The value of the confirmed aircraft orders totals EUR 2bn .,1,The value of the confirmed aircraft orders totals EUR 2bn .
"Body ES Vostok also owns stakes in power sales companies MosenergosbytBody ( RTS : MSSB ) ( 50.9 % ) , Altaienergosbyt ( 100 % ) , Saratovenergo ( RTS : SARE ) Body ( 48.36 % ) and Tambov Power Sales Company ( RTS : TASB ) ( 49.01 % ) , all ofBodywhich it received from the distribution balance .",1,"Body ES Vostok also owns stakes in power sales companies MosenergosbytBody ( RTS : MSSB ) ( 50.9 % ) , Altaienergosbyt ( 100 % ) , Saratovenergo ( RTS : SARE ) Body ( 48.36 % ) and Tambov Power Sales Company ( RTS : TASB ) ( 49.01 % ) , all ofBodywhich it received from the distribution balance ."
"The product advisory does not apply to any other Nokia-branded battery , the company said .",1,"The product advisory does not apply to any other Nokia-branded battery , the company said ."
"Swedbank Hypotek - Is to issue a benchmark , fixed rate covered deal in Euros , maturing January 2010 .",1,"Swedbank Hypotek - Is to issue a benchmark , fixed rate covered deal in Euros , maturing January 2010 ."
"Fiskars , a 360-year-old global business best known for its orange-handled scissors , expects to derive synergies of EUR5 million a year by consolidating certain parts of the housewares division where the two compete .",2,"Fiskars , a 360-year-old global business best known for its orange-handled scissors , expects to derive synergies of EUR5 million a year by consolidating certain parts of the housewares division where the two compete ."
"The total headcount reduction will be 50 persons , the company said .",0,"The total headcount reduction will be 50 persons , the company said ."
"The latest result included per-share charges of 5 cents for stock compensation , 1 cent for research and development and 1 cent for strategic investments .",1,"The latest result included per-share charges of 5 cents for stock compensation , 1 cent for research and development and 1 cent for strategic investments ."
Tikkurila acquired a majority stake in Kolorit Paints in the autumn of 2004 .,1,Tikkurila acquired a majority stake in Kolorit Paints in the autumn of 2004 .
The extracted filtrates are very high in clarity while the dried filter cakes meet required transport moisture limits (TMLs)for their ore grades .,1,The extracted filtrates are very high in clarity while the dried filter cakes meet required transport moisture limits (TMLs)for their ore grades .
"One of the opportunities would be to bring all Baltic meat processing to Rakvere , like processing was concentrated at the Vantaa meat-packing unit in Finland , the paper wrote .",1,"One of the opportunities would be to bring all Baltic meat processing to Rakvere , like processing was concentrated at the Vantaa meat-packing unit in Finland , the paper wrote ."
Operating profit rose to EUR 103.4 mn from EUR 23.2 in the corresponding period in 2006 .,2,Operating profit rose to EUR 103.4 mn from EUR 23.2 in the corresponding period in 2006 .
The Finnish company previously said its operating result will be lower than the break-even posted a year earlier .,0,The Finnish company previously said its operating result will be lower than the break-even posted a year earlier .
"The refining margin for the year was $ 13.39 - bbl , compared to $ 10.46 - bbl in the prior year .",2,"The refining margin for the year was $ 13.39 - bbl , compared to $ 10.46 - bbl in the prior year ."
"More than 50,000 tonnes of asphalt mix will be used in the contract .",1,"More than 50,000 tonnes of asphalt mix will be used in the contract ."
"`` We have a license agreement with Nokia Corp. which in part expires on April 9 , 2007 .",1,"`` We have a license agreement with Nokia Corp. which in part expires on April 9 , 2007 ."
The company 's board of directors would propose a dividend of EUR1 .00 per share for 2005 .,1,The company 's board of directors would propose a dividend of EUR1 .00 per share for 2005 .
"May 29 , 2010 ( CompaniesandMarkets.com delivered by Newstex ) -- This report provides key data and information on the meat , fish and poultry market in Finland .",1,"May 29 , 2010 ( CompaniesandMarkets.com delivered by Newstex ) -- This report provides key data and information on the meat , fish and poultry market in Finland ."
"`` The second quarter of 2010 was the firstquarter with growth in net sales since the third quarter of2008 , '' said Magnus Rosen , Ramirent CEO .",2,"`` The second quarter of 2010 was the firstquarter with growth in net sales since the third quarter of2008 , '' said Magnus Rosen , Ramirent CEO ."
"GeoSentric is acquiring extra financing by issuing a maximum of 220,000 new shares and a convertible bond with subscription rights for 880,000 shares , which have been fully subscribed .",1,"GeoSentric is acquiring extra financing by issuing a maximum of 220,000 new shares and a convertible bond with subscription rights for 880,000 shares , which have been fully subscribed ."
"In 2008 , it generated net sales of EUR 9.3 million USD 13.1 m .",1,"In 2008 , it generated net sales of EUR 9.3 million USD 13.1 m ."
"EQT has completed its exit from Salcomp , a Finnish company that makes mobile phone chargers , by selling its remaining stake to Swedish investment group Nordstjernan for about ( EURO ) 35 million ( $ 47 million ) .",1,"EQT has completed its exit from Salcomp , a Finnish company that makes mobile phone chargers , by selling its remaining stake to Swedish investment group Nordstjernan for about ( EURO ) 35 million ( $ 47 million ) ."
"( ADP News ) - Finnish handling systems provider Cargotec Oyj ( HEL : CGCBV ) announced on Friday it won orders worth EUR 10 million ( USD 13.2 m ) to deliver linkspans to Jordan , Morocco and Ireland .",2,"( ADP News ) - Finnish handling systems provider Cargotec Oyj ( HEL : CGCBV ) announced on Friday it won orders worth EUR 10 million ( USD 13.2 m ) to deliver linkspans to Jordan , Morocco and Ireland ."
Amanda said that it had already made a USD5 .0 m investment commitment in Russia Partners II fund in July 2005 .,1,Amanda said that it had already made a USD5 .0 m investment commitment in Russia Partners II fund in July 2005 .
"In September alone , the market declined by 10.2 percent year-on-year to 19.28 million liters .",0,"In September alone , the market declined by 10.2 percent year-on-year to 19.28 million liters ."
The energy shot is packed in a 100-millilitre bag with a screw cap .,1,The energy shot is packed in a 100-millilitre bag with a screw cap .
"ITG 's share in the deal is estimated at some 500,000 euro $ 627,000 .",1,"ITG 's share in the deal is estimated at some 500,000 euro $ 627,000 ."
In 2007 Etteplan reported a turnover of EUR125 .2 m.,1,In 2007 Etteplan reported a turnover of EUR125 .2 m.
Operating income rose to EUR 696.4 mn from EUR 600.3 mn in 2009 .,2,Operating income rose to EUR 696.4 mn from EUR 600.3 mn in 2009 .
The value of the contracts is about EUR 3.3 mn .,1,The value of the contracts is about EUR 3.3 mn .
"The company has the poser , who wants to impress people with the latest handset .",1,"The company has the poser , who wants to impress people with the latest handset ."
The deal means that ten persons in three countries will transfer to Tieto .,1,The deal means that ten persons in three countries will transfer to Tieto .
"According to CEO Kai Telanne , the company 's newspapers achieved the best financial result ever .",2,"According to CEO Kai Telanne , the company 's newspapers achieved the best financial result ever ."
"The construction of a large woodworking facility in the Sheksna district of the Vologda Region , in northwest Russia , will begin in 2009 , and the plant will start production in 2011 .",1,"The construction of a large woodworking facility in the Sheksna district of the Vologda Region , in northwest Russia , will begin in 2009 , and the plant will start production in 2011 ."
The deal also includes a ten-year maintenance agreement .,1,The deal also includes a ten-year maintenance agreement .
"According to Atria 's President and CEO Matti Tikkakoski , the company 's Swedish operations significantly improved in the first quarter .",2,"According to Atria 's President and CEO Matti Tikkakoski , the company 's Swedish operations significantly improved in the first quarter ."
"LLC , a voice and data management solution provider to wireless companies with operations worldwide , will be transferring its U.S. deployment operations to the Finnish mobile giant , which includes civil works and site acquisition services .",1,"LLC , a voice and data management solution provider to wireless companies with operations worldwide , will be transferring its U.S. deployment operations to the Finnish mobile giant , which includes civil works and site acquisition services ."
Mr K.R. Vasantha has been appointed Managing Director of Incap Contract Manufacturing Services Pvt. Ltd. .,1,Mr K.R. Vasantha has been appointed Managing Director of Incap Contract Manufacturing Services Pvt. Ltd. .
"The workforce will be reduced also in the Amsterdam office , in the Netherlands .",0,"The workforce will be reduced also in the Amsterdam office , in the Netherlands ."
"`` While concerns remain longer term , size and scale may enable Nokia to hold on to its newfound margin improvements in the near term , '' the analyst wrote .",2,"`` While concerns remain longer term , size and scale may enable Nokia to hold on to its newfound margin improvements in the near term , '' the analyst wrote ."
BM4 middle layer headbox will be equipped with a dilution control system .,1,BM4 middle layer headbox will be equipped with a dilution control system .
The serial bond is part of the plan to refinance the short-term credit facility .,1,The serial bond is part of the plan to refinance the short-term credit facility .
"These financing arrangements will enable the company to ensure , in line with its treasury policy , that it has sufficient financial instruments at its disposal for its potential capital requirements .",2,"These financing arrangements will enable the company to ensure , in line with its treasury policy , that it has sufficient financial instruments at its disposal for its potential capital requirements ."
"Net sales totaled EUR 93.6 mn , up from EUR 93.2 mn in the corresponding period in 2005 .",2,"Net sales totaled EUR 93.6 mn , up from EUR 93.2 mn in the corresponding period in 2005 ."
"Our customers include companies in the energy and process industry sectors , in particular .",1,"Our customers include companies in the energy and process industry sectors , in particular ."
Finnair said that the cancellation of flights would cause daily losses of  x20ac 2.5 million US$ 3 million .,0,Finnair said that the cancellation of flights would cause daily losses of x20ac 2.5 million US$ 3 million .
The value of the deal is estimated at between SEK25m and SEK50m .,1,The value of the deal is estimated at between SEK25m and SEK50m .
Sales rose to 300.9 mln eur compared with last year 's 276.1 mln eur and in line with 299 mln eur consensus figure .,2,Sales rose to 300.9 mln eur compared with last year 's 276.1 mln eur and in line with 299 mln eur consensus figure .
"YIT acquired investment rights to a 10,000 square metre residential project in Yaroslavl and to a 16,400 square metre project in Moscow .",1,"YIT acquired investment rights to a 10,000 square metre residential project in Yaroslavl and to a 16,400 square metre project in Moscow ."
"Sponda is a property investment company , specialising in commercial properties in the largest cities in Finland and Russia .",1,"Sponda is a property investment company , specialising in commercial properties in the largest cities in Finland and Russia ."
Poyry is recognized as one of the world 's leading advisors to the global forestry industry .,2,Poyry is recognized as one of the world 's leading advisors to the global forestry industry .
"The company 's transportation business is conducted through Florida Rock & Tank Lines , which is a Southeastern transportation company concentrating in the hauling by motor carrier of liquid and dry bulk commodities .",1,"The company 's transportation business is conducted through Florida Rock & Tank Lines , which is a Southeastern transportation company concentrating in the hauling by motor carrier of liquid and dry bulk commodities ."
"Only this time , Nokia , India 's largest MNC , has sought out a topic that could spark off a million approaches ` Creativity in Emerging Markets .",1,"Only this time , Nokia , India 's largest MNC , has sought out a topic that could spark off a million approaches ` Creativity in Emerging Markets ."
"For the purposes of the possible acquisition , PKC would establish a subsidiary in Poland .",1,"For the purposes of the possible acquisition , PKC would establish a subsidiary in Poland ."
"OVA Press has a 60 % stake in the joint venture , while IMSM holds a 40 % stake .",1,"OVA Press has a 60 % stake in the joint venture , while IMSM holds a 40 % stake ."
Their names have not yet been released .,1,Their names have not yet been released .
Ingen is an established medical device manufacturer with an emerging new medical product line for the respiratory market worth an estimated $ 4 billion in the U.S. and $ 8 billion globally .,1,Ingen is an established medical device manufacturer with an emerging new medical product line for the respiratory market worth an estimated $ 4 billion in the U.S. and $ 8 billion globally .
These share transactions are part of the company 's strategy of relinquishing assets that are not part of its core business .,1,These share transactions are part of the company 's strategy of relinquishing assets that are not part of its core business .
It includes options for additional 30 communal building sites as well as construction supervision works for all construction sites .,1,It includes options for additional 30 communal building sites as well as construction supervision works for all construction sites .
The expansion aims to attract new customers both in Finland and abroad .,2,The expansion aims to attract new customers both in Finland and abroad .
"The total value of the order , placed by Aspo ' marine transportation subsidiary ESL Shipping Oy , is EUR 60 million ( USD 77.5 m ) .",1,"The total value of the order , placed by Aspo ' marine transportation subsidiary ESL Shipping Oy , is EUR 60 million ( USD 77.5 m ) ."
"Sales improved to SEK 1,553 mn , compared with SEK 1,408 mn .",2,"Sales improved to SEK 1,553 mn , compared with SEK 1,408 mn ."
The company has exported into about twenty European countries as well as to Africa .,1,The company has exported into about twenty European countries as well as to Africa .
"Sales in Latin America increased by 42 % to EUR 432mn , and a total of 8.7 mn mobile devices were sold in the area , representing an increase of 32 % from the corresponding period in 2009 .",2,"Sales in Latin America increased by 42 % to EUR 432mn , and a total of 8.7 mn mobile devices were sold in the area , representing an increase of 32 % from the corresponding period in 2009 ."
Nokia has inaugurated its manufacturing plant near Chennai on 11 Mar 2006 .,1,Nokia has inaugurated its manufacturing plant near Chennai on 11 Mar 2006 .
Diluted earnings per share ( EPS ) rose to EUR 3.68 from EUR 0.50 .,2,Diluted earnings per share ( EPS ) rose to EUR 3.68 from EUR 0.50 .
"The equipment Ixonos acquires with this deal includes mechanical engineering hardware ; an RF and antenna measurement laboratory ; facilities for the measurement of audio , cameras and displays ; as well as devices and robot units for the testing of mobile devices .",1,"The equipment Ixonos acquires with this deal includes mechanical engineering hardware ; an RF and antenna measurement laboratory ; facilities for the measurement of audio , cameras and displays ; as well as devices and robot units for the testing of mobile devices ."
"Componenta is a metal sector company with international operations and production plants located in Finland , the Netherlands , Sweden and Turkey .",1,"Componenta is a metal sector company with international operations and production plants located in Finland , the Netherlands , Sweden and Turkey ."
This corresponds to 6.81 percent of Okmetic 's share capital and voting rights .,1,This corresponds to 6.81 percent of Okmetic 's share capital and voting rights .
To raise consumer awareness and encourage people to recycle their old mobile devices Nokia runs regular recycling campaigns around the world .,1,To raise consumer awareness and encourage people to recycle their old mobile devices Nokia runs regular recycling campaigns around the world .
It posted a turnover of 4.5 mln euro $ 6.1 mln and an operating profit of 1.5 mln euro $ 2.0 mln for 2006 .,1,It posted a turnover of 4.5 mln euro $ 6.1 mln and an operating profit of 1.5 mln euro $ 2.0 mln for 2006 .
`` Our customer has been satisfied with Basware Invoice Automation solution and extends the implementation to new geographies .,2,`` Our customer has been satisfied with Basware Invoice Automation solution and extends the implementation to new geographies .
The front surfaces of these valve plates are directed towards each other .,1,The front surfaces of these valve plates are directed towards each other .
We offer our customers solutions based on renewable raw materials .,1,We offer our customers solutions based on renewable raw materials .
Vacon recently announced plans to build its North American headquarters at 5 Business Park in Chambersburg .,1,Vacon recently announced plans to build its North American headquarters at 5 Business Park in Chambersburg .
Results are expected late in 2006 .,1,Results are expected late in 2006 .
"Finnish IT consultancy Satama Interactive Oyj said on November 13 , 2006 that Jarmo Lonnfors took up the position of CEO .",1,"Finnish IT consultancy Satama Interactive Oyj said on November 13 , 2006 that Jarmo Lonnfors took up the position of CEO ."
The cooperation will double The Switch 's converter capacity .,2,The cooperation will double The Switch 's converter capacity .
"FinancialWire ( tm ) , in cooperation with the Investrend Broadcast Syndicate , also provides complete , daily conference call and webcast schedules as a service to shareholders and investors via the FirstAlert ( tm ) Networks oeFirstAlert ( tm ) Daily .",1,"FinancialWire ( tm ) , in cooperation with the Investrend Broadcast Syndicate , also provides complete , daily conference call and webcast schedules as a service to shareholders and investors via the FirstAlert ( tm ) Networks oeFirstAlert ( tm ) Daily ."
Diluted EPS rose to EUR3 .68 from EUR0 .50 .,2,Diluted EPS rose to EUR3 .68 from EUR0 .50 .
Finnish consumer packaging manufacturer Huhtamaki Oyj said it swung to a net profit of 84.1 mln euro $ 105.6 mln in the first nine months of 2006 from a net loss of 2.6 mln euro $ 3.3 mln in the same period of 2005 .,2,Finnish consumer packaging manufacturer Huhtamaki Oyj said it swung to a net profit of 84.1 mln euro $ 105.6 mln in the first nine months of 2006 from a net loss of 2.6 mln euro $ 3.3 mln in the same period of 2005 .
"Den Bosch-based TomTom is Europe 's largest maker of automotive navigation devices , while Cayman Islands-based Garmin is larger in the U.S. and overall .",1,"Den Bosch-based TomTom is Europe 's largest maker of automotive navigation devices , while Cayman Islands-based Garmin is larger in the U.S. and overall ."
"Ragutis , which is based in Lithuania 's second-largest city Kaunas , boosted its sales last year 22.3 per cent to 36.4 million liters .",2,"Ragutis , which is based in Lithuania 's second-largest city Kaunas , boosted its sales last year 22.3 per cent to 36.4 million liters ."
"The Stockmann department store will have a total floor space of over 8,000 square metres and Stockmann 's investment in the project will have a price tag of about EUR 12 million .",1,"The Stockmann department store will have a total floor space of over 8,000 square metres and Stockmann 's investment in the project will have a price tag of about EUR 12 million ."
"The technology will become available to businesses from the fourth quarter , Nokia said .",1,"The technology will become available to businesses from the fourth quarter , Nokia said ."
Finnish property investment company Citycon plans to issue directed subordinated convertible bonds to institutional investors .,1,Finnish property investment company Citycon plans to issue directed subordinated convertible bonds to institutional investors .
`` This is a win for all OEMs targeting to develop WiMAX products .,2,`` This is a win for all OEMs targeting to develop WiMAX products .
"Nordstjernan will make the offer in approximately one month , in September 2007 .",1,"Nordstjernan will make the offer in approximately one month , in September 2007 ."
Finnish Civil Aviation Administration decided to temporarily reopen Finnish capital 's Helsinki airport since 3 p.m. to 11 p.m. Monday local time .,1,Finnish Civil Aviation Administration decided to temporarily reopen Finnish capital 's Helsinki airport since 3 p.m. to 11 p.m. Monday local time .
"The report profiles 158 companies including many key and niche players including major Nonwovens manufacturers such as Ahlstrom Corporation , Asahi Kasei Corporation , Buckeye Technologies , Inc. , EI .",1,"The report profiles 158 companies including many key and niche players including major Nonwovens manufacturers such as Ahlstrom Corporation , Asahi Kasei Corporation , Buckeye Technologies , Inc. , EI ."
Finnish airline Finnair is starting the temporary layoffs of cabin crews in February 2010 .,0,Finnish airline Finnair is starting the temporary layoffs of cabin crews in February 2010 .
"Profit for the period was EUR 10.9 mn , down from EUR 14.3 mn in 2009 .",0,"Profit for the period was EUR 10.9 mn , down from EUR 14.3 mn in 2009 ."
"The company reported a profit of 800,000 euro ($ 1.2 mln)on the sale of its Varesvuo Partners sub-group and a loss of 400,000 euro $ 623,000 caused by the sale of its program production subsidiary Oy Filmiteollisuus Fine Ab .",1,"The company reported a profit of 800,000 euro ($ 1.2 mln)on the sale of its Varesvuo Partners sub-group and a loss of 400,000 euro $ 623,000 caused by the sale of its program production subsidiary Oy Filmiteollisuus Fine Ab ."
First quarter underlying operating profit rose to 41 mln eur from 33 mln a year earlier .,2,First quarter underlying operating profit rose to 41 mln eur from 33 mln a year earlier .
"Biohit Oyj develops , manufactures and markets liquid handling products and diagnostic test systems for use in research , healthcare and industrial laboratories .",1,"Biohit Oyj develops , manufactures and markets liquid handling products and diagnostic test systems for use in research , healthcare and industrial laboratories ."
`` There is no room to modify the share component as we have already indicated . '',1,`` There is no room to modify the share component as we have already indicated . ''
Operating profit for continuing operations fell to EUR 48.3 mn from EUR 72.4 mn in the first half of 2007 .,0,Operating profit for continuing operations fell to EUR 48.3 mn from EUR 72.4 mn in the first half of 2007 .
"At end-August , Sampo was Nordea 's biggest shareholder with a 20.6 % stake , followed by the state with 19.9 % .",1,"At end-August , Sampo was Nordea 's biggest shareholder with a 20.6 % stake , followed by the state with 19.9 % ."
The oil shale feeder-supply solution will deliver crushed oil shale to the shale oil refinery already in operation as well as to the novel Enefit-280 shale oil technology processing plant .,1,The oil shale feeder-supply solution will deliver crushed oil shale to the shale oil refinery already in operation as well as to the novel Enefit-280 shale oil technology processing plant .
"schwalm ( at ) outotec.com Eila Paatela , Vice President - Corporate Communications tel. +358 20 529 2004 , mobile +358 400 817198 e-mail eila .",1,"schwalm ( at ) outotec.com Eila Paatela , Vice President - Corporate Communications tel. +358 20 529 2004 , mobile +358 400 817198 e-mail eila ."
"`` My wife is looking forward to getting a paycheck again , '' he quipped recently as a six-knot current swirled around his anchored and heavily sponsored jet sled .",1,"`` My wife is looking forward to getting a paycheck again , '' he quipped recently as a six-knot current swirled around his anchored and heavily sponsored jet sled ."
Incap Contract Manufacturing Services Private Limited has inked agreements with six new customers in India .,2,Incap Contract Manufacturing Services Private Limited has inked agreements with six new customers in India .
"Incap , headquartered in Oulu , Finland , is a electronics contract manufacturer with some 750 employees in Finland , Estonia and India .",1,"Incap , headquartered in Oulu , Finland , is a electronics contract manufacturer with some 750 employees in Finland , Estonia and India ."
We are now in a position to pursue novel clinical candidates going forward . '',2,We are now in a position to pursue novel clinical candidates going forward . ''
"Rockwell Collins is a provider of flight deck , cabin and information management solutions for business aircraft operators .",1,"Rockwell Collins is a provider of flight deck , cabin and information management solutions for business aircraft operators ."
Finnish Talvivaara Mining Co HEL : TLV1V said Thursday it had picked BofA Merrill Lynch and JPMorgan NYSE : JPM as joint bookrunners of its planned issue of convertible notes worth up to EUR250m USD332m .,1,Finnish Talvivaara Mining Co HEL : TLV1V said Thursday it had picked BofA Merrill Lynch and JPMorgan NYSE : JPM as joint bookrunners of its planned issue of convertible notes worth up to EUR250m USD332m .
"The talks involved the Food and Ingredients Divisions , as well as group service functions , the company said .",1,"The talks involved the Food and Ingredients Divisions , as well as group service functions , the company said ."
Performance in the second half of 2009 exceeded expectations .,2,Performance in the second half of 2009 exceeded expectations .
Operating profit improved by 16.7 % to EUR 7.7 mn .,2,Operating profit improved by 16.7 % to EUR 7.7 mn .
`` We have the most expensive water brand in Finland at the moment . '',1,`` We have the most expensive water brand in Finland at the moment . ''
Finnish developer and manufacturer of mobile phone chargers Salcomp Plc OMX Helsinki : SAL1V on Wednesday 19 November lowered its full-year net sales estimate .,0,Finnish developer and manufacturer of mobile phone chargers Salcomp Plc OMX Helsinki : SAL1V on Wednesday 19 November lowered its full-year net sales estimate .
"` We respect their decision ... the discussions are now closed , ' said Kai Telanne , Alma Media 's CEO .",1,"` We respect their decision ... the discussions are now closed , ' said Kai Telanne , Alma Media 's CEO ."
The indexes include the top companies that are committed to sustainable development .,1,The indexes include the top companies that are committed to sustainable development .
"`` Small firms are suffering at the moment because they are likely to have money trouble , '' he added .",0,"`` Small firms are suffering at the moment because they are likely to have money trouble , '' he added ."
Finnish operator Elisa and Aker Yards have signed a long-term service deal through which Elisa will deliver all necessary voice and data services for Aker Yards in Finland .,2,Finnish operator Elisa and Aker Yards have signed a long-term service deal through which Elisa will deliver all necessary voice and data services for Aker Yards in Finland .
"Under the rental agreement , Stockmann was committed to invest in the building of a bridge over the Gogol Street or build an underground tunnel for crossing the street by 2004 .",1,"Under the rental agreement , Stockmann was committed to invest in the building of a bridge over the Gogol Street or build an underground tunnel for crossing the street by 2004 ."
"The 50-50 joint venture , to be called Nokia Siemens Networks , will be comprised of Nokia 's network business group and Siemens ' carrier-related operations , creating estimated synergies of 1.5 billion euros ( $ 1.9 billion ) by 2010 , Nokia said .",2,"The 50-50 joint venture , to be called Nokia Siemens Networks , will be comprised of Nokia 's network business group and Siemens ' carrier-related operations , creating estimated synergies of 1.5 billion euros ( $ 1.9 billion ) by 2010 , Nokia said ."
"Comptel Corporation Sami Ervio President and CEO , Distribution : NASDAQ OMX Helsinki Major media Comptel Dynamic OSS solutions enable telecom service providers to deliver services flexibly and charge them effectively .",1,"Comptel Corporation Sami Ervio President and CEO , Distribution : NASDAQ OMX Helsinki Major media Comptel Dynamic OSS solutions enable telecom service providers to deliver services flexibly and charge them effectively ."
The mill has long traditions and holds an established position in the markets .,2,The mill has long traditions and holds an established position in the markets .
"The company is now intensifying its smelter operations and increasing its annual production capacity to 230,000 tonnes of copper .",2,"The company is now intensifying its smelter operations and increasing its annual production capacity to 230,000 tonnes of copper ."
`` With this new version it is very important for us to introduce a BIM process that is based on the detailed building information model .,1,`` With this new version it is very important for us to introduce a BIM process that is based on the detailed building information model .
"Net sales by the Sata-Flexo Group came to some EUR4 .3 m in 2007 , and the group companies employed a total of 40 people .",1,"Net sales by the Sata-Flexo Group came to some EUR4 .3 m in 2007 , and the group companies employed a total of 40 people ."
"As earlier reported , Nokian Tyres is building a plant in the town of Vsevolozhsk in Russia 's Leningrad Region with an annual production capacity of 4 million tires .",1,"As earlier reported , Nokian Tyres is building a plant in the town of Vsevolozhsk in Russia 's Leningrad Region with an annual production capacity of 4 million tires ."
"In Finland , 71 % of paper and paperboard is reclaimed .",1,"In Finland , 71 % of paper and paperboard is reclaimed ."
"Profit before taxes was EUR 4.0 mn , down from EUR 4.9 mn .",0,"Profit before taxes was EUR 4.0 mn , down from EUR 4.9 mn ."
The company 's operating profit for 2006 stood at 39.6 mln euro ( $ 57.9 mln ) .,1,The company 's operating profit for 2006 stood at 39.6 mln euro ( $ 57.9 mln ) .
The company did not disclose the price of the acquisition .,1,The company did not disclose the price of the acquisition .
Scanfil issued a profit warning on 10 April 2006 .,0,Scanfil issued a profit warning on 10 April 2006 .
Other shareholder entitlements became effective today .,1,Other shareholder entitlements became effective today .
`` Marimekko aims to expand its distribution network primarily by increasing the number of concept stores and shop-in-shops .,1,`` Marimekko aims to expand its distribution network primarily by increasing the number of concept stores and shop-in-shops .
"Last week , however , Nokia announced that it will pursue a long-term relationship with Microsoft , and make the Windows Phone 7 operating system the foundation for Nokia mobile phones .",1,"Last week , however , Nokia announced that it will pursue a long-term relationship with Microsoft , and make the Windows Phone 7 operating system the foundation for Nokia mobile phones ."
4 January 2011 - Finnish media company Alma Media Corporation HEL : ALN1V said today its online recruitment service Monster Oy will partner with local newspaper publisher Suomen Lehtiyhtyma in listing job advertisements .,1,4 January 2011 - Finnish media company Alma Media Corporation HEL : ALN1V said today its online recruitment service Monster Oy will partner with local newspaper publisher Suomen Lehtiyhtyma in listing job advertisements .
Martela is a front runner in providing innovative solutions and customer service Martela designs and supplies interior solutions for working environments and public spaces .,1,Martela is a front runner in providing innovative solutions and customer service Martela designs and supplies interior solutions for working environments and public spaces .
The amending of the proposal simplifies the proposed plan and increases the incentive for key employees to stay in the Company .,2,The amending of the proposal simplifies the proposed plan and increases the incentive for key employees to stay in the Company .
The subsidiary is setting up a facility for manufacturing high-density interconnection printed circuit boards or PCBs at Nokia 's special economic zone at Sriperumbudur near Chennai .,1,The subsidiary is setting up a facility for manufacturing high-density interconnection printed circuit boards or PCBs at Nokia 's special economic zone at Sriperumbudur near Chennai .
"In the second quarter of 2009 , net sales through operator business partners represented 47 % of the Group 's total net sales .",1,"In the second quarter of 2009 , net sales through operator business partners represented 47 % of the Group 's total net sales ."
"The sale will be finalized in September or October , the company said .",1,"The sale will be finalized in September or October , the company said ."
"Finnish software company QPR Software Plc ( OMX Helsinki : QPR1V ) reported on Thursday ( 23 October ) an operating profit of EUR63 ,000 on net sales of EUR1 .5 m for the third quarter 2008 .",1,"Finnish software company QPR Software Plc ( OMX Helsinki : QPR1V ) reported on Thursday ( 23 October ) an operating profit of EUR63 ,000 on net sales of EUR1 .5 m for the third quarter 2008 ."
The first stage of the contract covers 133 stores and 600 cash registers .,1,The first stage of the contract covers 133 stores and 600 cash registers .
Salcomp Manufacturing Oy will pay EUR 35 million in cash to Salcomp in connection with the implementation of the sale and transfer of the Business .,1,Salcomp Manufacturing Oy will pay EUR 35 million in cash to Salcomp in connection with the implementation of the sale and transfer of the Business .
"The sale , comprising the margarine business in Finland and Poland , follows the approval of the Polish competition authorities earlier in October .",1,"The sale , comprising the margarine business in Finland and Poland , follows the approval of the Polish competition authorities earlier in October ."
Upon completion of the sale Proha would get some USD12 .7 m for its stake in Artemis .,1,Upon completion of the sale Proha would get some USD12 .7 m for its stake in Artemis .
BioTie North-American licensing partner Somaxon Pharmaceuticals started a phase II-III clinical study in patients suffering from pathological gambling and a pilot phase II study in nicotine addiction smoking cessation .,1,BioTie North-American licensing partner Somaxon Pharmaceuticals started a phase II-III clinical study in patients suffering from pathological gambling and a pilot phase II study in nicotine addiction smoking cessation .
"Operating profit for the nine-month period increased from EUR3 .1 m and net sales increased from EUR61 .5 m , as compared to the corresponding period in 2007 .",2,"Operating profit for the nine-month period increased from EUR3 .1 m and net sales increased from EUR61 .5 m , as compared to the corresponding period in 2007 ."
"Thanks to his wide contact network and good knowledge of market and business environment , he will give a great contribution to the further development of our Indian operations '' , tells Incap 's President & CEO Juhani Hanninen .",2,"Thanks to his wide contact network and good knowledge of market and business environment , he will give a great contribution to the further development of our Indian operations '' , tells Incap 's President & CEO Juhani Hanninen ."
Total operating revenue grew by 27.6 % year-on-year to EUR61m .,2,Total operating revenue grew by 27.6 % year-on-year to EUR61m .
"`` Over the years , the color orange has become synonymous with quality .",1,"`` Over the years , the color orange has become synonymous with quality ."
Finnish software developer Done Solutions Oyj said its net profit increased to 3.5 mln euro ( $ 4.6 mln ) in 2006 from 2.3 mln euro ( $ 3.0 mln ) in 2005 .,2,Finnish software developer Done Solutions Oyj said its net profit increased to 3.5 mln euro ( $ 4.6 mln ) in 2006 from 2.3 mln euro ( $ 3.0 mln ) in 2005 .
"The latest date for registration is on 4 April , 2006 .",1,"The latest date for registration is on 4 April , 2006 ."
Closing of such transaction took place today .,1,Closing of such transaction took place today .
"The company 's order book stood at 1.5 bln euro $ 2.2 bln on September 30 , 2007 , up by 24.2 pct on the year , with international orders amounting to 365 mln euro $ 534.3 mln .",2,"The company 's order book stood at 1.5 bln euro $ 2.2 bln on September 30 , 2007 , up by 24.2 pct on the year , with international orders amounting to 365 mln euro $ 534.3 mln ."
"Thus , SysOpen Digia has , in accordance with Chapter 14 Section 21 of the Finnish Companies Act 29.9.1978 - 734 , obtained title to all the shares of Sentera that are to be redeemed .",1,"Thus , SysOpen Digia has , in accordance with Chapter 14 Section 21 of the Finnish Companies Act 29.9.1978 - 734 , obtained title to all the shares of Sentera that are to be redeemed ."
"Operating profit for the six-month period decreased from EUR111 .9 m , while sales increased from EUR1 ,275 m , as compared to the corresponding period in 2006 .",1,"Operating profit for the six-month period decreased from EUR111 .9 m , while sales increased from EUR1 ,275 m , as compared to the corresponding period in 2006 ."
"For 2009 , Incap expects revenue of some EUR 70 million .",1,"For 2009 , Incap expects revenue of some EUR 70 million ."
"Nordea Pankki Suomi Oyj , according to previously announced , has made forward contracts on Alma Media Corporation shares .",1,"Nordea Pankki Suomi Oyj , according to previously announced , has made forward contracts on Alma Media Corporation shares ."
"Net interest income totaled EUR 15.9 mn , compared to EUR 15.6 mn a year earlier .",2,"Net interest income totaled EUR 15.9 mn , compared to EUR 15.6 mn a year earlier ."
The announced restructuring will significantly decrease the Company 's indebtedness .,2,The announced restructuring will significantly decrease the Company 's indebtedness .
"In a note to clients published , the Dutch broker described the company 's third quarter results as ` soft ' , although it also noted that Elcoteq retained its guidance , dealers said .",1,"In a note to clients published , the Dutch broker described the company 's third quarter results as ` soft ' , although it also noted that Elcoteq retained its guidance , dealers said ."
Mr. Doring has been with Eaton since 1989 and acted as the Business Unit Manager for Eaton 's Power Controls Business Unit since January 2007 .,1,Mr. Doring has been with Eaton since 1989 and acted as the Business Unit Manager for Eaton 's Power Controls Business Unit since January 2007 .
The Board of Directors was authorized to decide on other terms of the share issue .,1,The Board of Directors was authorized to decide on other terms of the share issue .
"According to PKC , the acquisition would bring a significant addition to PKC 's customer base .",2,"According to PKC , the acquisition would bring a significant addition to PKC 's customer base ."
The total need for staff cuts corresponds to about 300 man-years .,0,The total need for staff cuts corresponds to about 300 man-years .
"The scope of the project is to find the most cost-efficient method for phosphorous removal and to deliver the storing and dosing equipment , which can be used in continuous operation at the plants .",1,"The scope of the project is to find the most cost-efficient method for phosphorous removal and to deliver the storing and dosing equipment , which can be used in continuous operation at the plants ."
"In the building and home improvement trade , net sales totalled EUR 1,173 mn , down from EUR 1,566 mn a year earlier .",0,"In the building and home improvement trade , net sales totalled EUR 1,173 mn , down from EUR 1,566 mn a year earlier ."
"This implementation is very important to the operator , since it is about to launch its Fixed-to-Mobile convergence service in Brazil see Brazil : 8 May 2006 : .",1,"This implementation is very important to the operator , since it is about to launch its Fixed-to-Mobile convergence service in Brazil see Brazil : 8 May 2006 : ."
"The 718,430 new Series A shares will become subject to trading on the Helsinki Stock Exchange 's Main List , together with the old Series A shares , on July 3 , 2006 .",1,"The 718,430 new Series A shares will become subject to trading on the Helsinki Stock Exchange 's Main List , together with the old Series A shares , on July 3 , 2006 ."
"Operating loss totalled EUR 12.7 mn , compared to a profit of EUR 17.7 mn in the first half of 2008 .",0,"Operating loss totalled EUR 12.7 mn , compared to a profit of EUR 17.7 mn in the first half of 2008 ."
Aspokem posted an operating profit of 2.7 mln euro ( $ 3.5 mln ) and net sales of 89.1 mln euro ( $ 116.8 mln ) in 2006 .,1,Aspokem posted an operating profit of 2.7 mln euro ( $ 3.5 mln ) and net sales of 89.1 mln euro ( $ 116.8 mln ) in 2006 .
Renesas Mobile Europe Ltd has approximately 470 employees in Oulu .,1,Renesas Mobile Europe Ltd has approximately 470 employees in Oulu .
"Aldata Solution , a global company engaged in supplier to consumer business process optimization , has announced the details of its Dollars for Dinosaurs program .",1,"Aldata Solution , a global company engaged in supplier to consumer business process optimization , has announced the details of its Dollars for Dinosaurs program ."
"Lember said the matter was topical also in Estonia , where a bill has been drafted at the Social Affairs Ministry that would scrap old-age pensions on favorable conditions .",1,"Lember said the matter was topical also in Estonia , where a bill has been drafted at the Social Affairs Ministry that would scrap old-age pensions on favorable conditions ."
"The company booked April-June new orders worth 949 mln eur , compared with 786 mln eur in the same period a year ago .",2,"The company booked April-June new orders worth 949 mln eur , compared with 786 mln eur in the same period a year ago ."
"Finnish electronics contract manufacturer Scanfil had net sales of EUR 52.2 mn in the first quarter of 2007 , down from EUR 60.1 mn a year before .",0,"Finnish electronics contract manufacturer Scanfil had net sales of EUR 52.2 mn in the first quarter of 2007 , down from EUR 60.1 mn a year before ."
The transaction value is CAD 15 million approximately EUR 10 million .,1,The transaction value is CAD 15 million approximately EUR 10 million .
Currently the quarterly applied surcharges differ significantly from the actual market prices .,1,Currently the quarterly applied surcharges differ significantly from the actual market prices .
He will report to CapMan Plc 's CEO Heikki Westerlund .,1,He will report to CapMan Plc 's CEO Heikki Westerlund .
A merger between UPM and Finnish-Swedish Stora Enso is not likely either .,1,A merger between UPM and Finnish-Swedish Stora Enso is not likely either .
"Prothious Engineering ( www.prothious.com ) employs more than 1,000 and has a large portfolio of projects and an annual detailing capacity of more than 100,000 tonnes .",1,"Prothious Engineering ( www.prothious.com ) employs more than 1,000 and has a large portfolio of projects and an annual detailing capacity of more than 100,000 tonnes ."
Recently the company decided to build a second identical plant at the same site due to be commissioned toward the end of 2008 .,1,Recently the company decided to build a second identical plant at the same site due to be commissioned toward the end of 2008 .
"In the end of 2006 , the number of outlets will rise to 60-70 .",2,"In the end of 2006 , the number of outlets will rise to 60-70 ."
In 2008 Stockmann earned 3.398 million lats in profit on 48.012 million lats in turnover .,1,In 2008 Stockmann earned 3.398 million lats in profit on 48.012 million lats in turnover .
"In the third quarter , net sales increased by 12 % year-on-year to EUR159 .5 m , or by 6 % at comparable currency rates growth .",2,"In the third quarter , net sales increased by 12 % year-on-year to EUR159 .5 m , or by 6 % at comparable currency rates growth ."
No other ev3 devices were involved in this action .,1,No other ev3 devices were involved in this action .
"Finnish Vaahto Group that provides paper-making technology and process machinery is starting negotiations concerning the temporary lay-offs of all 140 employees at the company 's plants in Hollola and Tampere , in Finland .",0,"Finnish Vaahto Group that provides paper-making technology and process machinery is starting negotiations concerning the temporary lay-offs of all 140 employees at the company 's plants in Hollola and Tampere , in Finland ."
Why not give your bedroom a cool makeover for summer .,1,Why not give your bedroom a cool makeover for summer .
"Both operating profit and net sales for the 12-month period increased , respectively from EUR21 .5 m and EUR196 .1 m , as compared to 2005 .",2,"Both operating profit and net sales for the 12-month period increased , respectively from EUR21 .5 m and EUR196 .1 m , as compared to 2005 ."
The new factory working model and reorganisations would decrease Nokian Tyres ' costs in the factory by EUR 30 million ( USD 38.7 m ) .,2,The new factory working model and reorganisations would decrease Nokian Tyres ' costs in the factory by EUR 30 million ( USD 38.7 m ) .
Number of offers received for this contract is two .,1,Number of offers received for this contract is two .
The bank 's leasing arm Nordea Liising ended the year with a profit of 4.4 million euros .,1,The bank 's leasing arm Nordea Liising ended the year with a profit of 4.4 million euros .
Operating profit rose to EUR 3.2 mn from EUR 1.0 mn in the corresponding period in 2008 .,2,Operating profit rose to EUR 3.2 mn from EUR 1.0 mn in the corresponding period in 2008 .
"ALEXANDRIA , Va. , June 7 -- Michael G. Williams of Newbury Park , Calif. , has developed a network device .",1,"ALEXANDRIA , Va. , June 7 -- Michael G. Williams of Newbury Park , Calif. , has developed a network device ."
"The sale , which will result in a gain of some EUR 60 million in the second quarter of 2010 for Oriola-KD , supports the Finnish company 's strategy to focus on pharmaceutical wholesale and retail operations .",2,"The sale , which will result in a gain of some EUR 60 million in the second quarter of 2010 for Oriola-KD , supports the Finnish company 's strategy to focus on pharmaceutical wholesale and retail operations ."
The operating margin came down to 2.4 % from 5.7 % .,0,The operating margin came down to 2.4 % from 5.7 % .
Tekla Group 's net sales for 2005 were approximately 38 million euros .,1,Tekla Group 's net sales for 2005 were approximately 38 million euros .
More than 80 special events in the three counties during four months were hosted by the library system and its nine branch libraries .,1,More than 80 special events in the three counties during four months were hosted by the library system and its nine branch libraries .
"The authorisation is in force until the end of the next Annual General Meeting and repeals the authorisation to acquire own shares given by the General Meeting held on April 4 , 2007 .",1,"The authorisation is in force until the end of the next Annual General Meeting and repeals the authorisation to acquire own shares given by the General Meeting held on April 4 , 2007 ."
"The reasons behind the estimate include the rise in 2008 rent levels and several fully-leased office and retail properties , which were completed and added to the company 's investment property portfolio .",1,"The reasons behind the estimate include the rise in 2008 rent levels and several fully-leased office and retail properties , which were completed and added to the company 's investment property portfolio ."
"However , this increases signaling traffic which wastes network resources and allows fewer smartphones to connect .",0,"However , this increases signaling traffic which wastes network resources and allows fewer smartphones to connect ."
The maximum number of new shares to be offered is 22 million .,1,The maximum number of new shares to be offered is 22 million .
Construction is expected to be completed in the summer of 2011 .,1,Construction is expected to be completed in the summer of 2011 .
"As part of its new strategy , Finnish Biohit is planning to incorporate its diagnostics business into a separate limited company .",1,"As part of its new strategy , Finnish Biohit is planning to incorporate its diagnostics business into a separate limited company ."
"Lithuanian beer makers sold 256.88 million liters of beer in 2005 , a rise of 4.5 per cent from the year-earlier figure of 245.92 million liters .",2,"Lithuanian beer makers sold 256.88 million liters of beer in 2005 , a rise of 4.5 per cent from the year-earlier figure of 245.92 million liters ."
"The price of raw material aluminium went up at the end of 2005 , but the company considers its outlook for 2006 favourable .",2,"The price of raw material aluminium went up at the end of 2005 , but the company considers its outlook for 2006 favourable ."
fi is developing cooperation in keyword advertising with Microsoft .,2,fi is developing cooperation in keyword advertising with Microsoft .
The customer is cooperative retailer Osuuskauppa Suur-Savo .,1,The customer is cooperative retailer Osuuskauppa Suur-Savo .
"The maximum obligated total trades per day is ISK 400,000,000 market value .",1,"The maximum obligated total trades per day is ISK 400,000,000 market value ."
"The company is in the process of building a new fleet and has placed orders for 10 P-Max tankers of 65,200 dwt .",2,"The company is in the process of building a new fleet and has placed orders for 10 P-Max tankers of 65,200 dwt ."
"The company had earlier said that it was considering different strategic options for the struggling low-cost mobile operator , including a divestment of its holding .",1,"The company had earlier said that it was considering different strategic options for the struggling low-cost mobile operator , including a divestment of its holding ."
"Digia will also set up two subsidiaries , Digia Norway AS and Digia USA Inc. .",1,"Digia will also set up two subsidiaries , Digia Norway AS and Digia USA Inc. ."
"Z. Bavelloni 's long-standing MD , Dino Bavelloni , has retired at the end of 2005 .",1,"Z. Bavelloni 's long-standing MD , Dino Bavelloni , has retired at the end of 2005 ."
Stockmann MasterCard has widened the scope of this cooperation to Estonia and Latvia .,2,Stockmann MasterCard has widened the scope of this cooperation to Estonia and Latvia .
Alfa group will have 43.9 % of voting stock in the new company and Telenor 35.4 % with a free float of 20.7 % .,1,Alfa group will have 43.9 % of voting stock in the new company and Telenor 35.4 % with a free float of 20.7 % .
The number of magazine and newspaper readers remained unchanged .,1,The number of magazine and newspaper readers remained unchanged .
"Key shareholders of Finnish IT services provider TietoEnator Oyj on Friday rejected a hostile EUR1 .08 billion $ 1.67 billion offer from buyout shop Nordic Capital , giving new life to a possible counter offer from Blackstone Group LP and Norwegian telecom Telenor ASA .",2,"Key shareholders of Finnish IT services provider TietoEnator Oyj on Friday rejected a hostile EUR1 .08 billion $ 1.67 billion offer from buyout shop Nordic Capital , giving new life to a possible counter offer from Blackstone Group LP and Norwegian telecom Telenor ASA ."
"Operating profit excluding non-recurring items decreased to EUR 6.2 mn from EUR 16.8 mn in 2007 , representing 2.3 % of net sales .",0,"Operating profit excluding non-recurring items decreased to EUR 6.2 mn from EUR 16.8 mn in 2007 , representing 2.3 % of net sales ."
Finnish Aldata Solution has signed a contract of supply its G.O.L.D. system to two French retail chains .,2,Finnish Aldata Solution has signed a contract of supply its G.O.L.D. system to two French retail chains .
Sales of security and system packaging increased slightly .,2,Sales of security and system packaging increased slightly .
The issue came up in connection with discussion with local municipalities concerning the sale of water to industrial facilities .,1,The issue came up in connection with discussion with local municipalities concerning the sale of water to industrial facilities .
Earnings per share ( EPS ) amounted to a loss of to EUR0 .06 .,0,Earnings per share ( EPS ) amounted to a loss of to EUR0 .06 .
"In 2006 , TeliaSonera net sales were SEK 91 bn , EBITDA was SEK 32.266 bn , net income was SEK 19.28 bn .",1,"In 2006 , TeliaSonera net sales were SEK 91 bn , EBITDA was SEK 32.266 bn , net income was SEK 19.28 bn ."
"Tiimari 's registered share capital is 16,474,755 shares as per today .",1,"Tiimari 's registered share capital is 16,474,755 shares as per today ."
UNC Charlotte would also deploy SSH Tectia Connector to enable secure application connectivity .,1,UNC Charlotte would also deploy SSH Tectia Connector to enable secure application connectivity .
"The city will invite , however , a public procurement tender for the tailor-made public furniture , such as park benches , litter receptacles , public toilets , as well as bus shelters , street lights , and other .",1,"The city will invite , however , a public procurement tender for the tailor-made public furniture , such as park benches , litter receptacles , public toilets , as well as bus shelters , street lights , and other ."
"The paper industry 's de-inking sludge , which is produced in mills that use recycled fiber when printing ink is removed from recovered paper , is also a suitable raw material .",1,"The paper industry 's de-inking sludge , which is produced in mills that use recycled fiber when printing ink is removed from recovered paper , is also a suitable raw material ."
"The acquisition does not have to be from the frozen foods or fish sector , as long as it has synergies with L+ñnnen Tehtaat 's other businesses .",1,"The acquisition does not have to be from the frozen foods or fish sector , as long as it has synergies with L+ñnnen Tehtaat 's other businesses ."
Sponda will record a profit from the sale of 8.5 mln euro ($ 12.4 mln).,2,Sponda will record a profit from the sale of 8.5 mln euro ($ 12.4 mln).
The forecast for 2012 is 3.3 % .,1,The forecast for 2012 is 3.3 % .
"Operating profit totaled EUR 37,7 mn , up slightly from EUR 37.2 mn in the corresponding period in 2006 .",2,"Operating profit totaled EUR 37,7 mn , up slightly from EUR 37.2 mn in the corresponding period in 2006 ."
He said : `` It is for sale again and we will be actively marketing it .,1,He said : `` It is for sale again and we will be actively marketing it .
The Group 's revenue in 2009 amounted to EUR 70 million and the company currently employs approximately 780 people .,1,The Group 's revenue in 2009 amounted to EUR 70 million and the company currently employs approximately 780 people .
"Finnish Scanfil , a contract manufacturer and systems supplier for communication and industrial electronics reports net sales of EUR 108.7 mn in the first half of 2008 , down from EUR 111.1 mn a year earlier .",0,"Finnish Scanfil , a contract manufacturer and systems supplier for communication and industrial electronics reports net sales of EUR 108.7 mn in the first half of 2008 , down from EUR 111.1 mn a year earlier ."
"With the government exempting certain stainless steel products from anti-dumping duties , Finland-based Outokumpu today said it will look to enter into supply pacts with the Indian Railways soon .",1,"With the government exempting certain stainless steel products from anti-dumping duties , Finland-based Outokumpu today said it will look to enter into supply pacts with the Indian Railways soon ."
The agreement must be approved by the Russian competition authorities before it enters into force .,1,The agreement must be approved by the Russian competition authorities before it enters into force .
"In 2008 , AVC Systemhaus had net sales of EUR 10 million USD 7.1 m .",1,"In 2008 , AVC Systemhaus had net sales of EUR 10 million USD 7.1 m ."
Boomerang Boats had net sales of EUR 4.1 mn and it made an operating profit of EUR 0.4 mn in 2006 .,1,Boomerang Boats had net sales of EUR 4.1 mn and it made an operating profit of EUR 0.4 mn in 2006 .
All are welcome .,1,All are welcome .
"At the moment , Valio is not worried , but if the ban continues for long , it may become quite a problem .",0,"At the moment , Valio is not worried , but if the ban continues for long , it may become quite a problem ."
Nokia is also negotiating the product portfolio of the new company .,1,Nokia is also negotiating the product portfolio of the new company .
"After the sale , Savcor Group Ltd will comprise Savcor ART , a corporate function and an investment in Cencorp Corporation .",1,"After the sale , Savcor Group Ltd will comprise Savcor ART , a corporate function and an investment in Cencorp Corporation ."
Operating profit was EUR 1.6 mn in 2005 compared to EUR 5.9 mn in 2004 .,0,Operating profit was EUR 1.6 mn in 2005 compared to EUR 5.9 mn in 2004 .
"`` We are happy to be working with Rapala to encourage boaters and anglers to introduce newcomers to the sport , '' said RBFF President & CEO Frank Peterson .",2,"`` We are happy to be working with Rapala to encourage boaters and anglers to introduce newcomers to the sport , '' said RBFF President & CEO Frank Peterson ."
The company does not at present hold any of its own shares .,1,The company does not at present hold any of its own shares .
"Previously , EB delivered a custom solution for LG Electronics and now is making it commercially available for other mobile terminal vendors as well as to wireless operators .",2,"Previously , EB delivered a custom solution for LG Electronics and now is making it commercially available for other mobile terminal vendors as well as to wireless operators ."
"The Whitehall Street Real Estate Funds invest in real estate and real estate related assets , principally through the acquisition of real estate companies , real property and mortgage loans .",1,"The Whitehall Street Real Estate Funds invest in real estate and real estate related assets , principally through the acquisition of real estate companies , real property and mortgage loans ."
"Net sales in 2010 were about EUR 2.0 billion , of which international operations accounted for roughly a quarter .",1,"Net sales in 2010 were about EUR 2.0 billion , of which international operations accounted for roughly a quarter ."
"MegaFon 's subscriber base increased 16.1 % in 2009 to 50.5 million users as of December 31 , while its market share by the number of customers amounted to 24 % as of late 2009 , up from 23 % as of late 2008 , according to TeliaSonera estimates .",2,"MegaFon 's subscriber base increased 16.1 % in 2009 to 50.5 million users as of December 31 , while its market share by the number of customers amounted to 24 % as of late 2009 , up from 23 % as of late 2008 , according to TeliaSonera estimates ."
Payment of shares shall be effected on subscription .,1,Payment of shares shall be effected on subscription .
The company also equipped the sculptural complex Rabochy i Kolkhoznitsa A Worker and a Collective Farmer in Moscow with snow melting system .,1,The company also equipped the sculptural complex Rabochy i Kolkhoznitsa A Worker and a Collective Farmer in Moscow with snow melting system .
"When dialing in , the participants should quote 877417 as conference ID .",1,"When dialing in , the participants should quote 877417 as conference ID ."
"The largest construction company in Finland , YIT Corporation , is to acquire 70 % of the shares in the Slovak construction company Reding Bratislava .",1,"The largest construction company in Finland , YIT Corporation , is to acquire 70 % of the shares in the Slovak construction company Reding Bratislava ."
Why put up costly cell phone towers in thinly populated areas when a few balloons would do ?,1,Why put up costly cell phone towers in thinly populated areas when a few balloons would do ?
Olli-Pekka Laine has been appointed as the Chairman and Erkki Pehu-Lehtonen as the Vice Chairman of the Board .,1,Olli-Pekka Laine has been appointed as the Chairman and Erkki Pehu-Lehtonen as the Vice Chairman of the Board .
Metso estimates the need for personnel reductions to amount to 25 people .,0,Metso estimates the need for personnel reductions to amount to 25 people .
"As part of the reorganisation measures that will take place in spring 2006 , Tamglass Finton will start personnel negotiations that will affect its entire staff of 33 .",0,"As part of the reorganisation measures that will take place in spring 2006 , Tamglass Finton will start personnel negotiations that will affect its entire staff of 33 ."
The rebuilds are designed to improve the machines ' performance and product quality .,2,The rebuilds are designed to improve the machines ' performance and product quality .
KONE is listed on the Nordic Exchange in Helsinki .,1,KONE is listed on the Nordic Exchange in Helsinki .
Net loss in the same period in 2009 was euro18 .6 million .,1,Net loss in the same period in 2009 was euro18 .6 million .
Two of these contracts are for turntable anode vibrocompactors that will be delivered to Gansu Hualu Aluminum Co Ltd and another unnamed costumer .,1,Two of these contracts are for turntable anode vibrocompactors that will be delivered to Gansu Hualu Aluminum Co Ltd and another unnamed costumer .
"According to HKScan Finland , the plan is to increase J+ñrvi-Suomen Portti 's net sales to EUR 80mn to EUR 100mn .",2,"According to HKScan Finland , the plan is to increase J+ñrvi-Suomen Portti 's net sales to EUR 80mn to EUR 100mn ."
"Nordic banks have already had to write off sizable loans in Latvia , with Swedbank , Nordea , DnB NOR and SEB reporting combined losses in excess of $ 1.35 billion in the period 2007 to 2010 against a backdrop of near economic meltdown in Latvia .",0,"Nordic banks have already had to write off sizable loans in Latvia , with Swedbank , Nordea , DnB NOR and SEB reporting combined losses in excess of $ 1.35 billion in the period 2007 to 2010 against a backdrop of near economic meltdown in Latvia ."
"`` There 's the issue of thieves stealing them from building sites , '' said Mr Smith .",0,"`` There 's the issue of thieves stealing them from building sites , '' said Mr Smith ."
The objective of the St. Petersburg office is first to boost the Company 's maintenance business .,1,The objective of the St. Petersburg office is first to boost the Company 's maintenance business .
"At a press conference , Lattelecom board chairman Nils Melngailis explained that Blackstone had been chosen for its experience in the IT sector as well as its financial strength .",2,"At a press conference , Lattelecom board chairman Nils Melngailis explained that Blackstone had been chosen for its experience in the IT sector as well as its financial strength ."
"However , the bottom-line result improved thanks to positive financial items .",2,"However , the bottom-line result improved thanks to positive financial items ."
And that 's exactly what happened on a recent weekday when an East Haven baker was brought in to remind residents about the Easter tradition of making wheat and rice pies .,1,And that 's exactly what happened on a recent weekday when an East Haven baker was brought in to remind residents about the Easter tradition of making wheat and rice pies .
Ahlstrom 's share is quoted on the NASDAQ OMX Helsinki .,1,Ahlstrom 's share is quoted on the NASDAQ OMX Helsinki .
"Changes in the market situation and tougher price competition have substantially reduced demand for bread packaging manufactured at the Kauhava plant , according to the company .",0,"Changes in the market situation and tougher price competition have substantially reduced demand for bread packaging manufactured at the Kauhava plant , according to the company ."
"In addition , the production at the Varpaisj+â rvi factory will be stopped at the beginning of April 2009 .",0,"In addition , the production at the Varpaisj+â rvi factory will be stopped at the beginning of April 2009 ."
"The total service concept also includes technology services , with which Raute supports its customers throughout the entire life cycle of their investments .",1,"The total service concept also includes technology services , with which Raute supports its customers throughout the entire life cycle of their investments ."
"BAWAG - Is to issue a benchmark , covered deal .",1,"BAWAG - Is to issue a benchmark , covered deal ."
The fair value of investment properties was EUR 2 251.0 ( 1 281.4 ) million .,1,The fair value of investment properties was EUR 2 251.0 ( 1 281.4 ) million .
The EUR17m contract includes both design and construction works .,1,The EUR17m contract includes both design and construction works .
"Pre-tax profit totaled EUR 397.4 mn , up from EUR 164.7 mn .",2,"Pre-tax profit totaled EUR 397.4 mn , up from EUR 164.7 mn ."
"The rewards to be paid on the basis of the earning period 2011 will correspond to the value of a maximum total of 364,000 Componenta Corporation shares including also the proportion to be paid in cash .",1,"The rewards to be paid on the basis of the earning period 2011 will correspond to the value of a maximum total of 364,000 Componenta Corporation shares including also the proportion to be paid in cash ."
The second-quarter net sales are expected to be on par with the first quarter of 2009 .,1,The second-quarter net sales are expected to be on par with the first quarter of 2009 .
"The RME from Telcontar enables the handset to calculate the best route and includes support for user-defined routes , feature navigability and multi-modal routing such as via foot and ferry .",1,"The RME from Telcontar enables the handset to calculate the best route and includes support for user-defined routes , feature navigability and multi-modal routing such as via foot and ferry ."
"A total six of the polled analysts rated M-real -- two gave `` buy '' - `` accumulate '' , three gave `` hold '' and only one gave `` sell '' .",1,"A total six of the polled analysts rated M-real -- two gave `` buy '' - `` accumulate '' , three gave `` hold '' and only one gave `` sell '' ."
"New Chairman of the Board of Directors , Mr Chaim Katzman , will give a presentation and answer questions .",1,"New Chairman of the Board of Directors , Mr Chaim Katzman , will give a presentation and answer questions ."
"Operating loss totalled EUR 0.9 mn , down from a profit of EUR 2.7 mn .",0,"Operating loss totalled EUR 0.9 mn , down from a profit of EUR 2.7 mn ."
Valmet Automotive reports net sales of EUR 85mn and operating profit of EUR 8mn .,1,Valmet Automotive reports net sales of EUR 85mn and operating profit of EUR 8mn .
"Aspocomp said it will spin off its Chinese and Indian units , and some equipment from its Salo plant in Finland , into a newly-formed unit , most of which it will then sell on to Hong Kong-listed Meadville .",1,"Aspocomp said it will spin off its Chinese and Indian units , and some equipment from its Salo plant in Finland , into a newly-formed unit , most of which it will then sell on to Hong Kong-listed Meadville ."
Finnlines has six ships under construction in China with deliveries scheduled between the first quarter of 2011 and the final quarter of 2012 .,1,Finnlines has six ships under construction in China with deliveries scheduled between the first quarter of 2011 and the final quarter of 2012 .
"Copper , lead and nickel also dropped ... HBOS ( HBOS ) plummeted 20 % to 70.3 pence after saying this year+ó ??",0,"Copper , lead and nickel also dropped ... HBOS ( HBOS ) plummeted 20 % to 70.3 pence after saying this year+ó ??"
"Most recently , he founded Virent Energy Systems , Inc. , an 80 person catalytic biofuels company , where , as president and CEO , he led the company through multiple financings , defined the company 's market strategy , and secured the company 's first customers .",1,"Most recently , he founded Virent Energy Systems , Inc. , an 80 person catalytic biofuels company , where , as president and CEO , he led the company through multiple financings , defined the company 's market strategy , and secured the company 's first customers ."
Neste Shipping is the most likely to remain Finnish as the oil sector and its transports are significant for emergency supply .,1,Neste Shipping is the most likely to remain Finnish as the oil sector and its transports are significant for emergency supply .
"A total of 15,000 new Citycon shares with a nominal value of EUR 1.35 per share were subscribed between 17 and 23 March 2006 exercising the A-B-C options based on the company 's stock option plan 1999 .",1,"A total of 15,000 new Citycon shares with a nominal value of EUR 1.35 per share were subscribed between 17 and 23 March 2006 exercising the A-B-C options based on the company 's stock option plan 1999 ."
"Upon completion of these transactions , Metso 's stake will amount to more than 60 % .",1,"Upon completion of these transactions , Metso 's stake will amount to more than 60 % ."
"GENEVA , Feb. 10 -- Tero Aaltonen , Finland has developed a radio resource control method .",1,"GENEVA , Feb. 10 -- Tero Aaltonen , Finland has developed a radio resource control method ."
"The flagship will open this fall in Manhattan 's Flatiron District in the `` Toy Building , '' at 200 Fifth Avenue .",1,"The flagship will open this fall in Manhattan 's Flatiron District in the `` Toy Building , '' at 200 Fifth Avenue ."
The Group aims to increase its net sales and comparable operating profit in 2006 .,2,The Group aims to increase its net sales and comparable operating profit in 2006 .
"We went to the market with yield guidance of the 7.25 % area , which gave us the flexibility to go up or down by 1-8th .",1,"We went to the market with yield guidance of the 7.25 % area , which gave us the flexibility to go up or down by 1-8th ."
in Q1 2010 18 May 2010 - Finnish electrical components maker Salcomp Oy ( HEL : SAL1V ) said today it turned to a net profit of EUR1 .6 m in the first quarter of 2010 versus a loss of EUR2m in the corresponding period last year .,2,in Q1 2010 18 May 2010 - Finnish electrical components maker Salcomp Oy ( HEL : SAL1V ) said today it turned to a net profit of EUR1 .6 m in the first quarter of 2010 versus a loss of EUR2m in the corresponding period last year .
It also said its third quarter diluted EPS came in at 0.34 eur compared with 0.16 eur in the same quarter a year ago .,2,It also said its third quarter diluted EPS came in at 0.34 eur compared with 0.16 eur in the same quarter a year ago .
Finnish Bank of +àland will launch its long-term pension savings account at the beginning of June 2010 .,1,Finnish Bank of +àland will launch its long-term pension savings account at the beginning of June 2010 .
"Sampo Housing Loan Bank , a unit of Finland 's Sampo Bank , has priced its EUR1bn ( USD1 .3 bn ) bond at 99.889 % , Reuters reported .",1,"Sampo Housing Loan Bank , a unit of Finland 's Sampo Bank , has priced its EUR1bn ( USD1 .3 bn ) bond at 99.889 % , Reuters reported ."
The shares shall be acquired according to the Rules of NASDAQ OMX Helsinki and otherwise according to the rules related to acquisition of the company 's own shares .,1,The shares shall be acquired according to the Rules of NASDAQ OMX Helsinki and otherwise according to the rules related to acquisition of the company 's own shares .
"Scanfil , a systems supplier and contract manufacturer to the communications sector , will give notice to 20 productional employees , and temporarily lay off 15 employees at the company 's plant in Sievi , in Finland .",0,"Scanfil , a systems supplier and contract manufacturer to the communications sector , will give notice to 20 productional employees , and temporarily lay off 15 employees at the company 's plant in Sievi , in Finland ."
"Votorantim Celulose e Papel ( VCP ) is part of the Votorantim Group , a major Brazilian conglomerate .",1,"Votorantim Celulose e Papel ( VCP ) is part of the Votorantim Group , a major Brazilian conglomerate ."
E 's building system service had revenue of EUR 355 mln in 2007 .,1,E 's building system service had revenue of EUR 355 mln in 2007 .
"In 2009 , Stora Enso 's net loss was EUR 879.7 million compared to EUR 673.4 million in the previous year .",0,"In 2009 , Stora Enso 's net loss was EUR 879.7 million compared to EUR 673.4 million in the previous year ."
Shares of Nokia Corp. rose Thursday after the cell phone maker said its third-quarter earnings almost doubled and its share of the global handset market increased .,2,Shares of Nokia Corp. rose Thursday after the cell phone maker said its third-quarter earnings almost doubled and its share of the global handset market increased .
"`` This contract demonstrates our ability to apply our minerals and metals technologies in adjacent industries , such as oil shale processing .",2,"`` This contract demonstrates our ability to apply our minerals and metals technologies in adjacent industries , such as oil shale processing ."
"Currently , 95 % of Trainers House 's revenues are attributed to the Finnish market .",1,"Currently , 95 % of Trainers House 's revenues are attributed to the Finnish market ."
Finnish Componenta has published its new long-term strategy for the period 2011-2015 with the aim of growing together with its customers .,1,Finnish Componenta has published its new long-term strategy for the period 2011-2015 with the aim of growing together with its customers .
"Both operating profit and net sales for the nine-month period increased , respectively by 26.6 % and 3.4 % , as compared to the corresponding period in 2006 .",2,"Both operating profit and net sales for the nine-month period increased , respectively by 26.6 % and 3.4 % , as compared to the corresponding period in 2006 ."
NetCom expects to complete Turbo 3G deployment in these areas this year .,1,NetCom expects to complete Turbo 3G deployment in these areas this year .
"ALEXANDRIA , Va. , Dec. 19 -- United States Patent no. 7,853,620 , issued on Dec. 14 , was assigned to Nokia Corp. ( Espoo , Finland ) .",1,"ALEXANDRIA , Va. , Dec. 19 -- United States Patent no. 7,853,620 , issued on Dec. 14 , was assigned to Nokia Corp. ( Espoo , Finland ) ."
"In the reporting period , EPS stood at EUR0 .07 versus EUR0 .11 .",0,"In the reporting period , EPS stood at EUR0 .07 versus EUR0 .11 ."
"Sullivan said some of the boards `` really involve a lot of work , and people should get paid for their time . ''",1,"Sullivan said some of the boards `` really involve a lot of work , and people should get paid for their time . ''"
Consolidated pretax profit decreased by 69.2 % to EUR 41.0 mn from EUR 133.1 mn in 2007 .,0,Consolidated pretax profit decreased by 69.2 % to EUR 41.0 mn from EUR 133.1 mn in 2007 .
Net sales in 2006 totaled EUR 302 million and the operating margin was 16 % .,1,Net sales in 2006 totaled EUR 302 million and the operating margin was 16 % .
"Under the agreement GeoSentric will provide GyPSii-powered hotel information and reservation services to visitors to China , including such popular cities as Beijing and Shanghai .",2,"Under the agreement GeoSentric will provide GyPSii-powered hotel information and reservation services to visitors to China , including such popular cities as Beijing and Shanghai ."
"Insurer Axa ( PAR : CS ) slid by 5.35 % to EUR 14.15 , after Citigroup and ING slashed their targets on the stock .",0,"Insurer Axa ( PAR : CS ) slid by 5.35 % to EUR 14.15 , after Citigroup and ING slashed their targets on the stock ."
M. and a Master of Business Administration MBA .,1,M. and a Master of Business Administration MBA .
"YIT lodged counter claims against Neste Oil totaling some EUR25m , primarily based on work carried out under the contract and additional costs incurred due to prolongation of the project .",0,"YIT lodged counter claims against Neste Oil totaling some EUR25m , primarily based on work carried out under the contract and additional costs incurred due to prolongation of the project ."
"As a result , 12 people will be made redundant and a total of 67 persons are laid off temporarily .",0,"As a result , 12 people will be made redundant and a total of 67 persons are laid off temporarily ."
"Operating loss of the Pulp & Paper Machinery unit was over EUR 3mn in September 2007 - August 2008 , compared to a profit of EUR 3.7 mn a year earlier .",0,"Operating loss of the Pulp & Paper Machinery unit was over EUR 3mn in September 2007 - August 2008 , compared to a profit of EUR 3.7 mn a year earlier ."
Elektrobit ( EB ) has renewed its IT infrastructure contract with ICT services provider Fujitsu Services for EB 's Patja service .,2,Elektrobit ( EB ) has renewed its IT infrastructure contract with ICT services provider Fujitsu Services for EB 's Patja service .
"Cargotec 's brands , Hiab , Kalmar and MacGREGOR , are global market leaders in their fields and their solutions are used on land and at sea - wherever cargo is on the move .",1,"Cargotec 's brands , Hiab , Kalmar and MacGREGOR , are global market leaders in their fields and their solutions are used on land and at sea - wherever cargo is on the move ."
"s NASDAQ OMX : GEO1V , GyPSii business unit , developers of the award-winning GyPSii mobile social networking application , today announced its availability as a free download via the Samsung Mobile Applications Store .",1,"s NASDAQ OMX : GEO1V , GyPSii business unit , developers of the award-winning GyPSii mobile social networking application , today announced its availability as a free download via the Samsung Mobile Applications Store ."
"The item included restructuring costs of EUR1 .6 m , while a year earlier they were EUR13 .1 m. Diluted EPS stood at EUR0 .3 versus a loss per share of EUR 0.1 .",2,"The item included restructuring costs of EUR1 .6 m , while a year earlier they were EUR13 .1 m. Diluted EPS stood at EUR0 .3 versus a loss per share of EUR 0.1 ."
"The Group 's consolidated net sales for 2009 totaled 1.5 billion euros and it employs approximately 10,000 persons .",1,"The Group 's consolidated net sales for 2009 totaled 1.5 billion euros and it employs approximately 10,000 persons ."
"Ragutis , which is controlled by the Finnish brewery , reported a 5.4-per-cent rise in beer sales to 10.44 million litres and held an 11.09-per-cent market share .",2,"Ragutis , which is controlled by the Finnish brewery , reported a 5.4-per-cent rise in beer sales to 10.44 million litres and held an 11.09-per-cent market share ."
"As capacity was cut with 1.4 % , the passenger load factor was down 7.8 percentage points .",0,"As capacity was cut with 1.4 % , the passenger load factor was down 7.8 percentage points ."
Profit after taxes totaled EUR 12.1 mn .,1,Profit after taxes totaled EUR 12.1 mn .
"The firm 's UK head office is in Rugby Road , Lutterworth .",1,"The firm 's UK head office is in Rugby Road , Lutterworth ."
"According to Finnish Scanfil 's founder and chairman of the board , Jorma J. Takanen , the company has to look for growth abroad .",1,"According to Finnish Scanfil 's founder and chairman of the board , Jorma J. Takanen , the company has to look for growth abroad ."
Travel expenses would be reimbursed in accordance with the travel policy of the company .,1,Travel expenses would be reimbursed in accordance with the travel policy of the company .
Finnish messaging solutions developer Tecnomen Corporation ( OMX Helsinki : TEM1V ) said on Thursday ( 11 December ) that it has received an expansion order for its Convergent Charging solution in Latin America .,2,Finnish messaging solutions developer Tecnomen Corporation ( OMX Helsinki : TEM1V ) said on Thursday ( 11 December ) that it has received an expansion order for its Convergent Charging solution in Latin America .
"EQ Bank forecasts Olvi 's net sales at EUR 67mn in the second quarter of 2009 , and operating profit at EUR 6.4 mn .",1,"EQ Bank forecasts Olvi 's net sales at EUR 67mn in the second quarter of 2009 , and operating profit at EUR 6.4 mn ."
Image data produced by the browser at the phone server is converted into a bitmapped image that is sent to the handset for display . '',1,Image data produced by the browser at the phone server is converted into a bitmapped image that is sent to the handset for display . ''
"Of the sales price , a sales gain of some 3.1 mln euro ( $ 4.5 mln ) will be recognized in Incap 's earnings for 2007 .",2,"Of the sales price , a sales gain of some 3.1 mln euro ( $ 4.5 mln ) will be recognized in Incap 's earnings for 2007 ."
"`` We are delighted to welcome Elisa to our Board of Directors , '' said Garry McGuire , CEO of RMG Networks .",2,"`` We are delighted to welcome Elisa to our Board of Directors , '' said Garry McGuire , CEO of RMG Networks ."
"These include software development for internet and mobile telephone content , communications , value-added software , financial services , security applications , systems integration and electronics , '' EBRD informed .",1,"These include software development for internet and mobile telephone content , communications , value-added software , financial services , security applications , systems integration and electronics , '' EBRD informed ."
"The money will be spent `` on strengthening the company 's competitiveness in the sphere of sawmill products and increasing the volume of wood delivered for processing in Russia , '' the release says .",2,"The money will be spent `` on strengthening the company 's competitiveness in the sphere of sawmill products and increasing the volume of wood delivered for processing in Russia , '' the release says ."
"Also , CBA is to issue a benchmark , 10 year fixed rate deal in Euros .",1,"Also , CBA is to issue a benchmark , 10 year fixed rate deal in Euros ."
"Honkarakenne 's customer in this project is one of the biggest real estate companies in Kazakhstan , according to the company .",1,"Honkarakenne 's customer in this project is one of the biggest real estate companies in Kazakhstan , according to the company ."
Cash flow from business operations totalled EUR 0.4 mn compared to a negative EUR 15.5 mn in the first half of 2008 .,2,Cash flow from business operations totalled EUR 0.4 mn compared to a negative EUR 15.5 mn in the first half of 2008 .
"HELSINKI AFX - Cramo said it has agreed to sell Cramo Nederland BV CNL , its Dutch machinery and equipment rental unit , to Jaston Groep for an undisclosed sum .",1,"HELSINKI AFX - Cramo said it has agreed to sell Cramo Nederland BV CNL , its Dutch machinery and equipment rental unit , to Jaston Groep for an undisclosed sum ."
"SINGAPORE ( ICIS ) -- ( 1 ) Kemira and Indian water infrastructure firm ( 2 ) IVRCL have agreed to form a join venture which includes a new inorganic coagulant manufacturing facility in Andhra Pradesh state , India , the Finnish water treatment chemicals maker said on Tuesday .",2,"SINGAPORE ( ICIS ) -- ( 1 ) Kemira and Indian water infrastructure firm ( 2 ) IVRCL have agreed to form a join venture which includes a new inorganic coagulant manufacturing facility in Andhra Pradesh state , India , the Finnish water treatment chemicals maker said on Tuesday ."
"Operating profit totalled EUR 1.22 mn , down from EUR 3.56 mn in the first quarter of 2008 .",0,"Operating profit totalled EUR 1.22 mn , down from EUR 3.56 mn in the first quarter of 2008 ."
An EU law on the issue may be introduced around 2010 .,1,An EU law on the issue may be introduced around 2010 .
"Also , a seven-year historic analysis is provided for these markets .",1,"Also , a seven-year historic analysis is provided for these markets ."
"JP Morgan expects that Scala will lower Nobel Biocare 's growth forecast for 2007 from the current guidance of 23-25 pct , as well as the operating margin target from the current 34-35 pct .",0,"JP Morgan expects that Scala will lower Nobel Biocare 's growth forecast for 2007 from the current guidance of 23-25 pct , as well as the operating margin target from the current 34-35 pct ."
"SSH COMMUNICATIONS SECURITY CORP STOCK EXCHANGE RELEASE OCTOBER 14 , 2008 AT 2:45 PM The Company updates its full year outlook and estimates its results to remain at loss for the full year .",0,"SSH COMMUNICATIONS SECURITY CORP STOCK EXCHANGE RELEASE OCTOBER 14 , 2008 AT 2:45 PM The Company updates its full year outlook and estimates its results to remain at loss for the full year ."
"Finnish IT consultancy Satama Interactive Oyj posted a net profit of 1.4 mln euro $ 2.0 mln for the first nine months of 2007 , compared to a net loss of 462,000 euro $ 664,000 for the same period of 2006 .",2,"Finnish IT consultancy Satama Interactive Oyj posted a net profit of 1.4 mln euro $ 2.0 mln for the first nine months of 2007 , compared to a net loss of 462,000 euro $ 664,000 for the same period of 2006 ."
Our tools are specifically designed with the needs of both the business users and ICT experts in mind .,1,Our tools are specifically designed with the needs of both the business users and ICT experts in mind .
ABN : 59 087 901 620 now represent 5.10 % of the voting rights and share capital of Citycon Oyj .,1,ABN : 59 087 901 620 now represent 5.10 % of the voting rights and share capital of Citycon Oyj .
Ponsse will divide its sales and maintenance service network into six geographical areas .,1,Ponsse will divide its sales and maintenance service network into six geographical areas .
"Favourable currency rates also contributed to higher net sales , '' CEO Kari Kauniskangas said .",2,"Favourable currency rates also contributed to higher net sales , '' CEO Kari Kauniskangas said ."
"Thus the group 's balance sheet will have about EUR 25.8 million of goodwill , the company added .",1,"Thus the group 's balance sheet will have about EUR 25.8 million of goodwill , the company added ."
"The Division also includes joint sales , marketing and controlling functions for these units .",1,"The Division also includes joint sales , marketing and controlling functions for these units ."
It will combine and renew the contents and functionality of the current systems for funding and online service as well as their maintenance .,2,It will combine and renew the contents and functionality of the current systems for funding and online service as well as their maintenance .
Operating profit improved by 44.0 % to ER 4.7 mn from EUR 3.3 mn in 2004 .,2,Operating profit improved by 44.0 % to ER 4.7 mn from EUR 3.3 mn in 2004 .
"Niina Nenonen , Marimekko 's current director for clothing , bags and accessories lines , will take up this role .",1,"Niina Nenonen , Marimekko 's current director for clothing , bags and accessories lines , will take up this role ."
Elcoteq has a proven track record in electronics manufacturing services ( EMS ) and a global factory network coupled with modern manufacturing equipment and consistent systems and processes .,2,Elcoteq has a proven track record in electronics manufacturing services ( EMS ) and a global factory network coupled with modern manufacturing equipment and consistent systems and processes .
"The study is expected to provide proof of pharmacodynamic activity in humans , corroborate the safety profile and establish dose ranges for further therapeutic studies .",1,"The study is expected to provide proof of pharmacodynamic activity in humans , corroborate the safety profile and establish dose ranges for further therapeutic studies ."
Repeats sees 2008 operating profit down y-y ( Reporting by Helsinki Newsroom ) Keywords : TECNOMEN-RESULTS,0,Repeats sees 2008 operating profit down y-y ( Reporting by Helsinki Newsroom ) Keywords : TECNOMEN-RESULTS
"The Russian government will contribute 20 % of the necessary funds , he said .",1,"The Russian government will contribute 20 % of the necessary funds , he said ."
Finnish beverage company Olvi is one of the last listed companies in Finland that has not yet published its financial result for the second quarter of 2009 .,1,Finnish beverage company Olvi is one of the last listed companies in Finland that has not yet published its financial result for the second quarter of 2009 .
- Cash flow from operating activities before investments was EUR 7.6 million EUR 2.5 million .,1,- Cash flow from operating activities before investments was EUR 7.6 million EUR 2.5 million .
The group had an order book of EUR 7.74 mn at the end of 2007 .,1,The group had an order book of EUR 7.74 mn at the end of 2007 .
"In accordance with the terms and conditions of Alma Media 's 2006 option program , the share subscription price for the 2006A option rights was EUR 4.88 per share and the book countervalue EUR 0.60 per share .",1,"In accordance with the terms and conditions of Alma Media 's 2006 option program , the share subscription price for the 2006A option rights was EUR 4.88 per share and the book countervalue EUR 0.60 per share ."
"In addition to software development , the new design unit will provide for mechanical engineering and electronics design .",1,"In addition to software development , the new design unit will provide for mechanical engineering and electronics design ."
"HELSINKI ( Thomson Financial ) - M-real said it will exercise an option to buy a 50MW natural gas power plant and land in Kyroskoski , Finland , for around 13 mln eur from Kyro Oyj .",2,"HELSINKI ( Thomson Financial ) - M-real said it will exercise an option to buy a 50MW natural gas power plant and land in Kyroskoski , Finland , for around 13 mln eur from Kyro Oyj ."
"Honkarakenne also decided yesterday to sell 88,500 of its B-series shares to key staff members for EUR 2.90 per share .",1,"Honkarakenne also decided yesterday to sell 88,500 of its B-series shares to key staff members for EUR 2.90 per share ."
"The engine has an electrical output of 18,321 kW , making it the largest gas powered generating set in the world .",1,"The engine has an electrical output of 18,321 kW , making it the largest gas powered generating set in the world ."
Elcoteq SE is listed on the Nasdaq OMX Helsinki Ltd. .,1,Elcoteq SE is listed on the Nasdaq OMX Helsinki Ltd. .
"These products include Personal Communications products such as mobile phones and their parts , Home Communications products such as set-top boxes and electronics for flat panel TVs as well as Communications Networks products such as base-stations , tower-top amplifiers , and microwave systems .",1,"These products include Personal Communications products such as mobile phones and their parts , Home Communications products such as set-top boxes and electronics for flat panel TVs as well as Communications Networks products such as base-stations , tower-top amplifiers , and microwave systems ."
"Of this , EUR 38.8 mn was net interest income .",1,"Of this , EUR 38.8 mn was net interest income ."
Nordstjernan has used its option to buy another 22.4 % stake of Salcomp 's shares and votes .,1,Nordstjernan has used its option to buy another 22.4 % stake of Salcomp 's shares and votes .
"L&T is operative in Finland , Sweden , Latvia , Russia and Norway .",1,"L&T is operative in Finland , Sweden , Latvia , Russia and Norway ."
Revenue in the quarter fell 8 percent to ( EURO ) 2.4 billion compared to a year earlier .,0,Revenue in the quarter fell 8 percent to ( EURO ) 2.4 billion compared to a year earlier .
"no compensation for its news , opinions or distributions .",1,"no compensation for its news , opinions or distributions ."
"Fiskars is also engaged in the global supply of marine and energy equipment solutions and services through its associated company , Wartsila Corporation .",1,"Fiskars is also engaged in the global supply of marine and energy equipment solutions and services through its associated company , Wartsila Corporation ."
27 January 2011 - Finnish IT solutions provider Affecto Oyj ( HEL : AFE1V ) said today it has won a EUR1 .2 m ( USD1 .6 m ) contract from state-owned Lithuanian Social Insurance Institution ( SODRA ) .,2,27 January 2011 - Finnish IT solutions provider Affecto Oyj ( HEL : AFE1V ) said today it has won a EUR1 .2 m ( USD1 .6 m ) contract from state-owned Lithuanian Social Insurance Institution ( SODRA ) .
"A total of 185 Wonderware Certified SIs are available to integrate and support Wonderware products such as InTouch -« HMI software , IndustrialSQL Server historian , Wonderware Information Server , DT Analyst software or QI Analyst SPC software .",1,"A total of 185 Wonderware Certified SIs are available to integrate and support Wonderware products such as InTouch -« HMI software , IndustrialSQL Server historian , Wonderware Information Server , DT Analyst software or QI Analyst SPC software ."
"Mr Clausen , however , refused to comment the option that Nordea would consider buying into Citadele Bank .",1,"Mr Clausen , however , refused to comment the option that Nordea would consider buying into Citadele Bank ."
"The value of the contract is about EUR1 .0 m. Poyry , headquartered in Vantaa , Finland provides consulting and engineering services to the energy , forestry and infrastructure & environment sectors .",1,"The value of the contract is about EUR1 .0 m. Poyry , headquartered in Vantaa , Finland provides consulting and engineering services to the energy , forestry and infrastructure & environment sectors ."
The Oxyview Pulse Oximeter is a common device to check patient blood-oxygen saturation level and pulse rate .,1,The Oxyview Pulse Oximeter is a common device to check patient blood-oxygen saturation level and pulse rate .
"The operations to be sold include manufacturing units in Finland , France , Poland and Turkey , as well as sales units in Germany and Lithuania .",1,"The operations to be sold include manufacturing units in Finland , France , Poland and Turkey , as well as sales units in Germany and Lithuania ."
Cargo volume increased by approximately 5 % .,2,Cargo volume increased by approximately 5 % .
We make available the following brand-new market analyses : Cement - UK Cement - Poland Cement - Belgium These analyses give a clear overview of the actual situation and future outlook of the cement industry in some European countries .,1,We make available the following brand-new market analyses : Cement - UK Cement - Poland Cement - Belgium These analyses give a clear overview of the actual situation and future outlook of the cement industry in some European countries .
"International sales rose by 59.8 % to EUR 1,244.4 mn .",2,"International sales rose by 59.8 % to EUR 1,244.4 mn ."
Pharmaceutical market in Belgium Global Research & Data Services published recently a market analysis about the pharmaceutical markets in Belgium .,1,Pharmaceutical market in Belgium Global Research & Data Services published recently a market analysis about the pharmaceutical markets in Belgium .
"The divestment is in line with the company 's plans to focus on selected growth segments and streamline corporate structure , the company explained .",2,"The divestment is in line with the company 's plans to focus on selected growth segments and streamline corporate structure , the company explained ."
"Lemminkainen Infra Oy 's subsidiary Lemminkainen Sverige AB will perform the construction work , which is expected to start in early 2011 and to be completed in the summer of 2013 .",1,"Lemminkainen Infra Oy 's subsidiary Lemminkainen Sverige AB will perform the construction work , which is expected to start in early 2011 and to be completed in the summer of 2013 ."
"Presentation materials will be posted on the company 's website : www.seahawkdrilling.com in the `` Investor Relations '' section , on the `` Webcast & Presentations '' tab .",1,"Presentation materials will be posted on the company 's website : www.seahawkdrilling.com in the `` Investor Relations '' section , on the `` Webcast & Presentations '' tab ."
GE is building the facility with wind power developer Invenergy Wind LLC .,1,GE is building the facility with wind power developer Invenergy Wind LLC .
"`` They would invest not only in the physical infrastructure , but would also provide know-how for managing and developing science and technology parks , '' said Sunrise Valley director Andrius Bagdonas .",2,"`` They would invest not only in the physical infrastructure , but would also provide know-how for managing and developing science and technology parks , '' said Sunrise Valley director Andrius Bagdonas ."
The four-year contract between the bank and Ski Sport Finland will bring the bank 's advertisements to skiers helmets and caps .,1,The four-year contract between the bank and Ski Sport Finland will bring the bank 's advertisements to skiers helmets and caps .
GenVec is a biopharmaceutical company developing novel therapeutic drugs and vaccines .,1,GenVec is a biopharmaceutical company developing novel therapeutic drugs and vaccines .
"Under the transaction agreement , Metsaliitto will purchase 24.7 % of Metsa-Botnia 's shares from UPM and 3 % from M-real .",1,"Under the transaction agreement , Metsaliitto will purchase 24.7 % of Metsa-Botnia 's shares from UPM and 3 % from M-real ."
"Under a preliminary estimation , the technology park will measure about 50,000 square meters .",1,"Under a preliminary estimation , the technology park will measure about 50,000 square meters ."
"ALEXANDRIA , Va. , Dec. 22 -- United States Patent no. 7,854,608 , issued on Dec. 21 , was assigned to Outotec Oyj ( Espoo , Finland ) .",1,"ALEXANDRIA , Va. , Dec. 22 -- United States Patent no. 7,854,608 , issued on Dec. 21 , was assigned to Outotec Oyj ( Espoo , Finland ) ."
"Pretax loss totalled EUR 49.9 mn , compared to a loss of EUR 15.4 mn in the corresponding period in 2008 .",0,"Pretax loss totalled EUR 49.9 mn , compared to a loss of EUR 15.4 mn in the corresponding period in 2008 ."
Combining this deep domain expertise with our Application Service Management ASM and outsourcing service offerings has now proved to be a winning combination .,2,Combining this deep domain expertise with our Application Service Management ASM and outsourcing service offerings has now proved to be a winning combination .
The Kyroskoski investment is to be completed in late 2011 and the +ä+ñnekoski investment in the spring of 2012 .,1,The Kyroskoski investment is to be completed in late 2011 and the +ä+ñnekoski investment in the spring of 2012 .
"Finnish Suominen Corporation that specialises in wet wipes , nonwovens , and flexible packaging reports net sales of EUR 44.1 mn in the second quarter of 2010 , up from EUR 43.3 mn in the second quarter of 2009 .",2,"Finnish Suominen Corporation that specialises in wet wipes , nonwovens , and flexible packaging reports net sales of EUR 44.1 mn in the second quarter of 2010 , up from EUR 43.3 mn in the second quarter of 2009 ."
Growth is expected to continue in 2008 .,2,Growth is expected to continue in 2008 .
"The Dutch broker noted that Nokian Tyres reported a good first quarter in 2006 , above or in line with consensus .",2,"The Dutch broker noted that Nokian Tyres reported a good first quarter in 2006 , above or in line with consensus ."
"In contrast , the company 's net loss for the third quarter of 2009 contracted to EUR 76 million from EUR 256 million for the corresponding period a year ago .",2,"In contrast , the company 's net loss for the third quarter of 2009 contracted to EUR 76 million from EUR 256 million for the corresponding period a year ago ."
"` The stable outlook reflects Nokia 's strong market position in the global mobile handset market , strong cash flow generation , and very conservative balance sheet , ' said Raab .",2,"` The stable outlook reflects Nokia 's strong market position in the global mobile handset market , strong cash flow generation , and very conservative balance sheet , ' said Raab ."
The company said that sales in the three months to the end of March slid to EUR86 .4 m US$ 113.4 m from EUR91 .2 m last year .,0,The company said that sales in the three months to the end of March slid to EUR86 .4 m US$ 113.4 m from EUR91 .2 m last year .
The building will house product development and test laboratories .,1,The building will house product development and test laboratories .
Around 250 of these reductions will be implemented through pension arrangements .,1,Around 250 of these reductions will be implemented through pension arrangements .
Also Chile is an important market area for forest machine companies .,1,Also Chile is an important market area for forest machine companies .
Following the increase the company+óEUR TM s capital totals 5.5 mln Romanian lei $ 1.98 mln-1 .56 mln euro .,1,Following the increase the company+óEUR TM s capital totals 5.5 mln Romanian lei $ 1.98 mln-1 .56 mln euro .
"As a result , a total of 82 employees would be given notice .",1,"As a result , a total of 82 employees would be given notice ."
"Mr Priit Kasak , Balti Metsamasina 's owner , said the Rakvere-based company wishes to increase Valmet 's market share from 27 % to a third in a couple of years .",2,"Mr Priit Kasak , Balti Metsamasina 's owner , said the Rakvere-based company wishes to increase Valmet 's market share from 27 % to a third in a couple of years ."
"According to the CEO of Nordea Bank Estonia Vahur Kraft , Nordea Finland and Stockmann have been cooperating for more than ten years .",2,"According to the CEO of Nordea Bank Estonia Vahur Kraft , Nordea Finland and Stockmann have been cooperating for more than ten years ."
The organization that is a member of the Russian auto sector union MPRA has become active since Tikkurila acquired Russian paint company Kraski Teks in 2006 .,1,The organization that is a member of the Russian auto sector union MPRA has become active since Tikkurila acquired Russian paint company Kraski Teks in 2006 .
"128,538 shares can still be subscribed for with Series E share options , max .",1,"128,538 shares can still be subscribed for with Series E share options , max ."
No financial details were provided .,1,No financial details were provided .
"Cencorp , headquartered in Virkkala , Finland , develops and supplies automation solutions to the electronics and semiconductor industry that enhance productivity .",1,"Cencorp , headquartered in Virkkala , Finland , develops and supplies automation solutions to the electronics and semiconductor industry that enhance productivity ."
The acquisition is part of Ramirent 's Central and Eastern European growth strategy .,1,The acquisition is part of Ramirent 's Central and Eastern European growth strategy .
"In addition , the Kazakh delegation will visit Finland 's SITRA investment fund , Honkarakenne Ltd and Nokia headquarters to study TeliaSonera Ltd JSC 's activities .",1,"In addition , the Kazakh delegation will visit Finland 's SITRA investment fund , Honkarakenne Ltd and Nokia headquarters to study TeliaSonera Ltd JSC 's activities ."
"Outotec , headquartered in Espoo , Finland , is a leading provider of process solutions , technologies and services for the mining and metallurgical industries .",1,"Outotec , headquartered in Espoo , Finland , is a leading provider of process solutions , technologies and services for the mining and metallurgical industries ."
The increase range will vary up to 10 % .,1,The increase range will vary up to 10 % .
"`` This vessel order will help Aspo secure the long-term competitiveness of its fleet , both in terms of technology and pricing .",2,"`` This vessel order will help Aspo secure the long-term competitiveness of its fleet , both in terms of technology and pricing ."
"It generated an operating loss of EUR 96.3 mn , down from a profit of EUR 43.9 mn .",0,"It generated an operating loss of EUR 96.3 mn , down from a profit of EUR 43.9 mn ."
"Operating profit for the 12-month period decreased from EUR157 .5 m , while net sales increased from EUR634 .3 m , as compared to 2007 .",0,"Operating profit for the 12-month period decreased from EUR157 .5 m , while net sales increased from EUR634 .3 m , as compared to 2007 ."
ABB Deutsche Bank upgraded its recommendation on Swiss-Swedish engineering group ABB Ltd. to ` Buy ' from ` Hold ' .,2,ABB Deutsche Bank upgraded its recommendation on Swiss-Swedish engineering group ABB Ltd. to ` Buy ' from ` Hold ' .
"Tallink claims the watertight doors of both Vana Tallinn and Regina Baltica , including their electrical systems , are fully in working order .",2,"Tallink claims the watertight doors of both Vana Tallinn and Regina Baltica , including their electrical systems , are fully in working order ."
The cooperation with airBaltic is expected to lead to the transfer of Finncomm to the ownership of airBaltic in time .,1,The cooperation with airBaltic is expected to lead to the transfer of Finncomm to the ownership of airBaltic in time .
Cramo slipped to a pretax loss of EUR 6.7 million from a pretax profit of EUR 58.9 million .,0,Cramo slipped to a pretax loss of EUR 6.7 million from a pretax profit of EUR 58.9 million .
"In the fourth quarter of 2008 , net sales decreased to EUR 121.4 mn from EUR 165.5 mn in the fourth quarter of 2007 .",0,"In the fourth quarter of 2008 , net sales decreased to EUR 121.4 mn from EUR 165.5 mn in the fourth quarter of 2007 ."
"We warmly welcome him to Satama '' , states Jussi Lansio , chairman of the Board .",2,"We warmly welcome him to Satama '' , states Jussi Lansio , chairman of the Board ."
The parties have agreed to negotiate definitive distribution and license agreements by the end of June 2010 .,2,The parties have agreed to negotiate definitive distribution and license agreements by the end of June 2010 .
"At 12.59 pm , the OMX Helsinki 25 index was 0.32 pct lower at 2,694.81 .",0,"At 12.59 pm , the OMX Helsinki 25 index was 0.32 pct lower at 2,694.81 ."
"As a part of the plan , the Board of Directors decided to transfer a maximum of 330,000 shares held by the company in a share issue against payment directed to Aspo Management Oy , a holding company acquired by the management .",1,"As a part of the plan , the Board of Directors decided to transfer a maximum of 330,000 shares held by the company in a share issue against payment directed to Aspo Management Oy , a holding company acquired by the management ."
"In the third quarter of 2010 , net sales increased by 5.2 % to EUR 205.5 mn , and operating profit by 34.9 % to EUR 23.5 mn .",2,"In the third quarter of 2010 , net sales increased by 5.2 % to EUR 205.5 mn , and operating profit by 34.9 % to EUR 23.5 mn ."
"With this , the company will exit the contract manufacturing service segment .",1,"With this , the company will exit the contract manufacturing service segment ."
Inha Works has invested in its product development and market research .,1,Inha Works has invested in its product development and market research .
The contract was signed in August with Papua New Guinea-based Lihir Gold Ltd ASX : LGL .,2,The contract was signed in August with Papua New Guinea-based Lihir Gold Ltd ASX : LGL .
"Profit for the period totalled EUR 0.8 mn , down from EUR 1.1 mn in the corresponding period in 2008 .",0,"Profit for the period totalled EUR 0.8 mn , down from EUR 1.1 mn in the corresponding period in 2008 ."
"In 2009 , Comptel slipped to a net loss of EUR2 .1 m from a profit of EUR6 .6 m in the previous year .",0,"In 2009 , Comptel slipped to a net loss of EUR2 .1 m from a profit of EUR6 .6 m in the previous year ."
"Kesko 's car import and retailing business , VV-Auto , saw sales grow by 17.1 pct .",2,"Kesko 's car import and retailing business , VV-Auto , saw sales grow by 17.1 pct ."
"To ensure low operational cost for radio networks , the BTS modules can be configured , software upgraded and diagnosed remotely .",2,"To ensure low operational cost for radio networks , the BTS modules can be configured , software upgraded and diagnosed remotely ."
"Tieto was looking for an energy solution which would best support the idea of sustainable development , and we were happy to be able to provide such a solution , saysJouni Haikarainen , Vice President , Fortum .",2,"Tieto was looking for an energy solution which would best support the idea of sustainable development , and we were happy to be able to provide such a solution , saysJouni Haikarainen , Vice President , Fortum ."
A total of $ 78 million will be invested in the project .,1,A total of $ 78 million will be invested in the project .
The total value of the deliveries is some EUR65m .,1,The total value of the deliveries is some EUR65m .
"Previously , the plant was expected to be completed by the end of 2008 .",1,"Previously , the plant was expected to be completed by the end of 2008 ."
"UPM is talking to Myllykoski+ó s creditor banks -- Nordea ( STO : NDA ) , Nordic Investment Bank and Danske Bank+ó s ( CPH : DANSKE ) Sampo Bank -- over a deal , the paper said .",1,"UPM is talking to Myllykoski+ó s creditor banks -- Nordea ( STO : NDA ) , Nordic Investment Bank and Danske Bank+ó s ( CPH : DANSKE ) Sampo Bank -- over a deal , the paper said ."
"Temporary lay-offs , affecting the entire workforce , will also be implemented .",0,"Temporary lay-offs , affecting the entire workforce , will also be implemented ."
"Auburn 's sales in 2007 were CAD 41 million ( approximately EUR 27 million ) , and the company employs some 150 people .",1,"Auburn 's sales in 2007 were CAD 41 million ( approximately EUR 27 million ) , and the company employs some 150 people ."
The terms and conditions of the Stock Option Scheme 2008 are available on the Company 's internet pages www.sanoma.com .,1,The terms and conditions of the Stock Option Scheme 2008 are available on the Company 's internet pages www.sanoma.com .
Market data and analytics are derived from primary and secondary research .,1,Market data and analytics are derived from primary and secondary research .
"LKAB , headquartered in Lulea , Sweden , is a high-tech mining company producing upgraded iron ore products for the steel industry .",1,"LKAB , headquartered in Lulea , Sweden , is a high-tech mining company producing upgraded iron ore products for the steel industry ."
Scanfil holdings include 100 % of contract electronics manufacturer Scanfil EMS Group .,1,Scanfil holdings include 100 % of contract electronics manufacturer Scanfil EMS Group .
Demand was brisk as expected and order levels have remained high .,2,Demand was brisk as expected and order levels have remained high .
"Secure your files online Like filling out a tax return , making a backup is boring .",1,"Secure your files online Like filling out a tax return , making a backup is boring ."
The newly created position has been established to strengthen Amer Sports ' management in strategic planning and execution .,2,The newly created position has been established to strengthen Amer Sports ' management in strategic planning and execution .
Dutch publisher De Vijver said today it has agreed to buy a 49 % stake in Belgian weekly magazine Humo from Finnish media company Sanoma HEL : SAA1V .,1,Dutch publisher De Vijver said today it has agreed to buy a 49 % stake in Belgian weekly magazine Humo from Finnish media company Sanoma HEL : SAA1V .
Operating profit excluding non-recurring items totaled EUR 5.4 mn compared to EUR 5.5 mn in the corresponding period in 2007 .,0,Operating profit excluding non-recurring items totaled EUR 5.4 mn compared to EUR 5.5 mn in the corresponding period in 2007 .
Capitex Kalmar will continue to be responsible for the maintenance and technical development of the services .,1,Capitex Kalmar will continue to be responsible for the maintenance and technical development of the services .
"According to L+ñnnen Tehtaat 's CEO Matti Karppinen , the company aims to deliver fish products to its customers a day earlier than it currently does .",1,"According to L+ñnnen Tehtaat 's CEO Matti Karppinen , the company aims to deliver fish products to its customers a day earlier than it currently does ."
The new plant is planned to have an electricity generation capacity of up to 350 megawatts ( MW ) and the same heat generation capacity .,1,The new plant is planned to have an electricity generation capacity of up to 350 megawatts ( MW ) and the same heat generation capacity .
"The company targets sales of Ls 27.1 mn ( Ls 23.498 mn ) and a profit of Ls 300,000 ( Ls 371,500 ) in 2007 .",1,"The company targets sales of Ls 27.1 mn ( Ls 23.498 mn ) and a profit of Ls 300,000 ( Ls 371,500 ) in 2007 ."
"Operating profit margin was 8.3 % , compared to 11.8 % a year earlier .",0,"Operating profit margin was 8.3 % , compared to 11.8 % a year earlier ."
"So far as is known , he did not sell shares that he owns personally .",1,"So far as is known , he did not sell shares that he owns personally ."
Unit costs for flight operations fell by 6.4 percent .,2,Unit costs for flight operations fell by 6.4 percent .
EuroChem CFO Andrey Ilyin said : `` This facility marks another important step for EuroChem in securing the long-term financing necessary for our potash and other strategic projects '' .,2,EuroChem CFO Andrey Ilyin said : `` This facility marks another important step for EuroChem in securing the long-term financing necessary for our potash and other strategic projects '' .
"Both operating profit and net sales for the 12-month period increased , respectively from EUR10 .5 m and EUR28 .8 m , as compared to the financial year 2004 .",2,"Both operating profit and net sales for the 12-month period increased , respectively from EUR10 .5 m and EUR28 .8 m , as compared to the financial year 2004 ."
"The report examines the medical equipment business structure and operations , history and products , and provides an analysis of its key medical equipment revenue lines .",1,"The report examines the medical equipment business structure and operations , history and products , and provides an analysis of its key medical equipment revenue lines ."
Absolut Bank is exploring the possibility of further borrowing .,1,Absolut Bank is exploring the possibility of further borrowing .
"The total number of voting rights is 74,612,523 .",1,"The total number of voting rights is 74,612,523 ."
"In Finland , Hamina Cargo Terminal , of Finnish Nurminen Logistics , has purchased a warehouse with ground lease rights in the Port of Hamina .",1,"In Finland , Hamina Cargo Terminal , of Finnish Nurminen Logistics , has purchased a warehouse with ground lease rights in the Port of Hamina ."
No decision on such sale of the now issued or existing treasury shares to YA Global has been made yet .,1,No decision on such sale of the now issued or existing treasury shares to YA Global has been made yet .
Salonen added that data shows producers ' pulp inventories in North America are declining . ',0,Salonen added that data shows producers ' pulp inventories in North America are declining . '
The repurchase of the bonds was executed in the open market in accordance with section 7 f of the terms and conditions of the Convertible Bonds .,1,The repurchase of the bonds was executed in the open market in accordance with section 7 f of the terms and conditions of the Convertible Bonds .
"Swiss bank Credit Suisse International will act as an investor in the locomotive manufacturing plant , the Astana administration said .",1,"Swiss bank Credit Suisse International will act as an investor in the locomotive manufacturing plant , the Astana administration said ."
"Operating profit totaled EUR 825mn , up from EUR 763mn in 2004 .",2,"Operating profit totaled EUR 825mn , up from EUR 763mn in 2004 ."
The closing of such transaction took place today .,1,The closing of such transaction took place today .
"The subscriptions increase Cargotec 's share capital by 36,780 euros .",2,"The subscriptions increase Cargotec 's share capital by 36,780 euros ."
The combined value of the planned investments is about EUR 30mn .,1,The combined value of the planned investments is about EUR 30mn .
AffectoGenimap builds highly customised IT solutions for its customers in Finland and the Baltic countries .,1,AffectoGenimap builds highly customised IT solutions for its customers in Finland and the Baltic countries .
"Global sports equipment maker Amer Sports Corp. , whose brands include Atomic , Salomon and Wilson , saw a 64 percent increase in third-quarter net profit to EURO 47.4 million $ 65 million on strong sales and cost cuts .",2,"Global sports equipment maker Amer Sports Corp. , whose brands include Atomic , Salomon and Wilson , saw a 64 percent increase in third-quarter net profit to EURO 47.4 million $ 65 million on strong sales and cost cuts ."
Grapevine city officials in September approved $ 35 million in tax rebates and grants for the expansion .,2,Grapevine city officials in September approved $ 35 million in tax rebates and grants for the expansion .
"Depending on the market situation , such projects are sold after 1 to 3 years after completion .",1,"Depending on the market situation , such projects are sold after 1 to 3 years after completion ."
The full-function PC weighs 1.25 kilograms and measures slightly more than two centimeters thin .,1,The full-function PC weighs 1.25 kilograms and measures slightly more than two centimeters thin .
"The expanded agreement covers the sale , marketing and distribution of Benefon 's navigation and locator devices in China .",1,"The expanded agreement covers the sale , marketing and distribution of Benefon 's navigation and locator devices in China ."
"Net sales surged by 18.5 % to EUR167 .8 m. Teleste said that EUR20 .4 m , or 12.2 % , of the sales came from the acquisitions made in 2009 .",2,"Net sales surged by 18.5 % to EUR167 .8 m. Teleste said that EUR20 .4 m , or 12.2 % , of the sales came from the acquisitions made in 2009 ."
"ALEXANDRIA , Va. , Nov. 5 -- Risto Kontturi of Rajamaki , Finland , and Jari Ylinen of Hyvinkaa , Finland , have developed an automated transportation system with a user-controlled transport selection .",1,"ALEXANDRIA , Va. , Nov. 5 -- Risto Kontturi of Rajamaki , Finland , and Jari Ylinen of Hyvinkaa , Finland , have developed an automated transportation system with a user-controlled transport selection ."
Gunneflo will be responsible of Oriola-KD 's Pharmaceutical Trade business in Sweden .,1,Gunneflo will be responsible of Oriola-KD 's Pharmaceutical Trade business in Sweden .
"Net sales of Finnish Sanoma Learning & Literature , of Finnish media group Sanoma , decreased by 3.6 % in January-June 2009 totalling EUR 162.8 mn , down from EUR 168.8 mn in the corresponding period in 2008 .",0,"Net sales of Finnish Sanoma Learning & Literature , of Finnish media group Sanoma , decreased by 3.6 % in January-June 2009 totalling EUR 162.8 mn , down from EUR 168.8 mn in the corresponding period in 2008 ."
"In Finland , the city of Forssa has said it will not pay compensation to food industry companies HK Ruokatalo and Atria for the lye leak into tap water that occurred in March 2008 .",0,"In Finland , the city of Forssa has said it will not pay compensation to food industry companies HK Ruokatalo and Atria for the lye leak into tap water that occurred in March 2008 ."
"( ADP News ) - Feb 12 , 2009 - Finnish construction company Lemminkainen Oyj ( HEL : LEM1S ) said today its net profit decreased to EUR 63.5 million ( USD 81.1 m ) for 2008 from EUR 80.6 million for 2007 .",0,"( ADP News ) - Feb 12 , 2009 - Finnish construction company Lemminkainen Oyj ( HEL : LEM1S ) said today its net profit decreased to EUR 63.5 million ( USD 81.1 m ) for 2008 from EUR 80.6 million for 2007 ."
The transaction is expected to be completed next spring .,1,The transaction is expected to be completed next spring .
facades in Riga 8 March 2010 - Finnish construction company YIT Oyj HEL : YTY1V said today that it will build the frame and the facades in a tower construction project in Riga .,1,facades in Riga 8 March 2010 - Finnish construction company YIT Oyj HEL : YTY1V said today that it will build the frame and the facades in a tower construction project in Riga .
The company had hoped the new plant would be on stream by the end of 2008 .,1,The company had hoped the new plant would be on stream by the end of 2008 .
Acquisitions have been made and businesses have been well integrated .,2,Acquisitions have been made and businesses have been well integrated .
"Earnings per share EPS amounted to EUR0 .03 , up from the loss of EUR0 .08 .",2,"Earnings per share EPS amounted to EUR0 .03 , up from the loss of EUR0 .08 ."
The contract has been allotted as per lowest price criteria .,1,The contract has been allotted as per lowest price criteria .
"Last month , Outokumpu sold more than 80 percent of its technology unit , Outokumpu Technology Oyj , to further its strategic goal of becoming the world 's largest stainless steel maker .",2,"Last month , Outokumpu sold more than 80 percent of its technology unit , Outokumpu Technology Oyj , to further its strategic goal of becoming the world 's largest stainless steel maker ."
"The order comprises four ball mills , which will be organized in two different streams for treating ore in the Pilanesberg platinum mine .",1,"The order comprises four ball mills , which will be organized in two different streams for treating ore in the Pilanesberg platinum mine ."
The sales of the Tiimari segment fell by 4.0 % year-on-year to EUR3 .3 m in June 2010 .,0,The sales of the Tiimari segment fell by 4.0 % year-on-year to EUR3 .3 m in June 2010 .
"In the third quarter , net sales increased by 12 % year-on-year to EUR 159.5 million , or by 6 % at comparable currency rates growth .",2,"In the third quarter , net sales increased by 12 % year-on-year to EUR 159.5 million , or by 6 % at comparable currency rates growth ."
Finnish retail software developer Aldata Solution Oyj reported a net loss of 11.7 mln euro $ 17.2 mln for 2007 versus a net profit of 2.5 mln euro $ 3.7 mln for 2006 .,0,Finnish retail software developer Aldata Solution Oyj reported a net loss of 11.7 mln euro $ 17.2 mln for 2007 versus a net profit of 2.5 mln euro $ 3.7 mln for 2006 .
"( ADP News ) - Feb 11 , 2009 - Finnish management software solutions provider Ixonos Oyj ( HEL : XNS1V ) said today its net profit rose to EUR 3.5 million ( USD 4.5 m ) for 2008 from EUR 3.1 million for 2007 .",2,"( ADP News ) - Feb 11 , 2009 - Finnish management software solutions provider Ixonos Oyj ( HEL : XNS1V ) said today its net profit rose to EUR 3.5 million ( USD 4.5 m ) for 2008 from EUR 3.1 million for 2007 ."
The use of validation rule base enables verifying that processing rule bases managed by different administrators fulfil some set requirements .,1,The use of validation rule base enables verifying that processing rule bases managed by different administrators fulfil some set requirements .
"Private equity investor CapMan , the owner of Finnish Lumene cosmetics company , is planning to list Lumene .",1,"Private equity investor CapMan , the owner of Finnish Lumene cosmetics company , is planning to list Lumene ."
"In 2007 , the Group 's net sales stood at EUR 42 million and it had about 1,445 employees .",1,"In 2007 , the Group 's net sales stood at EUR 42 million and it had about 1,445 employees ."
Finnish Okmetic that manufactures and processes silicon wafers for the semiconductor and sensor industries and Norwegian solar wafer company NorSun have signed a contract under which Okmetic will supply NorSun mono silicon crystals for use in solar cell manufacturing .,2,Finnish Okmetic that manufactures and processes silicon wafers for the semiconductor and sensor industries and Norwegian solar wafer company NorSun have signed a contract under which Okmetic will supply NorSun mono silicon crystals for use in solar cell manufacturing .
Runway Visual Range is a calculated assessment of the distance that a pilot can see down a runway .,1,Runway Visual Range is a calculated assessment of the distance that a pilot can see down a runway .
"The changes will take effect on 1 January 2010 , and they are not estimated to have an impact on the number of employees .",1,"The changes will take effect on 1 January 2010 , and they are not estimated to have an impact on the number of employees ."
This is the first time Finnair has been awarded an agreement with the UK government .,2,This is the first time Finnair has been awarded an agreement with the UK government .
"The remainder of its revenues will come from technology agreements with other firms , InterDigital said .",1,"The remainder of its revenues will come from technology agreements with other firms , InterDigital said ."
The company is reportedly searching for a replacement for CEO Olli-Pekka Kallasvuo .,1,The company is reportedly searching for a replacement for CEO Olli-Pekka Kallasvuo .
"Lule+Ñ municipality has awarded YIT a 2-year contract , for property management of about one third of the municipality 's properties , with a total area of 140,000 sq. metres .",2,"Lule+Ñ municipality has awarded YIT a 2-year contract , for property management of about one third of the municipality 's properties , with a total area of 140,000 sq. metres ."
"Salcomp Oyj , the Finnish maker of mobile phone chargers , Monday posted a EUR1 .49 million loss in the second quarter compared with a 1.70 million profit in the same period the previous year .",0,"Salcomp Oyj , the Finnish maker of mobile phone chargers , Monday posted a EUR1 .49 million loss in the second quarter compared with a 1.70 million profit in the same period the previous year ."
"The company operates its business through two reportable segments , including Banking and Investment Services , and Non-Life Insurance .",1,"The company operates its business through two reportable segments , including Banking and Investment Services , and Non-Life Insurance ."
Finnish Bank of +àland reports its operating profit fell to EUR 4.9 mn in the third quarter of 2007 from EUR 5.6 mn in the third quarter of 2006 .,0,Finnish Bank of +àland reports its operating profit fell to EUR 4.9 mn in the third quarter of 2007 from EUR 5.6 mn in the third quarter of 2006 .
"Utah 's capital wanted to be the next U.S. headquarters of Amer Sports Corp. , a ski-equipment company .",1,"Utah 's capital wanted to be the next U.S. headquarters of Amer Sports Corp. , a ski-equipment company ."
"The company has also supplied more than 200 MW of power generating equipment for a number of projects in Papua New Guinea , including 12 engines of the Wartsila 32 type to Lihir Gold .",1,"The company has also supplied more than 200 MW of power generating equipment for a number of projects in Papua New Guinea , including 12 engines of the Wartsila 32 type to Lihir Gold ."
"Paper companies were in negative territories , with Stora Enso R shedding 1.62 pct to 12.73 eur , UPM-Kymmene down 0.80 pct at 18.64 eur and M-real B 0.18 pct lower at 5.57 eur .",0,"Paper companies were in negative territories , with Stora Enso R shedding 1.62 pct to 12.73 eur , UPM-Kymmene down 0.80 pct at 18.64 eur and M-real B 0.18 pct lower at 5.57 eur ."
"Operating loss totalled EUR 5.2 mn , compared to a loss of EUR 3.4 mn in the corresponding period in 2008-2009 .",0,"Operating loss totalled EUR 5.2 mn , compared to a loss of EUR 3.4 mn in the corresponding period in 2008-2009 ."
Finnish waste management and cleaning group Lassila & Tikanoja Oyj ( L&T ) net profit went down to 32.2 mln euro ( $ 47.7 mln ) for 2007 from 35.3 mln euro ( $ 52.3 mln ) for 2006 .,0,Finnish waste management and cleaning group Lassila & Tikanoja Oyj ( L&T ) net profit went down to 32.2 mln euro ( $ 47.7 mln ) for 2007 from 35.3 mln euro ( $ 52.3 mln ) for 2006 .
"In 2007 , almost two thirds of Orion 's net sales came from these drugs .",1,"In 2007 , almost two thirds of Orion 's net sales came from these drugs ."
"After buying Eukor Car Carriers 50 percent stake , Grimaldi Group is now the sole owner of the Swedish roll-on , roll-off port of Wallhamn .",1,"After buying Eukor Car Carriers 50 percent stake , Grimaldi Group is now the sole owner of the Swedish roll-on , roll-off port of Wallhamn ."
Finnish handling systems company Cargotec Oyj ( HEL : CGCBV ) said today that it won a EUR 13 million ( USD 16.6 m ) contract to deliver MacGregor hatch covers for ships ordered by Norwegian shipowner Grieg Shipping .,2,Finnish handling systems company Cargotec Oyj ( HEL : CGCBV ) said today that it won a EUR 13 million ( USD 16.6 m ) contract to deliver MacGregor hatch covers for ships ordered by Norwegian shipowner Grieg Shipping .
"The Company serves approximately 3,000 customers in over 100 countries .",1,"The Company serves approximately 3,000 customers in over 100 countries ."
"The evidentiary hearing in the Investigation is scheduled for April 21 - May 1 , 2008 .",1,"The evidentiary hearing in the Investigation is scheduled for April 21 - May 1 , 2008 ."
"Finnish software developer Basware Oyj said on November 30 , 2006 its U.S. subsidiary Basware , Inc. won an order to provide software for contract lifecycle management to an unnamed U.S. medical technology company .",2,"Finnish software developer Basware Oyj said on November 30 , 2006 its U.S. subsidiary Basware , Inc. won an order to provide software for contract lifecycle management to an unnamed U.S. medical technology company ."
"`` As a part of the Eseries business promise , the Nokia E50 has been equipped with a variety of email solutions in a small and stylised package , '' said Dave Grannan , general manager , Enterprise Solutions , Nokia .",1,"`` As a part of the Eseries business promise , the Nokia E50 has been equipped with a variety of email solutions in a small and stylised package , '' said Dave Grannan , general manager , Enterprise Solutions , Nokia ."
"26 January 2011 - Finnish metal products company Componenta Oyj ( HEL : CTH1V ) said yesterday its net loss narrowed to EUR500 ,000 in the last quarter of 2010 from EUR5 .3 m for the same period a year earlier .",2,"26 January 2011 - Finnish metal products company Componenta Oyj ( HEL : CTH1V ) said yesterday its net loss narrowed to EUR500 ,000 in the last quarter of 2010 from EUR5 .3 m for the same period a year earlier ."
Choose from a Giant Countdown with red head or rainbow trout -- or the Giant Shad Rap in perch color .,1,Choose from a Giant Countdown with red head or rainbow trout -- or the Giant Shad Rap in perch color .
The category was marked by maturity and the recession .,1,The category was marked by maturity and the recession .
The actions are expected to deliver annual cost savings of some EUR15-20m .,2,The actions are expected to deliver annual cost savings of some EUR15-20m .
"Stockholm-based Nordea Bank ( STO : NDA ) said yesterday it had hired Casper von Koskull to lead its corporate merchant banking and capital markets unit , effective 1 September .",1,"Stockholm-based Nordea Bank ( STO : NDA ) said yesterday it had hired Casper von Koskull to lead its corporate merchant banking and capital markets unit , effective 1 September ."
Europe however remains an important and strong market for us .,1,Europe however remains an important and strong market for us .
"When the negotiations were started , Neste Oil anticipated that 450 people would be affected .",1,"When the negotiations were started , Neste Oil anticipated that 450 people would be affected ."
"Some 3.8 mln euro ( $ 5.2 mln ) of the base acquisition price will be paid in cash and the rest through a subscription offering of a total of 850,000 new Ixonos shares .",1,"Some 3.8 mln euro ( $ 5.2 mln ) of the base acquisition price will be paid in cash and the rest through a subscription offering of a total of 850,000 new Ixonos shares ."
"Also Finnish Industry Investment , a government-owned investment company , will participate in the project .",1,"Also Finnish Industry Investment , a government-owned investment company , will participate in the project ."
"However , its market share shrank to 47.59 per cent from 48 per cent a year earlier .",0,"However , its market share shrank to 47.59 per cent from 48 per cent a year earlier ."
Through this transaction we are able to participate in developing the industry .,2,Through this transaction we are able to participate in developing the industry .
"Before FKI , John Jiang has worked in several general manager or senior business consultant positions for international companies in China .",1,"Before FKI , John Jiang has worked in several general manager or senior business consultant positions for international companies in China ."
Loss for the period totalled EUR 15.6 mn compared to a profit of EUR 6.3 mn in 2008 .,0,Loss for the period totalled EUR 15.6 mn compared to a profit of EUR 6.3 mn in 2008 .
All of Raisio 's divisions recorded an operating profit .,2,All of Raisio 's divisions recorded an operating profit .
Total two offers were received by Contracting Authority for participating in this contract ; however the contract was allotted to Affecto Finland Oy .,1,Total two offers were received by Contracting Authority for participating in this contract ; however the contract was allotted to Affecto Finland Oy .
"By implementing the software the Finnish Army aims to unify and improve its operations in these application areas , QPR Software stated .",2,"By implementing the software the Finnish Army aims to unify and improve its operations in these application areas , QPR Software stated ."
"AUSTIN , Texas , Sept. 6 -- Texas Department Of Transportation awards contract for Teleste Video Compression and Distribution Equipment .",2,"AUSTIN , Texas , Sept. 6 -- Texas Department Of Transportation awards contract for Teleste Video Compression and Distribution Equipment ."
The companies signed the letter of intent for the sale on 17 September 2010 and envisaged to seal the actual agreement on 1 January 2011 .,1,The companies signed the letter of intent for the sale on 17 September 2010 and envisaged to seal the actual agreement on 1 January 2011 .
Finnlines will announce in week 17 of 2006 what measures it will take to tackle the situation .,1,Finnlines will announce in week 17 of 2006 what measures it will take to tackle the situation .
"According to CEO Hannu Syrj+ñnen , a new common name and visual identity is required as the group has grown and internationalised .",1,"According to CEO Hannu Syrj+ñnen , a new common name and visual identity is required as the group has grown and internationalised ."
Yvonne Jones is owner of Chameleon Interiors .,1,Yvonne Jones is owner of Chameleon Interiors .
"Pioneer Library System was one of 127 libraries , municipalities , arts , culture and higher education and science organizations to have been awarded grants to participate in The Big Read , the largest federal reading program in U.S. history .",2,"Pioneer Library System was one of 127 libraries , municipalities , arts , culture and higher education and science organizations to have been awarded grants to participate in The Big Read , the largest federal reading program in U.S. history ."
Finnish Bore that is owned by the Rettig family has grown recently through the acquisition of smaller shipping companies .,2,Finnish Bore that is owned by the Rettig family has grown recently through the acquisition of smaller shipping companies .
CF2 Pty Ltd became a substantial holder in Renison Consolidated Mines NL on January 25 with 150 million shares ( 7.9 pc ) .,1,CF2 Pty Ltd became a substantial holder in Renison Consolidated Mines NL on January 25 with 150 million shares ( 7.9 pc ) .
Finnish Aktia Group 's operating profit rose to EUR 17.5 mn in the first quarter of 2010 from EUR 8.2 mn in the first quarter of 2009 .,2,Finnish Aktia Group 's operating profit rose to EUR 17.5 mn in the first quarter of 2010 from EUR 8.2 mn in the first quarter of 2009 .
The value of the deal was not disclosed .,1,The value of the deal was not disclosed .
"We know that it exists , '' Artemyev said .",1,"We know that it exists , '' Artemyev said ."
"The contract comprises a log handling line , a peeling line , and a veneer drying and grading line .",1,"The contract comprises a log handling line , a peeling line , and a veneer drying and grading line ."
"As a result , the number of personnel in Finland will be reduced by 158 .",1,"As a result , the number of personnel in Finland will be reduced by 158 ."
"For the last quarter of 2010 , Componenta 's net sales doubled to EUR131m from EUR76m for the same period a year earlier , while it moved to a zero pre-tax profit from a pre-tax loss of EUR7m .",2,"For the last quarter of 2010 , Componenta 's net sales doubled to EUR131m from EUR76m for the same period a year earlier , while it moved to a zero pre-tax profit from a pre-tax loss of EUR7m ."
"In its financial report , published on Friday , SEB said its net profit soared to SEK6 .745 bn in 2010 from a year-earlier SEK1 .114 bn and proposed a 50 % dividend increase to SEK1 .50 per share .",2,"In its financial report , published on Friday , SEB said its net profit soared to SEK6 .745 bn in 2010 from a year-earlier SEK1 .114 bn and proposed a 50 % dividend increase to SEK1 .50 per share ."
A few employees would remain at the Oulu plant in support functions for other group units .,1,A few employees would remain at the Oulu plant in support functions for other group units .
Strand Associates is expanding its Madison corporate headquarters with space to add about 100 employees to the engineering firm .,2,Strand Associates is expanding its Madison corporate headquarters with space to add about 100 employees to the engineering firm .
Finnish business software group AffectoGenimap Oyj said its net profit halved to 1.2 mln euro ( $ 1.5 mln ) in the first nine months of 2006 from 2.2 mln euro ( $ 2.8 mln ) in the same period of 2005 .,0,Finnish business software group AffectoGenimap Oyj said its net profit halved to 1.2 mln euro ( $ 1.5 mln ) in the first nine months of 2006 from 2.2 mln euro ( $ 2.8 mln ) in the same period of 2005 .
"The sellers include 40 shareholders , including Intellibis management , employees and other investors .",1,"The sellers include 40 shareholders , including Intellibis management , employees and other investors ."
"Stora Enso has also had meetings with the labor authorities , Employment and Economic Development Centres and representatives of the government in order to find solutions .",1,"Stora Enso has also had meetings with the labor authorities , Employment and Economic Development Centres and representatives of the government in order to find solutions ."
A broad range of connectivity options including 3G - HSPA and Wi-Fi gives consumers high speed access to the Internet .,1,A broad range of connectivity options including 3G - HSPA and Wi-Fi gives consumers high speed access to the Internet .
Reported operating margin was a negative 5.9 % .,0,Reported operating margin was a negative 5.9 % .
"The portfolio comprises of 118,000 m2 of leasable space with a vacancy rate of roughly 5 % , let to around 140 tenants of which two of the largest are the Swedish government and Ericsson .",1,"The portfolio comprises of 118,000 m2 of leasable space with a vacancy rate of roughly 5 % , let to around 140 tenants of which two of the largest are the Swedish government and Ericsson ."
The annual value of the contracts is estimated at USD 2mn over the next three years .,1,The annual value of the contracts is estimated at USD 2mn over the next three years .
Pharmaceuticals - Poland This brand-new market analysis gives a clear overview of the actual situation and future outlook of the pharmaceutical market in Poland .,1,Pharmaceuticals - Poland This brand-new market analysis gives a clear overview of the actual situation and future outlook of the pharmaceutical market in Poland .
"Due to the rapid decrease in net sales , personnel reductions have been carried out on a wider scale than initially expected .",0,"Due to the rapid decrease in net sales , personnel reductions have been carried out on a wider scale than initially expected ."
Underground parking facilities will also be built on the basement floor .,1,Underground parking facilities will also be built on the basement floor .
The company supports its global customers in developing new technologies and offers a fast route from product development to applications and volume production .,1,The company supports its global customers in developing new technologies and offers a fast route from product development to applications and volume production .
"New Delhi , Feb. 12 -- Korteniemi Anneli , Helokunnas Tuija , Peltola Marjo , Keskinen Jukka , Salminen Jussi , Tusa Kia and Janhonen Risto of Nokia Telecommunications Oy , Espoo , Finland have developed cable adjustment device .",1,"New Delhi , Feb. 12 -- Korteniemi Anneli , Helokunnas Tuija , Peltola Marjo , Keskinen Jukka , Salminen Jussi , Tusa Kia and Janhonen Risto of Nokia Telecommunications Oy , Espoo , Finland have developed cable adjustment device ."
Currency conversions are based on exchange rates at the time of the deal .,1,Currency conversions are based on exchange rates at the time of the deal .
This amount will not be included in the pensionable salary .,1,This amount will not be included in the pensionable salary .
"Based on the first quarter result , existing order backlog and new order prospects , the company expects that full-year sales will contract by 25 % from 2008 , the gross margin will stay at a healthy level , and the operating profit margin will be lower than in 2008 due to lower sales volume .",0,"Based on the first quarter result , existing order backlog and new order prospects , the company expects that full-year sales will contract by 25 % from 2008 , the gross margin will stay at a healthy level , and the operating profit margin will be lower than in 2008 due to lower sales volume ."
Delhaize Le Lion has selected the Aldata G.O.L.D. Vocal PDA solution on the Motorola WT4090 PDA terminal .,1,Delhaize Le Lion has selected the Aldata G.O.L.D. Vocal PDA solution on the Motorola WT4090 PDA terminal .
"Swedish engineering consultant firm Etteplan is to establish a unit in town Borl+ñnge , by the turn of the month March-April 2008 .",1,"Swedish engineering consultant firm Etteplan is to establish a unit in town Borl+ñnge , by the turn of the month March-April 2008 ."
The veneer and plywood industry in Sweden is quite small despite the raw material resources .,1,The veneer and plywood industry in Sweden is quite small despite the raw material resources .
Market share decreased on the route between Helsinki in Finland and Tallinn in Estonia by 0.1 percentage points to 24.8 % .,0,Market share decreased on the route between Helsinki in Finland and Tallinn in Estonia by 0.1 percentage points to 24.8 % .
"Empresa de Desarrollo Urbano de Quito , INNOVAR-UIO , Ecuador has commissioned Poyry to prepare a feasibility study for a new urban rapid mass transit system .",1,"Empresa de Desarrollo Urbano de Quito , INNOVAR-UIO , Ecuador has commissioned Poyry to prepare a feasibility study for a new urban rapid mass transit system ."
Profit of the accounting period was EUR 0.3 mn .,1,Profit of the accounting period was EUR 0.3 mn .
"CS Cabot exports 55 % of its production mainly to Goodyear , Bridgestone and Michelin plants in Poland , as well as to Germany 's Michelin or Italy 's Pirelli through the company 's logistics center in Paris , Stefan said .",1,"CS Cabot exports 55 % of its production mainly to Goodyear , Bridgestone and Michelin plants in Poland , as well as to Germany 's Michelin or Italy 's Pirelli through the company 's logistics center in Paris , Stefan said ."
"The Lithuanian beer market made up 14.41 million liters in January , a rise of 0.8 percent from the year-earlier figure , the Lithuanian Brewers ' Association reporting citing the results from its members .",2,"The Lithuanian beer market made up 14.41 million liters in January , a rise of 0.8 percent from the year-earlier figure , the Lithuanian Brewers ' Association reporting citing the results from its members ."
The corrected chapter is in its entirety below .,1,The corrected chapter is in its entirety below .
The Group also has a strong global position in other fishing categories .,2,The Group also has a strong global position in other fishing categories .
Finnish media group Talentum has issued a profit warning .,0,Finnish media group Talentum has issued a profit warning .
No financial or pricing details were disclosed .,1,No financial or pricing details were disclosed .
stores 16 March 2010 - Finnish stationery and gift retailer Tiimari HEL : TII1V said yesterday that it will cut a total of 28 jobs in its units Tiimari Retail Ltd and Gallerix Finland Ltd as a result of the closure of shops .,0,stores 16 March 2010 - Finnish stationery and gift retailer Tiimari HEL : TII1V said yesterday that it will cut a total of 28 jobs in its units Tiimari Retail Ltd and Gallerix Finland Ltd as a result of the closure of shops .
Homeowners across North America have green experiences to share from cost savings to clean and eco-friendly heating .,1,Homeowners across North America have green experiences to share from cost savings to clean and eco-friendly heating .
"The final price will be specified by 14 May 2010 , the acquiring company said .",1,"The final price will be specified by 14 May 2010 , the acquiring company said ."
There are no substitutes to AC drives .,1,There are no substitutes to AC drives .
Veracel is preparing an appeal in the issue and has asked the court for clarification of the judgement .,1,Veracel is preparing an appeal in the issue and has asked the court for clarification of the judgement .
The agreement is valid for four years .,1,The agreement is valid for four years .
"So far the company has awarded more than $ 350,000 worth of tools and materials .",1,"So far the company has awarded more than $ 350,000 worth of tools and materials ."
Finnish forest machinery manufacturer Ponsse has issued a profit warning .,0,Finnish forest machinery manufacturer Ponsse has issued a profit warning .
"In 2010 , Sanoma Magazines expects net sales to be at the 2009 level .",1,"In 2010 , Sanoma Magazines expects net sales to be at the 2009 level ."
"SSH Communications Security Corporation is headquartered in Helsinki , Finland .",1,"SSH Communications Security Corporation is headquartered in Helsinki , Finland ."
"Biohit and VWR have been in close cooperation for a number of years in the US , where Biohit is one of VWR 's focus suppliers .",2,"Biohit and VWR have been in close cooperation for a number of years in the US , where Biohit is one of VWR 's focus suppliers ."
The personnel s expertise and high level of technology play a major role in Exel Composites operations .,1,The personnel s expertise and high level of technology play a major role in Exel Composites operations .
"Initial estimated total value of the contract was 250 000 Euros , excluding VAT .",1,"Initial estimated total value of the contract was 250 000 Euros , excluding VAT ."
The net sales of the Power Plants business were EUR 710.3 million in 2005 .,1,The net sales of the Power Plants business were EUR 710.3 million in 2005 .
"Digia said its consolidated net sales for January-June 2010 were EUR67 .8 m , up 9.7 % on the same period in 2009 ( EUR61 .9 m ) .",2,"Digia said its consolidated net sales for January-June 2010 were EUR67 .8 m , up 9.7 % on the same period in 2009 ( EUR61 .9 m ) ."
"20 October 2010 - Finnish environmental management company Lassila & Tikanoja Oyj HEL : LAT1V , or L&T , said Monday it expects its operating profit , excluding non-recurring items , for the whole 2010 to be slightly lower than in 2009 .",0,"20 October 2010 - Finnish environmental management company Lassila & Tikanoja Oyj HEL : LAT1V , or L&T , said Monday it expects its operating profit , excluding non-recurring items , for the whole 2010 to be slightly lower than in 2009 ."
"The OMX Helsinki 25 index was up 0.92 pct at 2,518.67 and the Helsinki CAP portfolio index was 0.91 pct higher at 4,711.19 .",2,"The OMX Helsinki 25 index was up 0.92 pct at 2,518.67 and the Helsinki CAP portfolio index was 0.91 pct higher at 4,711.19 ."
Revenue grew 1 percent to euro742 .2 million US$ 964 million from euro735 million .,2,Revenue grew 1 percent to euro742 .2 million US$ 964 million from euro735 million .
"When this information was released on 5 September 2008 , Nokia 's American Depositary shares fell by 8 % .",0,"When this information was released on 5 September 2008 , Nokia 's American Depositary shares fell by 8 % ."
"The company 's scheduled traffic , measured in revenue passenger kilometres RPK , grew by just over 2 % and nearly 3 % more passengers were carried on scheduled flights than in February 2009 .",2,"The company 's scheduled traffic , measured in revenue passenger kilometres RPK , grew by just over 2 % and nearly 3 % more passengers were carried on scheduled flights than in February 2009 ."
"In the third quarter of fiscal 2008 Efore swung to a net loss of EUR 400,000 versus a net profit of EUR 200,000 for the corresponding period of fiscal 2007 .",0,"In the third quarter of fiscal 2008 Efore swung to a net loss of EUR 400,000 versus a net profit of EUR 200,000 for the corresponding period of fiscal 2007 ."
Finnish consumers prefer to buy the cheapest beer brand .,1,Finnish consumers prefer to buy the cheapest beer brand .
"The highest growth would be in China , while weakening demand would continue in North America , UPM said .",1,"The highest growth would be in China , while weakening demand would continue in North America , UPM said ."
Ruukki announced that it has signed an agreement with Aker Solutions of Norway to supply 24 suction anchors in September 2010 from its Kalajoki unit in Finland .,2,Ruukki announced that it has signed an agreement with Aker Solutions of Norway to supply 24 suction anchors in September 2010 from its Kalajoki unit in Finland .
Rapala VMC Corporation ( Rapala ) is a Finland-based company engaged in the manufacture and distribution of fishing equipment and accessories .,1,Rapala VMC Corporation ( Rapala ) is a Finland-based company engaged in the manufacture and distribution of fishing equipment and accessories .
"Vaisala Oyj Stock exchange release 26.03.2010 klo 09.00 1 ( 1 ) The Annual General Meeting of Vaisala Oyj decided on March 25 , 2010 to approve the Company 's annual accounts for 2009 .",1,"Vaisala Oyj Stock exchange release 26.03.2010 klo 09.00 1 ( 1 ) The Annual General Meeting of Vaisala Oyj decided on March 25 , 2010 to approve the Company 's annual accounts for 2009 ."
"Operating result , excluding one-off items , totaled EUR 9.1 mn compared to EUR 10.6 mn in continuing operations , excluding one-off items in 2004 .",0,"Operating result , excluding one-off items , totaled EUR 9.1 mn compared to EUR 10.6 mn in continuing operations , excluding one-off items in 2004 ."
"Master of Mayawas jointly developed by Nokia Siemens Networks and UFA - FremantleMedia , and will be actively advertised by Maxis in the end of May 2007 .",1,"Master of Mayawas jointly developed by Nokia Siemens Networks and UFA - FremantleMedia , and will be actively advertised by Maxis in the end of May 2007 ."
"The Annual Report will be sent automatically to shareholders holding at least 2,000 Sampo plc shares .",1,"The Annual Report will be sent automatically to shareholders holding at least 2,000 Sampo plc shares ."
"The Finnish company sold its UK operation - consisting of 50 staff in offices in London , Birmingham and Manchester - as part of a deal with Hampden in July 2001 for its European-wide property and casualty arm Sampo Industrial .",1,"The Finnish company sold its UK operation - consisting of 50 staff in offices in London , Birmingham and Manchester - as part of a deal with Hampden in July 2001 for its European-wide property and casualty arm Sampo Industrial ."
"Finnish shipping company Finnlines , of the Grimaldi Group , reports its net sales decreased to EUR 241.8 mn in January-June 2009 from EUR 384.0 mn in the corresponding period in 2008 .",0,"Finnish shipping company Finnlines , of the Grimaldi Group , reports its net sales decreased to EUR 241.8 mn in January-June 2009 from EUR 384.0 mn in the corresponding period in 2008 ."
Finnish meat company Atria can no longer promise a sufficient amount of domestic beef to its customers .,0,Finnish meat company Atria can no longer promise a sufficient amount of domestic beef to its customers .
"Operating loss before non-recurring items was EUR 0.9 mn , compared to a profit of EUR 11.5 mn in 2008 .",0,"Operating loss before non-recurring items was EUR 0.9 mn , compared to a profit of EUR 11.5 mn in 2008 ."
The business to be divested generates consolidated net sales of EUR 60 million annually and currently has some 640 employees .,1,The business to be divested generates consolidated net sales of EUR 60 million annually and currently has some 640 employees .
"In today s business , you have to pre-empt what consumers want , said Mohammed Zainalabedin , General Manager , Zain Bahrain .",1,"In today s business , you have to pre-empt what consumers want , said Mohammed Zainalabedin , General Manager , Zain Bahrain ."
"`` I 'm pleased to receive the Nomination Committee 's request and confidence , '' says Jon Risfelt .",2,"`` I 'm pleased to receive the Nomination Committee 's request and confidence , '' says Jon Risfelt ."
It estimates the operating profit to further improve from the third quarter .,2,It estimates the operating profit to further improve from the third quarter .
Timo Penttila has been appointed new manager responsible for the asset management of Nordea 's institutional customers in Finland .,1,Timo Penttila has been appointed new manager responsible for the asset management of Nordea 's institutional customers in Finland .
"The GeoSolutions technology will leverage Benefon 's GPS solutions by providing Location Based Search Technology , a Communities Platform , location relevant multimedia content and a new and powerful commercial model .",2,"The GeoSolutions technology will leverage Benefon 's GPS solutions by providing Location Based Search Technology , a Communities Platform , location relevant multimedia content and a new and powerful commercial model ."
Passenger-related revenue rose by 5.1 % to EUR 460.8 mn from EUR 438.5 mn in 2009 .,2,Passenger-related revenue rose by 5.1 % to EUR 460.8 mn from EUR 438.5 mn in 2009 .
Cymed 's net sales are expected to amount to EUR 3.5 mn in 2006 .,1,Cymed 's net sales are expected to amount to EUR 3.5 mn in 2006 .
"Elcoteq SE Stock Exchange Announcement February 4 , 2009 at 10.00 am ( EET ) Elcoteq will publish its financial statements bulletin 2008 on Wednesday , February 11 , at 9.00 am ( EET ) .",1,"Elcoteq SE Stock Exchange Announcement February 4 , 2009 at 10.00 am ( EET ) Elcoteq will publish its financial statements bulletin 2008 on Wednesday , February 11 , at 9.00 am ( EET ) ."
The first of the two project phases is expected to be completed by the end of 2012 .,1,The first of the two project phases is expected to be completed by the end of 2012 .
"This truly takes efficiency to new heights , '' Mr. Metso adds .",2,"This truly takes efficiency to new heights , '' Mr. Metso adds ."
The implementation of the deal is subject to the approval by the Finnish Competition Authority .,1,The implementation of the deal is subject to the approval by the Finnish Competition Authority .
"It holds 38 percent of Outokumpu 's shares and voting rights , but in 2001 lawmakers gave it permission to reduce the stake to 10 percent .",1,"It holds 38 percent of Outokumpu 's shares and voting rights , but in 2001 lawmakers gave it permission to reduce the stake to 10 percent ."
"Through the new production lines at the Novator mill in Veliky Ustjug , Vologda Oblast , Sveza will change its current 1.5 m by 1.5 m birch plywood production targeting the domestic market to produce 1.5 m by 3.0 m overlaid birch plywood for the global market .",1,"Through the new production lines at the Novator mill in Veliky Ustjug , Vologda Oblast , Sveza will change its current 1.5 m by 1.5 m birch plywood production targeting the domestic market to produce 1.5 m by 3.0 m overlaid birch plywood for the global market ."
All rights reserved .,1,All rights reserved .
"The business area has operations in Finland , Sweden , Denmark , Estonia , Latvia and Lithuania .",1,"The business area has operations in Finland , Sweden , Denmark , Estonia , Latvia and Lithuania ."
"` After fixing our home-base , cutting costs and closing the non-profitable units , we are now looking at going forward , ' she said .",2,"` After fixing our home-base , cutting costs and closing the non-profitable units , we are now looking at going forward , ' she said ."
Operating profit rose to 22.1 mln eur from 19.9 mln .,2,Operating profit rose to 22.1 mln eur from 19.9 mln .
Poyry is a global expert in consulting and engineering .,1,Poyry is a global expert in consulting and engineering .
Unilever 's Turun Sinappi that is made in Sweden holds 40 % of the market .,1,Unilever 's Turun Sinappi that is made in Sweden holds 40 % of the market .
Pretax profit rose to EUR 17.8 mn from EUR 14.9 mn in 2005 .,2,Pretax profit rose to EUR 17.8 mn from EUR 14.9 mn in 2005 .
Jon Risfelt is 49 years old holds a Master of Science in Chemical Engineering from the Swedish Royal Institute of Technology .,1,Jon Risfelt is 49 years old holds a Master of Science in Chemical Engineering from the Swedish Royal Institute of Technology .
"Helsinki-based Componenta bought Turkish listed company Doktas in October 2006 for 89 million euros , making it the largest Finnish investment in Turkey to date .",1,"Helsinki-based Componenta bought Turkish listed company Doktas in October 2006 for 89 million euros , making it the largest Finnish investment in Turkey to date ."
The name of the buyer was not disclosed .,1,The name of the buyer was not disclosed .
The invention carries International Patent Publication No. .,1,The invention carries International Patent Publication No. .
Estimations indicate that even up to 170 different tablet computers or reading devices will be available in 2011 .,1,Estimations indicate that even up to 170 different tablet computers or reading devices will be available in 2011 .
Net sales of Finnish food industry company L+ñnnen Tehtaat 's continuing operations increased by 13 % in 2008 to EUR 349.1 mn from EUR 309.6 mn in 2007 .,2,Net sales of Finnish food industry company L+ñnnen Tehtaat 's continuing operations increased by 13 % in 2008 to EUR 349.1 mn from EUR 309.6 mn in 2007 .
"Telecom has a foreign investment limit of 74 % , but it appears that mobile VAS does not , which means that Tecnomen can pick up as much as 96.6 % .",1,"Telecom has a foreign investment limit of 74 % , but it appears that mobile VAS does not , which means that Tecnomen can pick up as much as 96.6 % ."
"For the fiscal year ending September 30 , 2009 the revenue from these customers was $ 10.012 million or around 11.0 % of the transportation group 's revenue .",1,"For the fiscal year ending September 30 , 2009 the revenue from these customers was $ 10.012 million or around 11.0 % of the transportation group 's revenue ."
"In the fourth quarter of 2006 , OKO Banks expects the operating environment for Banking and Investment Services to remain similar to that in January-September 2006 .",1,"In the fourth quarter of 2006 , OKO Banks expects the operating environment for Banking and Investment Services to remain similar to that in January-September 2006 ."
"Kemira , headquartered in Helsinki , Finland , is an international chemicals group comprising the business areas Kemira Pulp & Paper , Kemira Water , Kemira Specialty and Kemira Coatings .",1,"Kemira , headquartered in Helsinki , Finland , is an international chemicals group comprising the business areas Kemira Pulp & Paper , Kemira Water , Kemira Specialty and Kemira Coatings ."
Finnish technology company Raute Corporation ( OMX Helsinki : RUTAV ) issued on Tuesday ( 23 September ) a profit warning for the financial year 2008 .,0,Finnish technology company Raute Corporation ( OMX Helsinki : RUTAV ) issued on Tuesday ( 23 September ) a profit warning for the financial year 2008 .
The EPS improved to EUR0 .38 from EUR0 .27 .,2,The EPS improved to EUR0 .38 from EUR0 .27 .
"Aspocomp Group , headquartered in Helsinki , Finland , develops interconnection solutions for the electronics industry .",1,"Aspocomp Group , headquartered in Helsinki , Finland , develops interconnection solutions for the electronics industry ."
Under the contract Cramo Sverige and its subcontractor Brinkab AB will provide all scaffolding installations at LKAB 's new pellets plant in Kiruna in northern Sweden .,2,Under the contract Cramo Sverige and its subcontractor Brinkab AB will provide all scaffolding installations at LKAB 's new pellets plant in Kiruna in northern Sweden .
Net sales have been eaten by the weak US dollar .,0,Net sales have been eaten by the weak US dollar .
Also the traditional grapevine carries a lot of weight .,1,Also the traditional grapevine carries a lot of weight .
"EPS for the quarter came in at 0.36 eur , up from 0.33 eur a year ago and ahead of forecast of 0.33 eur .",2,"EPS for the quarter came in at 0.36 eur , up from 0.33 eur a year ago and ahead of forecast of 0.33 eur ."
"The first installment of the Cinema Series concludes with a profile of Finnish inventor Olavi Linden , whose personal artistic journey and work at Fiskars has led to dozens of design awards .",1,"The first installment of the Cinema Series concludes with a profile of Finnish inventor Olavi Linden , whose personal artistic journey and work at Fiskars has led to dozens of design awards ."
"Compared with the FTSE 100 index , which fell 35.2 points ( or 0.6 % ) on the day , this was a relative price change of 0.6 % .",1,"Compared with the FTSE 100 index , which fell 35.2 points ( or 0.6 % ) on the day , this was a relative price change of 0.6 % ."
"KAUKO-TELKO LTD PRESS RELEASE 19.06.2007 AT 14.00 1 ( 1 ) Telko Group ( Kauko-Telko ) is expanding its strategic partnership with BP Industrial Lubricants & Services ( BP ILS ) by acquiring total ownership of BP 's Swedish retail company , Molub-Alloy AB .",2,"KAUKO-TELKO LTD PRESS RELEASE 19.06.2007 AT 14.00 1 ( 1 ) Telko Group ( Kauko-Telko ) is expanding its strategic partnership with BP Industrial Lubricants & Services ( BP ILS ) by acquiring total ownership of BP 's Swedish retail company , Molub-Alloy AB ."
The employee negotiations are to address measures needed to adjust the operations to the present production situation .,1,The employee negotiations are to address measures needed to adjust the operations to the present production situation .
"The value of the order is EUR 700,000 .",1,"The value of the order is EUR 700,000 ."
"Finnish financial software solutions developer BasWare Oyj said its net profit fell to 884,000 euro ( $ 1.2 mln ) for the first quarter of 2007 from 2.0 mln euro ( $ 2.7 mln ) a year earlier .",0,"Finnish financial software solutions developer BasWare Oyj said its net profit fell to 884,000 euro ( $ 1.2 mln ) for the first quarter of 2007 from 2.0 mln euro ( $ 2.7 mln ) a year earlier ."
"In 2007 Talentum will disclose three Interim Reports - Q1 ( January - March ) on Friday , 27 April , 2007 - Q2 ( April - June ) on Friday , 20 July , 2007 - Q3 ( July - September ) on Friday , 26 October , 2007 .",1,"In 2007 Talentum will disclose three Interim Reports - Q1 ( January - March ) on Friday , 27 April , 2007 - Q2 ( April - June ) on Friday , 20 July , 2007 - Q3 ( July - September ) on Friday , 26 October , 2007 ."
The estimated synergy benefits are at least EUR7m annually .,2,The estimated synergy benefits are at least EUR7m annually .
"In the Baltic countries , sales fell by 40.2 % , and in Russia , by 23.2 % in terms of euros , and by 10.7 % in terms of local currency .",0,"In the Baltic countries , sales fell by 40.2 % , and in Russia , by 23.2 % in terms of euros , and by 10.7 % in terms of local currency ."
Finnish publishing and printing group Ilkka-Yhtym+ñ will introduced a staff smoking ban as of the beginning of 2007 at the company 's three newspapers .,1,Finnish publishing and printing group Ilkka-Yhtym+ñ will introduced a staff smoking ban as of the beginning of 2007 at the company 's three newspapers .
"The world of glass is coming to Egypt and we invite Visitors from all around the world to attend Glass World Exhibition 2009 , Register Now at www.glassworldex.com",1,"The world of glass is coming to Egypt and we invite Visitors from all around the world to attend Glass World Exhibition 2009 , Register Now at www.glassworldex.com"
Last year 's net sales rose to EUR 68.3 million from EUR 62.2 million .,2,Last year 's net sales rose to EUR 68.3 million from EUR 62.2 million .
Operating loss totaled EUR 0.3 mn compared to a profit of EUR 2.2 mn in the corresponding period in 2007 .,0,Operating loss totaled EUR 0.3 mn compared to a profit of EUR 2.2 mn in the corresponding period in 2007 .
"Nokia shares hit 13.21 euros on Friday , down 50 percent from the start of the year in part because of the slow introduction of touch-screen models .",0,"Nokia shares hit 13.21 euros on Friday , down 50 percent from the start of the year in part because of the slow introduction of touch-screen models ."
STOCK EXCHANGE ANNOUNCEMENT 20 July 2006 1 ( 1 ) BASWARE SHARE SUBSCRIPTIONS WITH WARRANTS AND INCREASE IN SHARE CAPITAL A total of 119 850 shares have been subscribed with BasWare Warrant Program .,1,STOCK EXCHANGE ANNOUNCEMENT 20 July 2006 1 ( 1 ) BASWARE SHARE SUBSCRIPTIONS WITH WARRANTS AND INCREASE IN SHARE CAPITAL A total of 119 850 shares have been subscribed with BasWare Warrant Program .
"The financial impact is estimated to be some 1.5 MEUR annual improvement in the division 's result , starting from fiscal year 2007 .",2,"The financial impact is estimated to be some 1.5 MEUR annual improvement in the division 's result , starting from fiscal year 2007 ."
"Revenue for the quarter totaled 27.4 billion , down 2 percent from 28.1 billion in the fourth quarter in 2008 .",0,"Revenue for the quarter totaled 27.4 billion , down 2 percent from 28.1 billion in the fourth quarter in 2008 ."
"Rimvesta is now controlled by the Estonian-owned real estate development company ELL Nekilnojamas Turtas , which a member of Merko , the largest construction group in the Baltic countries .",1,"Rimvesta is now controlled by the Estonian-owned real estate development company ELL Nekilnojamas Turtas , which a member of Merko , the largest construction group in the Baltic countries ."
It said Comptel delivers reliable provisioning and activation solutions which improve fulfilment processes for operators .,1,It said Comptel delivers reliable provisioning and activation solutions which improve fulfilment processes for operators .
"`` Several growth initiatives in the chosen geographic areas are already ongoing , '' it continued , noting Lindex opened its first store in the Czech Republic this autumn in Brno .",2,"`` Several growth initiatives in the chosen geographic areas are already ongoing , '' it continued , noting Lindex opened its first store in the Czech Republic this autumn in Brno ."
`` Marimekko operates in an industry in which changes in the business climate are reflected in consumer demand .,1,`` Marimekko operates in an industry in which changes in the business climate are reflected in consumer demand .
The deal strengthens Ramirent 's position especially in the industrial sector and in large investment projects .,2,The deal strengthens Ramirent 's position especially in the industrial sector and in large investment projects .
"Viking Line 's cargo revenue increased by 5.4 % to EUR 21.46 mn , and cargo volume increased by 2.4 % to 70,116 cargo units .",2,"Viking Line 's cargo revenue increased by 5.4 % to EUR 21.46 mn , and cargo volume increased by 2.4 % to 70,116 cargo units ."
Finnair believes the strike will cause it daily net losses in excess of EUR 2mn due to canceled reservations and passenger re-routing .,0,Finnair believes the strike will cause it daily net losses in excess of EUR 2mn due to canceled reservations and passenger re-routing .
"Both operating profit and net sales for the three-month period increased , respectively from EUR15 .1 m and EUR131 .5 m , as compared to the corresponding period in 2005 .",2,"Both operating profit and net sales for the three-month period increased , respectively from EUR15 .1 m and EUR131 .5 m , as compared to the corresponding period in 2005 ."
Amanda Capital has investments in 22 private equity funds and in over 200 unquoted companies mainly in Europe .,1,Amanda Capital has investments in 22 private equity funds and in over 200 unquoted companies mainly in Europe .
"Headquartered in this city , the company is nearly 75 years old and focuses on science-based innovation and technology for environmental measurement .",1,"Headquartered in this city , the company is nearly 75 years old and focuses on science-based innovation and technology for environmental measurement ."
"Finnish steel maker Rautaruukki Oyj ( Ruukki ) said on July 7 , 2008 that it won a 9.0 mln euro ( $ 14.1 mln ) contract to supply and install steel superstructures for Partihallsforbindelsen bridge project in Gothenburg , western Sweden .",2,"Finnish steel maker Rautaruukki Oyj ( Ruukki ) said on July 7 , 2008 that it won a 9.0 mln euro ( $ 14.1 mln ) contract to supply and install steel superstructures for Partihallsforbindelsen bridge project in Gothenburg , western Sweden ."
"STOCKMANN plc COMPANY ANNOUNCEMENT February 20 , 2007 , at 13.40 An annual summary of Stockmann 's stock exchange and financial press releases in 2006 is available on the company 's website at the address www.stockmann.com .",1,"STOCKMANN plc COMPANY ANNOUNCEMENT February 20 , 2007 , at 13.40 An annual summary of Stockmann 's stock exchange and financial press releases in 2006 is available on the company 's website at the address www.stockmann.com ."
"The address location is provided to a local controller , preferably by wireless transmission , which then uses the address location to access the appliance control module .",1,"The address location is provided to a local controller , preferably by wireless transmission , which then uses the address location to access the appliance control module ."
"Glaston , headquartered in Tampere , Finland , is a growing and international glass technology company .",1,"Glaston , headquartered in Tampere , Finland , is a growing and international glass technology company ."
The group 's 12-month operating profit grew 31 percent to 337.8 million euros .,2,The group 's 12-month operating profit grew 31 percent to 337.8 million euros .
Europe needs 17 new large paper machines .,1,Europe needs 17 new large paper machines .
No changes regarding the Virala Oy Ab s ownership of shares of Tiimari has taken place .,1,No changes regarding the Virala Oy Ab s ownership of shares of Tiimari has taken place .
"Marimekko makes all sorts of colorful little impulse buys `` umbrellas , baby bibs , change purses `` and they 're all for sale , the better to take advantage of shoppers who ca n't commit to furniture but want a piece of the action .",1,"Marimekko makes all sorts of colorful little impulse buys `` umbrellas , baby bibs , change purses `` and they 're all for sale , the better to take advantage of shoppers who ca n't commit to furniture but want a piece of the action ."
The shipyard hopes the regional government in Andalusia can offer its some form of financial support .,1,The shipyard hopes the regional government in Andalusia can offer its some form of financial support .
Nordea sees a return to positive growth for the Baltic countries in 2011 .,2,Nordea sees a return to positive growth for the Baltic countries in 2011 .
No changes in media activity were seen in October compared with September .,1,No changes in media activity were seen in October compared with September .
The growth of net sales in the first half of 2008 has been 28 % compared with the first half of 2007 .,2,The growth of net sales in the first half of 2008 has been 28 % compared with the first half of 2007 .
Finnish communication electronics components supplier Scanfil Oyj Tuesday said sales in the first half of 2006 will be 15 % lower than during the same period a year ago .,0,Finnish communication electronics components supplier Scanfil Oyj Tuesday said sales in the first half of 2006 will be 15 % lower than during the same period a year ago .
"Demand seems to have hit bottom now , and some signs of improvement can be seen .",2,"Demand seems to have hit bottom now , and some signs of improvement can be seen ."
"Publishing Sweden 's operating loss was EUR 1.1 mn in Q1 of 2009 , compared to a profit of EUR 0.6 mn a year ago .",0,"Publishing Sweden 's operating loss was EUR 1.1 mn in Q1 of 2009 , compared to a profit of EUR 0.6 mn a year ago ."
"Simultaneously , Alma Media has purchased a 35 % share of Arena Interactive , a subsidiary of Arena Partners with a focus on mobile solutions development .",1,"Simultaneously , Alma Media has purchased a 35 % share of Arena Interactive , a subsidiary of Arena Partners with a focus on mobile solutions development ."
"Net interest income was EUR 39.3 mn , up from EUR 32.7 mn .",2,"Net interest income was EUR 39.3 mn , up from EUR 32.7 mn ."
"Vaisala , headquartered in Helsinki in Finland , develops and manufactures electronic measurement systems for meteorology , environmental sciences , traffic and industry .",1,"Vaisala , headquartered in Helsinki in Finland , develops and manufactures electronic measurement systems for meteorology , environmental sciences , traffic and industry ."
"Kiosk and cinema operations have suffered , in particular .",0,"Kiosk and cinema operations have suffered , in particular ."
"In the spring 2006 , a total of 386,530 Stock Options 2002 B were annulled .",1,"In the spring 2006 , a total of 386,530 Stock Options 2002 B were annulled ."
"Cash flow from operations totalled EUR 7.4 mn , compared to a negative EUR 68.6 mn in the second quarter of 2008 .",2,"Cash flow from operations totalled EUR 7.4 mn , compared to a negative EUR 68.6 mn in the second quarter of 2008 ."
"Jon Risfelt has previously held operational executive positions in Europolitan , Ericsson , SAS , American Express card and travel divisions , as well as Nyman & Schultz ( CEO ) , Vodafone Sweden ( CEO ) , and Gambro Renal Products ( CEO ) .",1,"Jon Risfelt has previously held operational executive positions in Europolitan , Ericsson , SAS , American Express card and travel divisions , as well as Nyman & Schultz ( CEO ) , Vodafone Sweden ( CEO ) , and Gambro Renal Products ( CEO ) ."
One attractive factor about the tablets for media companies is that they provide a new way of making money .,2,One attractive factor about the tablets for media companies is that they provide a new way of making money .
"For the current year , Raute expects its net sales to increase and the operating result -- to be positive .",2,"For the current year , Raute expects its net sales to increase and the operating result -- to be positive ."
"Metrics in QPR ScoreCard now support date , text and milestone-based values , which improve its support for managing projects around performance or process-related content .",2,"Metrics in QPR ScoreCard now support date , text and milestone-based values , which improve its support for managing projects around performance or process-related content ."
"The Swedish buyout firm has sold its remaining 22.4 percent stake , almost eighteen months after taking the company public in Finland .",1,"The Swedish buyout firm has sold its remaining 22.4 percent stake , almost eighteen months after taking the company public in Finland ."
"Founded in 1946 , Strand Associates , which provides civil , environmental , transportation , electrical and mechanical engineering services , has 350 employees at 10 offices in Wisconsin , Alabama , Illinois , Indiana , Kentucky and Ohio .",1,"Founded in 1946 , Strand Associates , which provides civil , environmental , transportation , electrical and mechanical engineering services , has 350 employees at 10 offices in Wisconsin , Alabama , Illinois , Indiana , Kentucky and Ohio ."
"Following the transaction , Lundbeck has worldwide rights for nalmefene , excluding North America , Mexico , Turkey and South-Korea .",2,"Following the transaction , Lundbeck has worldwide rights for nalmefene , excluding North America , Mexico , Turkey and South-Korea ."
The phones are targeted at first time users in growth markets .,1,The phones are targeted at first time users in growth markets .
The value of the contract is about EUR 27mn .,1,The value of the contract is about EUR 27mn .
"Local government commissioner of +àm+Ñl , Kurt Svensson , says he will contact the management of Finnish company Componenta to find out if there are any alternatives to the company 's decision to close down its plant in +àm+Ñl .",1,"Local government commissioner of +àm+Ñl , Kurt Svensson , says he will contact the management of Finnish company Componenta to find out if there are any alternatives to the company 's decision to close down its plant in +àm+Ñl ."
"As a domestic business , Best-In is already close to Finnish dog owners .",2,"As a domestic business , Best-In is already close to Finnish dog owners ."
"Von Koskull will oversee a new unit of Nordea , which brings together corporate merchant banking , financial institutions and capital markets products divisions .",1,"Von Koskull will oversee a new unit of Nordea , which brings together corporate merchant banking , financial institutions and capital markets products divisions ."
The company is listed on the Nordic Exchange in Helsinki .,1,The company is listed on the Nordic Exchange in Helsinki .
"( ADP News ) - Feb 12 , 2009 - Finnish IT solutions provider Affecto Oyj ( HEL : AFE1V ) said today its net profit rose to EUR 8.5 million ( USD 11m ) in 2008 from EUR 7 million in 2007 .",2,"( ADP News ) - Feb 12 , 2009 - Finnish IT solutions provider Affecto Oyj ( HEL : AFE1V ) said today its net profit rose to EUR 8.5 million ( USD 11m ) in 2008 from EUR 7 million in 2007 ."
"Based upon its unique fiber expertise and innovative approach , the company has a strong market position in several business areas in which it operates .",2,"Based upon its unique fiber expertise and innovative approach , the company has a strong market position in several business areas in which it operates ."
"Finland 's Neste Oil has been awarded the Chemical Industry Federation of Finland 's Innovation Award for its NExBTL technology , which enables biodiesel to be produced from vegetable oil and animal fat .",2,"Finland 's Neste Oil has been awarded the Chemical Industry Federation of Finland 's Innovation Award for its NExBTL technology , which enables biodiesel to be produced from vegetable oil and animal fat ."
"According to Ultrascan , with a software acquired from crackers , it has managed to change the mobile phone in a way that the phone was able to get hold of a one-time password sent by a bank via a text message .",1,"According to Ultrascan , with a software acquired from crackers , it has managed to change the mobile phone in a way that the phone was able to get hold of a one-time password sent by a bank via a text message ."
"Moreover , Konecranes and Kito intend to transfer the hoist distribution business of Konecranes ' Japanese joint venture MHS Konecranes to Kito .",1,"Moreover , Konecranes and Kito intend to transfer the hoist distribution business of Konecranes ' Japanese joint venture MHS Konecranes to Kito ."
The company says the measures are no longer needed .,1,The company says the measures are no longer needed .
J+ñrvi-Suomen Portti is also planning to reduce the use of sodium nitrite .,1,J+ñrvi-Suomen Portti is also planning to reduce the use of sodium nitrite .
Nokia Siemens Networks has struggled to make a profit in the past two years .,0,Nokia Siemens Networks has struggled to make a profit in the past two years .
"These companies own a 20,000 sq. m. office and commercial building and substantial amount of building right for a new shopping center in Liljeholmen , Stockholm .",1,"These companies own a 20,000 sq. m. office and commercial building and substantial amount of building right for a new shopping center in Liljeholmen , Stockholm ."
"The facility will be used to refinance Citycon 's existing credit facility , the company said .",1,"The facility will be used to refinance Citycon 's existing credit facility , the company said ."
Espoon kaupunki awarded contracts for personal care products .,2,Espoon kaupunki awarded contracts for personal care products .
( The acquisition sum has not been disclosed . ),1,( The acquisition sum has not been disclosed . )
Atria will also buy the shares of Kauhajoen Teurastamokiinteistot Oy (Kauhajoki slaughterhouse property)from Itikka Co-operative .,1,Atria will also buy the shares of Kauhajoen Teurastamokiinteistot Oy (Kauhajoki slaughterhouse property)from Itikka Co-operative .
It also confirmed its earnings guidance for the whole 2009 issued in its report for the whole 2008 .,1,It also confirmed its earnings guidance for the whole 2009 issued in its report for the whole 2008 .
"In stead of being based on a soft drink , as is usual , the Teho energy drink is made with fresh water .",1,"In stead of being based on a soft drink , as is usual , the Teho energy drink is made with fresh water ."
Finnish Stockmann Group 's mail order unit Hobby Hall has launched a trial marketing campaign in Russia .,1,Finnish Stockmann Group 's mail order unit Hobby Hall has launched a trial marketing campaign in Russia .
Mr. Kari Stadigh will carry on as Chairman of the Board and Mr. Matti Arteva as Vice-Chairman .,1,Mr. Kari Stadigh will carry on as Chairman of the Board and Mr. Matti Arteva as Vice-Chairman .
"MANAVIGATOR-September 7 , 2010-Kemira unveils Indian JV with IVRCL Finnish chemicals group Kemira ( HEL : KRA1V ) on Tuesday announced it has inked a deal to form a joint venture in India with local construction firm IVRCL Infrastructure and Projects Ltd ( BOM :530773 ) .",2,"MANAVIGATOR-September 7 , 2010-Kemira unveils Indian JV with IVRCL Finnish chemicals group Kemira ( HEL : KRA1V ) on Tuesday announced it has inked a deal to form a joint venture in India with local construction firm IVRCL Infrastructure and Projects Ltd ( BOM :530773 ) ."
Actions to improve operational efficiency and adjust operations are expected to deliver annualised permanent cost savings of around EUR 4.5 million and will be effected mostly during the first half of 2010 .,2,Actions to improve operational efficiency and adjust operations are expected to deliver annualised permanent cost savings of around EUR 4.5 million and will be effected mostly during the first half of 2010 .
"Mformation and Nokia noted they have established interoperability agreements that cover commercially proven , standards-based management of mobile devices , as well as mobile device security and mobile application management .",2,"Mformation and Nokia noted they have established interoperability agreements that cover commercially proven , standards-based management of mobile devices , as well as mobile device security and mobile application management ."
"ALEXANDRIA , Va. , Jan. 9 -- United States Patent no. 7,862,685 , issued on Jan. 4 , was assigned to Kemira Chemicals Inc. ( Marietta , Ga. ) .",1,"ALEXANDRIA , Va. , Jan. 9 -- United States Patent no. 7,862,685 , issued on Jan. 4 , was assigned to Kemira Chemicals Inc. ( Marietta , Ga. ) ."
"ADP News - May 29 , 2009 - Bank of America BofA downgraded today its ratings on Swedish-Finnish paper maker Stora Enso Oyj HEL : STERV and on Finnish sector player UPM-Kymmene Oyj HEL : UPM1V to `` underperf",0,"ADP News - May 29 , 2009 - Bank of America BofA downgraded today its ratings on Swedish-Finnish paper maker Stora Enso Oyj HEL : STERV and on Finnish sector player UPM-Kymmene Oyj HEL : UPM1V to `` underperf"
The net sales of Healthcare Trade business in 2009 were EUR 145.1 million EUR 155.2 million and operating profit EUR 8.9 million EUR 7.9 million .,1,The net sales of Healthcare Trade business in 2009 were EUR 145.1 million EUR 155.2 million and operating profit EUR 8.9 million EUR 7.9 million .
The estimated annual value of the frame agreement is about EUR 50mn .,1,The estimated annual value of the frame agreement is about EUR 50mn .
"Below are consolidated , unaudited results for Amanda Capital under IFRS reporting standards .",1,"Below are consolidated , unaudited results for Amanda Capital under IFRS reporting standards ."
Earnings per share EPS in 2005 decreased to EUR0 .66 from EUR1 .15 in 2004 .,0,Earnings per share EPS in 2005 decreased to EUR0 .66 from EUR1 .15 in 2004 .
Bovine slaughtering and cutting at the Kuopio facility will be transferred to the Kauhajoki slaughterhouse .,1,Bovine slaughtering and cutting at the Kuopio facility will be transferred to the Kauhajoki slaughterhouse .
Operating loss amounted to EUR 0.9 mn in the first half of 2006 compared to a profit of EUR 0.5 mn in the first half of 2005 .,0,Operating loss amounted to EUR 0.9 mn in the first half of 2006 compared to a profit of EUR 0.5 mn in the first half of 2005 .
"GS Engineering will install the valves at a liquefied natural gas LNG plant it has built for UAE LNG extraction and gas plants operator GASCO in Ruwais , UAE .",1,"GS Engineering will install the valves at a liquefied natural gas LNG plant it has built for UAE LNG extraction and gas plants operator GASCO in Ruwais , UAE ."
"Finland 's leading metals group Outokumpu said its fourth-quarter net profit more than tripled on the back of strong global demand for stainless steel , soaring base metal prices and proceeds from the sale of its technology unit .",2,"Finland 's leading metals group Outokumpu said its fourth-quarter net profit more than tripled on the back of strong global demand for stainless steel , soaring base metal prices and proceeds from the sale of its technology unit ."
The original contract was signed last summer .,1,The original contract was signed last summer .
"www.countryelements.co.uk Designed by Patricia Burt , this is just one of a selection of distinctive hooked rugs created with recycled materials and dyed natural dyes .",1,"www.countryelements.co.uk Designed by Patricia Burt , this is just one of a selection of distinctive hooked rugs created with recycled materials and dyed natural dyes ."
"The reason for this is St. Petersburg status as a capital , one of the participants in the meeting quoted Chikunov as saying .",1,"The reason for this is St. Petersburg status as a capital , one of the participants in the meeting quoted Chikunov as saying ."
"In 2009 , it reported net sales of approximately EUR 6mn .",1,"In 2009 , it reported net sales of approximately EUR 6mn ."
"8,600 m , and at the time of investment it is fully leased to several tenants .",1,"8,600 m , and at the time of investment it is fully leased to several tenants ."
Finnish Vacon has signed significant deals with Norwegian Scandinavian Electric Systems ( SES ) on the supply of AC drives .,2,Finnish Vacon has signed significant deals with Norwegian Scandinavian Electric Systems ( SES ) on the supply of AC drives .
In July it and Quadriga Capital sold their Lewa GmbH pump-making business to Japan 's Nikkiso Co. .,1,In July it and Quadriga Capital sold their Lewa GmbH pump-making business to Japan 's Nikkiso Co. .
The owners who have participated in the business operations of the company will continue in Poyry 's employment after the transaction .,1,The owners who have participated in the business operations of the company will continue in Poyry 's employment after the transaction .
"Lee & Man Paper and Metso have a long and prosperous co-operation , a good example of which are the Changshu and Hongmei kraftliner machines delivered earlier .",2,"Lee & Man Paper and Metso have a long and prosperous co-operation , a good example of which are the Changshu and Hongmei kraftliner machines delivered earlier ."
"HKScan , headquartered in Turku , Finland , is a leading northern European food group with 10,000 employees in nine countries .",1,"HKScan , headquartered in Turku , Finland , is a leading northern European food group with 10,000 employees in nine countries ."
OP-Pohjola Group 's capital adequacy ratio under the Act on Credit Institutions stood at 12.1 % and Tier 1 ratio at 12.1 % .,1,OP-Pohjola Group 's capital adequacy ratio under the Act on Credit Institutions stood at 12.1 % and Tier 1 ratio at 12.1 % .
"However , the orders received during the period under review fell by 17 % quarter-on-quarter from the EUR 213 million recorded in the second quarter of 2010 .",0,"However , the orders received during the period under review fell by 17 % quarter-on-quarter from the EUR 213 million recorded in the second quarter of 2010 ."
This will bring cost savings of about EUR 3mn a year .,2,This will bring cost savings of about EUR 3mn a year .
"At the request of Finnish media company Alma Media 's newspapers , research manager Jari Kaivo-oja at the Finland Futures Research Centre at the Turku School of Economics has drawn up a future scenario for Finland 's national economy by using a model developed by the University of Denver .",1,"At the request of Finnish media company Alma Media 's newspapers , research manager Jari Kaivo-oja at the Finland Futures Research Centre at the Turku School of Economics has drawn up a future scenario for Finland 's national economy by using a model developed by the University of Denver ."
"Elcoteq 's global service offering covers the entire lifecycle of products , from product development to after-market services .",1,"Elcoteq 's global service offering covers the entire lifecycle of products , from product development to after-market services ."
It has80 branches in Finland with annual revenue in Finland of ?,1,It has80 branches in Finland with annual revenue in Finland of ?
"Finnish Sampo Bank , of Danish Danske Bank group , reports profit before taxes of EUR 152.3 mn in 2010 , up from EUR 32.7 mn in 2009 .",2,"Finnish Sampo Bank , of Danish Danske Bank group , reports profit before taxes of EUR 152.3 mn in 2010 , up from EUR 32.7 mn in 2009 ."
"( ADPnews ) - Dec 30 , 2009 - Finnish investment group Neomarkka Oyj ( HEL : NEMBV ) said today that it will furlough employee in its unit Reka Cables Ltd for less than 90 days , starting in January 2010 .",1,"( ADPnews ) - Dec 30 , 2009 - Finnish investment group Neomarkka Oyj ( HEL : NEMBV ) said today that it will furlough employee in its unit Reka Cables Ltd for less than 90 days , starting in January 2010 ."
The net sales of the whole fiscal year 2008 will be lower than in 2007 and operating profit is estimated to be negative .,0,The net sales of the whole fiscal year 2008 will be lower than in 2007 and operating profit is estimated to be negative .
"The agreement was signed with Biohit Healthcare Ltd , the UK-based subsidiary of Biohit Oyj , a Finnish public company which develops , manufactures and markets liquid handling products and diagnostic test systems .",2,"The agreement was signed with Biohit Healthcare Ltd , the UK-based subsidiary of Biohit Oyj , a Finnish public company which develops , manufactures and markets liquid handling products and diagnostic test systems ."
Most of the dividend will go to the Grimaldi family .,1,Most of the dividend will go to the Grimaldi family .
"In January-September 2007 , Finnlines ' net sales rose to EUR 505.4 mn from EUR 473.5 mn in the corresponding period in 2006 .",2,"In January-September 2007 , Finnlines ' net sales rose to EUR 505.4 mn from EUR 473.5 mn in the corresponding period in 2006 ."
"Under the deal , Know IT will pay SEK90m ( USD12 .8 m-EUR8 .6 m ) in cash and stock .",1,"Under the deal , Know IT will pay SEK90m ( USD12 .8 m-EUR8 .6 m ) in cash and stock ."
"According to Finnish L+ñnnen Tehtaat 's CEO Matti Karppinen , now that L+ñnnen Tehtaat has sold the majority of its feed and grain business , it will quickly start to look for acquisitions .",1,"According to Finnish L+ñnnen Tehtaat 's CEO Matti Karppinen , now that L+ñnnen Tehtaat has sold the majority of its feed and grain business , it will quickly start to look for acquisitions ."
"F-Secure reported that : - The first half of 2008 has seen a growing number of targeted malware attacks on individuals , companies , and organizations .",1,"F-Secure reported that : - The first half of 2008 has seen a growing number of targeted malware attacks on individuals , companies , and organizations ."
Teleste BK Optiflex amplifier products will be used in ongoing capacity upgrade of KDG 's network to bi-directionality .,1,Teleste BK Optiflex amplifier products will be used in ongoing capacity upgrade of KDG 's network to bi-directionality .
"Both operating profit and net sales for the six-month period increased , respectively from EUR7 .5 m and EUR655 .5 m , as compared to the corresponding period in 2005 .",2,"Both operating profit and net sales for the six-month period increased , respectively from EUR7 .5 m and EUR655 .5 m , as compared to the corresponding period in 2005 ."
The proposal that the Board of Directors will make at the Annual General Meeting is attached as a whole to this release .,1,The proposal that the Board of Directors will make at the Annual General Meeting is attached as a whole to this release .
"- Inge Larsen (CFO), 29,045 shares , representing 0.50 % of the share capital .",1,"- Inge Larsen (CFO), 29,045 shares , representing 0.50 % of the share capital ."
"Of the company 's net sales , 38 % was acquired in Finland , 21 % in other European countries , 40 % in Asia , and 1 % in the US .",1,"Of the company 's net sales , 38 % was acquired in Finland , 21 % in other European countries , 40 % in Asia , and 1 % in the US ."
"Finnish investor Scanfil Oyj ( HEL : SCF1V ) said last Friday it has bought 57 million shares , or 32.96 % , in Norwegian contract electronics manufacturer Kitron ASA ( OSL : KIT ) for NOK 143.9 million ( USD 24.4 m-EUR 18.1 m ) .",1,"Finnish investor Scanfil Oyj ( HEL : SCF1V ) said last Friday it has bought 57 million shares , or 32.96 % , in Norwegian contract electronics manufacturer Kitron ASA ( OSL : KIT ) for NOK 143.9 million ( USD 24.4 m-EUR 18.1 m ) ."
"In future , the company intends to look for know-how from outside the company and to cooperate with other actors in the sector .",2,"In future , the company intends to look for know-how from outside the company and to cooperate with other actors in the sector ."
Finnish component supplier Componenta Corporation OMX Helsinki : CTH1V said on Monday 16 June that it is changing its pricing cycle due to the increase of raw material prices .,1,Finnish component supplier Componenta Corporation OMX Helsinki : CTH1V said on Monday 16 June that it is changing its pricing cycle due to the increase of raw material prices .
"In the next few years , the ICT sector 's share of electricity consumption will be raised by the increase in the popularity of smartphones .",1,"In the next few years , the ICT sector 's share of electricity consumption will be raised by the increase in the popularity of smartphones ."
"The contract covers the supply of temporary heating equipment for LKAB 's new pellet plant in Kiruna , in northern Sweden .",1,"The contract covers the supply of temporary heating equipment for LKAB 's new pellet plant in Kiruna , in northern Sweden ."
"The first four of the new shop-in-shops will be opened this spring : on Madison Avenue in New York as well as in Chicago , Los Angeles and San Francisco .",1,"The first four of the new shop-in-shops will be opened this spring : on Madison Avenue in New York as well as in Chicago , Los Angeles and San Francisco ."
"Cerberus Capital Management LP-backed printing paper maker NewPage Corp. has posted mixed second-quarter results , casting a cloud over its planned initial public offering .",0,"Cerberus Capital Management LP-backed printing paper maker NewPage Corp. has posted mixed second-quarter results , casting a cloud over its planned initial public offering ."
The contract includes heating plant equipment and associated installation work .,1,The contract includes heating plant equipment and associated installation work .
The order includes 48 ship cranes that will be delivered for 12 container feeders to be built at Wenchong shipyard in China .,1,The order includes 48 ship cranes that will be delivered for 12 container feeders to be built at Wenchong shipyard in China .
"`` The acquisition of Sampo Bank makes strategic sense for DB , '' says Lindsey Liddell , director of Fitch Ratings 's Financial Institutions Group .",2,"`` The acquisition of Sampo Bank makes strategic sense for DB , '' says Lindsey Liddell , director of Fitch Ratings 's Financial Institutions Group ."
"industry in Asia +ó Pakistan , Malaysia , Taiwan and Philippines Today , Global Research & Data Services is going to publish several market analyses about the cement markets in Asia .",1,"industry in Asia +ó Pakistan , Malaysia , Taiwan and Philippines Today , Global Research & Data Services is going to publish several market analyses about the cement markets in Asia ."
"The total restructuring costs are expected to be about EUR 30mn , of which EUR 13.5 mn was booked in December 2008 .",1,"The total restructuring costs are expected to be about EUR 30mn , of which EUR 13.5 mn was booked in December 2008 ."
"Community gardening has become a popular activity , especially to raise vegetables .",1,"Community gardening has become a popular activity , especially to raise vegetables ."
"Tyrvaan Sanomat , published twice a week by Tyrvaan Sanomat Oy , appears in Sastamala and Kiikoinen .",1,"Tyrvaan Sanomat , published twice a week by Tyrvaan Sanomat Oy , appears in Sastamala and Kiikoinen ."
"At the end of the review period , Nordic Aluminium 's order book stood at EUR 8.77 mn compared to EUR 7.04 in 2005 .",2,"At the end of the review period , Nordic Aluminium 's order book stood at EUR 8.77 mn compared to EUR 7.04 in 2005 ."
"Maximum amount of terminations in Finland is 40 employees , the company added .",1,"Maximum amount of terminations in Finland is 40 employees , the company added ."
"Mr. McDonald started the evening with his own set , featuring hits from his solo career and his Doobie Brothers years and a selection of R&B cover songs that met with mixed results .",1,"Mr. McDonald started the evening with his own set , featuring hits from his solo career and his Doobie Brothers years and a selection of R&B cover songs that met with mixed results ."
"Sales VAT inclusive expanded by 19 percent , to 351 million euros .",2,"Sales VAT inclusive expanded by 19 percent , to 351 million euros ."
"Berling Capital , Umo Capital and Veikko Laine are the biggest shareholders in Amanda Capital .",1,"Berling Capital , Umo Capital and Veikko Laine are the biggest shareholders in Amanda Capital ."
"Seven-month sales of Ragutis , which is controlled by the Finnish brewery Olvi , declined by 11.2 percent , to 15.41 million liters , and the company held 9.89 percent of the market .",0,"Seven-month sales of Ragutis , which is controlled by the Finnish brewery Olvi , declined by 11.2 percent , to 15.41 million liters , and the company held 9.89 percent of the market ."
"Operating profit , excluding non-recurring items , totaled EUR 0.2 mn , down from EUR 0.8 mn in the corresponding period in 2006 .",0,"Operating profit , excluding non-recurring items , totaled EUR 0.2 mn , down from EUR 0.8 mn in the corresponding period in 2006 ."
"The subdivision made sales revenues last year of EUR 480.7 million EUR 414.9 million in 2008 , and operating profits of EUR 44.5 million EUR 7.4 million .",2,"The subdivision made sales revenues last year of EUR 480.7 million EUR 414.9 million in 2008 , and operating profits of EUR 44.5 million EUR 7.4 million ."
The growth of net sales has continued favourably in the Middle East and Africaand in Asia Pacific .,2,The growth of net sales has continued favourably in the Middle East and Africaand in Asia Pacific .
"Net sales rose by 25.5 % year-on-year to EUR59 .6 m , as the number of chargers delivered went up by 41 % to 65.9 million pieces .",2,"Net sales rose by 25.5 % year-on-year to EUR59 .6 m , as the number of chargers delivered went up by 41 % to 65.9 million pieces ."
BasWare Order Matching automatically matches purchase invoices with approved purchase orders .,1,BasWare Order Matching automatically matches purchase invoices with approved purchase orders .
"On the other hand , Finnish sawmills ' production has decreased even more .",0,"On the other hand , Finnish sawmills ' production has decreased even more ."
The total value of the project is valued at SEK 30bn ( EUR 2.83 bn USD 3.81 bn ) .,1,The total value of the project is valued at SEK 30bn ( EUR 2.83 bn USD 3.81 bn ) .
"Both operating profit and net sales for the six-month period increased , respectively , from EUR13 .8 m and EUR143 .6 m , as compared to the corresponding period in 2007 .",2,"Both operating profit and net sales for the six-month period increased , respectively , from EUR13 .8 m and EUR143 .6 m , as compared to the corresponding period in 2007 ."
"The port operator , however , favors retaining the port fees in 2010 , citing the owner , the governemtn of Estonia , commiting the port to pay EEK 400mn ( EUR 25.56 mn USD 36.44 mn ) in dividends to the state in 2009 and another EEK 300mn in 2010 .",1,"The port operator , however , favors retaining the port fees in 2010 , citing the owner , the governemtn of Estonia , commiting the port to pay EEK 400mn ( EUR 25.56 mn USD 36.44 mn ) in dividends to the state in 2009 and another EEK 300mn in 2010 ."
It is a disappointment to see the plan folded .,0,It is a disappointment to see the plan folded .
Neste Oil Corporation Refining Operation Asset Summary Report Summary Neste Oil Corporation Refining Operation Assets Summary Report is an essential source for company data and information .,1,Neste Oil Corporation Refining Operation Asset Summary Report Summary Neste Oil Corporation Refining Operation Assets Summary Report is an essential source for company data and information .
"Previously , Grimaldi held a 46.43 pct stake in the Finnish company following the takeover bid launched in November 2006 .",1,"Previously , Grimaldi held a 46.43 pct stake in the Finnish company following the takeover bid launched in November 2006 ."
The Estonian parliament was set to vote on amendments to the excise duty law on Wednesday that would add 0.42 kroons to the price of a liter of diesel and 0.45 kroons to the price of a liter of gasoline from the start of 2010 .,1,The Estonian parliament was set to vote on amendments to the excise duty law on Wednesday that would add 0.42 kroons to the price of a liter of diesel and 0.45 kroons to the price of a liter of gasoline from the start of 2010 .
The fund at fair value will increase correspondingly .,2,The fund at fair value will increase correspondingly .
"The stock price rose 70.0 ores or 0.9 % to close at SEK77 .65 , ending a two-day streak of losses .",2,"The stock price rose 70.0 ores or 0.9 % to close at SEK77 .65 , ending a two-day streak of losses ."
Insurance policies should be simple .,1,Insurance policies should be simple .
"Sales in local currencies decreased by 0.5 percent while the number of subscribers rose by 12.7 million to a total of 147.6 million at the end of fourth quarter , the company said .",1,"Sales in local currencies decreased by 0.5 percent while the number of subscribers rose by 12.7 million to a total of 147.6 million at the end of fourth quarter , the company said ."
"The broker started UPM-Kymmene , Stora Enso and Sappi with ` equal-weight ' recommendations and Holmen and Norske Skog with ` underweight ' ratings .",1,"The broker started UPM-Kymmene , Stora Enso and Sappi with ` equal-weight ' recommendations and Holmen and Norske Skog with ` underweight ' ratings ."
Finnish Bank of +àland reports its operating profit rose to EUR 21.3 mn in the second quarter of 2009 from EUR 6.1 mn in the corresponding period in 2008 .,2,Finnish Bank of +àland reports its operating profit rose to EUR 21.3 mn in the second quarter of 2009 from EUR 6.1 mn in the corresponding period in 2008 .
"The metal has gained 41 percent this year as demand from China , the world 's largest user , increased .",2,"The metal has gained 41 percent this year as demand from China , the world 's largest user , increased ."
"As such , the space has blond wood floors ( unlike the rest of the store ) and a notably Scandinavian vibe .",1,"As such , the space has blond wood floors ( unlike the rest of the store ) and a notably Scandinavian vibe ."
Lemcon signed an investment cooperation agreement with the Kaluga regional administration last November .,2,Lemcon signed an investment cooperation agreement with the Kaluga regional administration last November .
As an overall effect of the above-mentioned measures Glaston will recognize non-recurring expenses of EUR 12 million in the fourth quarter of 2008 .,1,As an overall effect of the above-mentioned measures Glaston will recognize non-recurring expenses of EUR 12 million in the fourth quarter of 2008 .
The plant would use palm oil certified by the Roundtable on Sustainable Palm Oil ( RSPO ) .,1,The plant would use palm oil certified by the Roundtable on Sustainable Palm Oil ( RSPO ) .
"Via the agreement , Ramirent will expand the range of equipment and services it delivers to Destia , Ramirent Finland 's managing director Kari Aulasmaa , said .",2,"Via the agreement , Ramirent will expand the range of equipment and services it delivers to Destia , Ramirent Finland 's managing director Kari Aulasmaa , said ."
The total investment of the project will be approximately EUR 36m .,1,The total investment of the project will be approximately EUR 36m .
"( ADPnews ) - Dec 1 , 2009 - Finnish cutlery and hand tools maker Fiskars Oyj Abp ( HEL : FISAS ) said today that it will make redundant a total of 18 office and management staff members of its subsidiary Iittala Group Ltd. .",0,"( ADPnews ) - Dec 1 , 2009 - Finnish cutlery and hand tools maker Fiskars Oyj Abp ( HEL : FISAS ) said today that it will make redundant a total of 18 office and management staff members of its subsidiary Iittala Group Ltd. ."
About Dopplr Dopplr is a service for smart travellers .,1,About Dopplr Dopplr is a service for smart travellers .
"Talvivaara Mining Company PLC ( Talvivaara Mining ) ( LSE : TALV ) , a Finland-based nickel mining business , has installed its second production line at its metals recovery plant on June 9 , 2010 .",1,"Talvivaara Mining Company PLC ( Talvivaara Mining ) ( LSE : TALV ) , a Finland-based nickel mining business , has installed its second production line at its metals recovery plant on June 9 , 2010 ."
"These include software development for internet and mobile telephone content , communications , value-added software , financial services , security applications , systems integration and electronics .",1,"These include software development for internet and mobile telephone content , communications , value-added software , financial services , security applications , systems integration and electronics ."
The company said that the results of the third quarter do not include non-recurring items .,1,The company said that the results of the third quarter do not include non-recurring items .
"The Group owns and operates a fleet of more than 800dwt , while container capacity is 17,000 TEUs , and manages a diversified fleet of its own railway rolling stock of over 17,000 units .",1,"The Group owns and operates a fleet of more than 800dwt , while container capacity is 17,000 TEUs , and manages a diversified fleet of its own railway rolling stock of over 17,000 units ."
The sale of the food potato business is part of Raisio 's plan to streamline and clarify its business operations .,1,The sale of the food potato business is part of Raisio 's plan to streamline and clarify its business operations .
"The two companies will also partner in further developing Raiso 's cholesterol lowering brand , Benecol .",2,"The two companies will also partner in further developing Raiso 's cholesterol lowering brand , Benecol ."
Production capacity will increase from 36 000 to 85 000 tonnes per year and the raw material will continue to be recycled paper and board .,2,Production capacity will increase from 36 000 to 85 000 tonnes per year and the raw material will continue to be recycled paper and board .
Rapala said it estimates it will make savings of 1-2 mln eur a year by centralising its French operations at one site .,2,Rapala said it estimates it will make savings of 1-2 mln eur a year by centralising its French operations at one site .
Other details were not provided .,1,Other details were not provided .
This combined with foreign investments creates interesting opportunities for Solteq .,2,This combined with foreign investments creates interesting opportunities for Solteq .
Finnish fibers and plastics producer Suominen Corporation OMX Helsinki : SUY1V reported on Wednesday 22 October an operating loss of EUR0 .8 m on net sales of EUR55 .2 m for the third quarter of 2008 .,1,Finnish fibers and plastics producer Suominen Corporation OMX Helsinki : SUY1V reported on Wednesday 22 October an operating loss of EUR0 .8 m on net sales of EUR55 .2 m for the third quarter of 2008 .
"The contract also includes installation work in a new multistorey carpark for close on 1,000 vehicles .",1,"The contract also includes installation work in a new multistorey carpark for close on 1,000 vehicles ."
A huge issue for us is the button placement .,1,A huge issue for us is the button placement .
The Remote Radio head module will be available at 4W power for 2.5 GHz and 3.5 GHz TDD frequency bands .,1,The Remote Radio head module will be available at 4W power for 2.5 GHz and 3.5 GHz TDD frequency bands .
"Apartments of YIT Home may be purchased in 5 regions of Russia , where YIT subsidiaries carry out their activities : Moscow and Moscow region , St. Petersburg , Ekaterinburg , Kazan and Rostov-on-Don .",1,"Apartments of YIT Home may be purchased in 5 regions of Russia , where YIT subsidiaries carry out their activities : Moscow and Moscow region , St. Petersburg , Ekaterinburg , Kazan and Rostov-on-Don ."
The platform would continue to be the development framework for Symbian and MeeGo .,1,The platform would continue to be the development framework for Symbian and MeeGo .
The per-share subscription price of the shares subscribed with the option rights was EUR 1.35 .,1,The per-share subscription price of the shares subscribed with the option rights was EUR 1.35 .
`` Low energy consumption and flexible loading are just a few of the advantages of the CHF Pro . '',1,`` Low energy consumption and flexible loading are just a few of the advantages of the CHF Pro . ''
"Thanks to the internet , consumers compare products more than previously and Finnish companies are not competitive .",0,"Thanks to the internet , consumers compare products more than previously and Finnish companies are not competitive ."
3 January 2011 - Finnish flag carrier Finnair Oyj ( HEL : FIA1S ) said today it sealed a nine-year sale and leaseback agreement for its newest Airbus A330 aircraft for syndication into the Japanese operating lease market .,2,3 January 2011 - Finnish flag carrier Finnair Oyj ( HEL : FIA1S ) said today it sealed a nine-year sale and leaseback agreement for its newest Airbus A330 aircraft for syndication into the Japanese operating lease market .
"The Apple Inc. iPhone wo n't change the game plan for Verizon Communications Inc. , Chief Executive Ivan Seidenberg said Wednesday .",1,"The Apple Inc. iPhone wo n't change the game plan for Verizon Communications Inc. , Chief Executive Ivan Seidenberg said Wednesday ."
Chief Financial Officer Jim Heindlmeyer said Beyond Oblivion is in advanced talks with the four major recording companies about its service .,1,Chief Financial Officer Jim Heindlmeyer said Beyond Oblivion is in advanced talks with the four major recording companies about its service .
The site will cover over six hectares .,1,The site will cover over six hectares .
"On the basis of competitive bidding OOO Kitai Stroi , the Russian subsidiary of China State Construction Engineering Corporation , a construction company owned by China State , has been selected as the main constructor .",1,"On the basis of competitive bidding OOO Kitai Stroi , the Russian subsidiary of China State Construction Engineering Corporation , a construction company owned by China State , has been selected as the main constructor ."
"In Q1 of 2009 , Bank of +àland 's net interest income weakened by 10 % to EUR 9.1 mn .",0,"In Q1 of 2009 , Bank of +àland 's net interest income weakened by 10 % to EUR 9.1 mn ."
"The order includes a new Crecent former , headbox , and reel .",1,"The order includes a new Crecent former , headbox , and reel ."
The beers differ slightly from mainstream beers .,1,The beers differ slightly from mainstream beers .
"The operating loss amounted to EUR 0.8 mn , compared to a profit of EUR 3.9 mn a year earlier .",0,"The operating loss amounted to EUR 0.8 mn , compared to a profit of EUR 3.9 mn a year earlier ."
As a result of the negotiations the employment of 130 blue - and white-collar employees at the Oulu plant would be terminated .,0,As a result of the negotiations the employment of 130 blue - and white-collar employees at the Oulu plant would be terminated .
Merging the two free sheets will clarify the market situation .,1,Merging the two free sheets will clarify the market situation .
The Line 4 will run fully underground and will comprise 10 stations which will be executed in two implementation stages .,1,The Line 4 will run fully underground and will comprise 10 stations which will be executed in two implementation stages .
"Profit after taxes for the period was up to EUR0 .9 m , from EUR0 .01 m last year .",2,"Profit after taxes for the period was up to EUR0 .9 m , from EUR0 .01 m last year ."
"The mill will have capacity to produce 500,000 tonnes of pulp per year .",1,"The mill will have capacity to produce 500,000 tonnes of pulp per year ."
"In Finland , Alma Media will focus on quality and developing chain operations .",1,"In Finland , Alma Media will focus on quality and developing chain operations ."
"The cosmetics collection includes an eye shadow , face powder , lip gloss , mascara and accessories .",1,"The cosmetics collection includes an eye shadow , face powder , lip gloss , mascara and accessories ."
"As a result , the distribution companies will start to distribute , in addition to their current product offering , Shimano reels , rods and other Shimano fishing tackle products on an exclusive basis .",2,"As a result , the distribution companies will start to distribute , in addition to their current product offering , Shimano reels , rods and other Shimano fishing tackle products on an exclusive basis ."
"The contract covers turnkey deliveries to all five airports operated by the authority -- John F Kennedy , LaGuardia , Newark , Teterboro and Stewart International .",1,"The contract covers turnkey deliveries to all five airports operated by the authority -- John F Kennedy , LaGuardia , Newark , Teterboro and Stewart International ."
The share subscription period will expire on 30 September 2007 .,1,The share subscription period will expire on 30 September 2007 .
"At 10.33 am , Huhtamaki was the market 's biggest faller , 8.69 pct lower at 11.35 eur , while the OMX Helsinki 25 was 0.32 pct higher at 3,332.41 , and the OMX Helsinki was up 0.47 pct at 11,687.32 .",0,"At 10.33 am , Huhtamaki was the market 's biggest faller , 8.69 pct lower at 11.35 eur , while the OMX Helsinki 25 was 0.32 pct higher at 3,332.41 , and the OMX Helsinki was up 0.47 pct at 11,687.32 ."
"Loss after financial items totalled EUR 9.7 mn , compared to a profit of EUR 1.3 mn in the corresponding period in 2008 .",0,"Loss after financial items totalled EUR 9.7 mn , compared to a profit of EUR 1.3 mn in the corresponding period in 2008 ."
L&T 's net profit for the whole 2010 dropped to EUR 36 million from EUR 45 million for 2009 .,0,L&T 's net profit for the whole 2010 dropped to EUR 36 million from EUR 45 million for 2009 .
"Aspo Plc STOCK EXCHANGE RELEASE February 11 , 2011 at8 .45 a.m. ESL Shipping Ltd , part of Aspo Group , has signed a new , long-term contract with Rautaruukki Corporation for the marine transport of raw materials on the Baltic Sea .",2,"Aspo Plc STOCK EXCHANGE RELEASE February 11 , 2011 at8 .45 a.m. ESL Shipping Ltd , part of Aspo Group , has signed a new , long-term contract with Rautaruukki Corporation for the marine transport of raw materials on the Baltic Sea ."
"Tallink Silja attributes the significant drop to problems with the booking system that was taken into operation in October , the sale of trailer ferry ` Sky Wind ' and the route between Stockholm and Riga , which has won passengers from the Helsinki-Stockholm route .",0,"Tallink Silja attributes the significant drop to problems with the booking system that was taken into operation in October , the sale of trailer ferry ` Sky Wind ' and the route between Stockholm and Riga , which has won passengers from the Helsinki-Stockholm route ."
The tower 's engineers have created an 18 degree westward lean - four times the inclination on the Leaning Tower of Pisa - using diagrid structures that are aligned geometrically using Tekla Structures BIM ( Building Information Modeling ) software .,1,The tower 's engineers have created an 18 degree westward lean - four times the inclination on the Leaning Tower of Pisa - using diagrid structures that are aligned geometrically using Tekla Structures BIM ( Building Information Modeling ) software .
In the meantime the CEO 's duties will be assumed by Outotec 's Deputy CEO Seppo Rantakari .,1,In the meantime the CEO 's duties will be assumed by Outotec 's Deputy CEO Seppo Rantakari .
"Conference Call To participate via a conference call , please dial in 5-10 minutes before the beginning of the event : +44 0 20 7162 0025 Europe or +1 334-á323-á6201 USA .",1,"Conference Call To participate via a conference call , please dial in 5-10 minutes before the beginning of the event : +44 0 20 7162 0025 Europe or +1 334-á323-á6201 USA ."
"`` The transaction strengthens our position ... in design and branded goods , '' said Fiskars president and CEO Heikki Allonen , pointing out that the two groups have relatively few overlapping operations .",2,"`` The transaction strengthens our position ... in design and branded goods , '' said Fiskars president and CEO Heikki Allonen , pointing out that the two groups have relatively few overlapping operations ."
The company also said that its board of directors has proposed a profit distribution of EUR0 .92 per share .,1,The company also said that its board of directors has proposed a profit distribution of EUR0 .92 per share .
"Yara Suomi Ltd also provides nitrogen chemicals and technical nitrates to various sectors of industry , as well as products used in environmental protection .",1,"Yara Suomi Ltd also provides nitrogen chemicals and technical nitrates to various sectors of industry , as well as products used in environmental protection ."
"The floor area of the Yliopistonrinne project will be 7,900 sq m 85,030 sq ft and the building 's gross area will total 12,800 sq m. A total 25.1 % of the facilities have been let .",1,"The floor area of the Yliopistonrinne project will be 7,900 sq m 85,030 sq ft and the building 's gross area will total 12,800 sq m. A total 25.1 % of the facilities have been let ."
"Both operating profit and net sales for the six-month period increased , respectively from EUR18 .1 m and EUR127 .6 m , as compared to the corresponding period in 2006 .",2,"Both operating profit and net sales for the six-month period increased , respectively from EUR18 .1 m and EUR127 .6 m , as compared to the corresponding period in 2006 ."
"Ahlstrom 's 5,700 employees serve customers via sales offices and production facilities in more than 20 countries on six continents .",1,"Ahlstrom 's 5,700 employees serve customers via sales offices and production facilities in more than 20 countries on six continents ."
"Bids or offers include at least 1,000 shares and the value of the shares must correspond to at least EUR4 ,000 .",1,"Bids or offers include at least 1,000 shares and the value of the shares must correspond to at least EUR4 ,000 ."
"Dopplr members share personal and business travel plans privately with their networks , and highlight interesting places to stay , eat and explore in cities around the world .",1,"Dopplr members share personal and business travel plans privately with their networks , and highlight interesting places to stay , eat and explore in cities around the world ."
`` Our Vaalipalvelu-service was especially developed for use by communities and organizations .,1,`` Our Vaalipalvelu-service was especially developed for use by communities and organizations .
"Net interest income was EUR 152.2 mn , up from EUR 101.0 mn in 2008 .",2,"Net interest income was EUR 152.2 mn , up from EUR 101.0 mn in 2008 ."
"`` As defences mature , attackers develop Trojans that are equipped with content filters to detect online banking activity for capturing account details using methods such as form grabbing , screen shots , video captures , keylogging and injection of form fields .",1,"`` As defences mature , attackers develop Trojans that are equipped with content filters to detect online banking activity for capturing account details using methods such as form grabbing , screen shots , video captures , keylogging and injection of form fields ."
The company expects sales revenue of RMB8 .0 billion in 2009 .,1,The company expects sales revenue of RMB8 .0 billion in 2009 .
"Finnish electronics manufacturing services company Elcoteq signing a cooperation agreement with a Japanese mobile phone manufacturer , bypasses Elcoteq Tallinn , says Jan Kotka , CEO of Elcoteq Tallinn .",2,"Finnish electronics manufacturing services company Elcoteq signing a cooperation agreement with a Japanese mobile phone manufacturer , bypasses Elcoteq Tallinn , says Jan Kotka , CEO of Elcoteq Tallinn ."
"The company said that its investments in the new market areas resulted in sales increase in Sweden , Poland , Russia and Lithuania .",2,"The company said that its investments in the new market areas resulted in sales increase in Sweden , Poland , Russia and Lithuania ."
"The corresponding increase in the share capital , in total EUR 300,00 was registered in the Finnish Trade Register on May 8 , 2008 .",1,"The corresponding increase in the share capital , in total EUR 300,00 was registered in the Finnish Trade Register on May 8 , 2008 ."
"The company said that paper demand increased in all of its main markets , including of publication papers , and that it increased average paper prices by 4 percent compared with last year .",2,"The company said that paper demand increased in all of its main markets , including of publication papers , and that it increased average paper prices by 4 percent compared with last year ."
The terms of the transactions remained undisclosed .,1,The terms of the transactions remained undisclosed .
The contract will take effect in 2009 for a five or ten year period .,1,The contract will take effect in 2009 for a five or ten year period .
His resignation will take effect immediately .,1,His resignation will take effect immediately .
Shares will be acquired in accordance with section 5 of the rules of NASDAQ OMX Helsinki and other rules applicable to the acquisition of own shares .,1,Shares will be acquired in accordance with section 5 of the rules of NASDAQ OMX Helsinki and other rules applicable to the acquisition of own shares .
`` The Government has had a very professional approach in assessing the offer .,2,`` The Government has had a very professional approach in assessing the offer .
The company will use the assets for strengthening its balance sheet and financial position .,2,The company will use the assets for strengthening its balance sheet and financial position .
The center will be built in the Kapuli district of Mantsala beside the Hanko-Mantsala-Porvoo road near the new direct rail link between Lahti and Jarvenpaa .,1,The center will be built in the Kapuli district of Mantsala beside the Hanko-Mantsala-Porvoo road near the new direct rail link between Lahti and Jarvenpaa .
Operating profit increased by 145.1 % to EUR 8.3 mn from EUR 3.4 mn .,2,Operating profit increased by 145.1 % to EUR 8.3 mn from EUR 3.4 mn .
"During the past 10 years the factory has produced many of Nokia 's most popular models including the Nokia 2760 , the Nokia 6300 as well as Nokia 's latest music device the Nokia 5800 Express Music .",1,"During the past 10 years the factory has produced many of Nokia 's most popular models including the Nokia 2760 , the Nokia 6300 as well as Nokia 's latest music device the Nokia 5800 Express Music ."
The reductions will be implemented mainly in the course of the first half of 2009 .,1,The reductions will be implemented mainly in the course of the first half of 2009 .
"After the transaction , M-real will own 30 % in Metsa-Botnia and UPM -- 17 % .",1,"After the transaction , M-real will own 30 % in Metsa-Botnia and UPM -- 17 % ."
"Amer , which bought Salomon from adidas in October , said the job cuts are aimed at boosting competitiveness .",1,"Amer , which bought Salomon from adidas in October , said the job cuts are aimed at boosting competitiveness ."
Asian traffic declined by 3.4 per cent .,0,Asian traffic declined by 3.4 per cent .
"The parties have agreed not to disclose the price of the deal , the group said in a press release .",1,"The parties have agreed not to disclose the price of the deal , the group said in a press release ."
"The contracts between Raute Corporation and Muling Kemian Wood Products Co. , Ltd. , which were announced on 3 November 2010 , have taken effect .",1,"The contracts between Raute Corporation and Muling Kemian Wood Products Co. , Ltd. , which were announced on 3 November 2010 , have taken effect ."
"The dollar bounced back after hitting another record low against the euro , which reached $ 1.41 for the first time .",1,"The dollar bounced back after hitting another record low against the euro , which reached $ 1.41 for the first time ."
The measures result from the statutory joint negotiations with employees which started in February and concerned all operations in the country .,1,The measures result from the statutory joint negotiations with employees which started in February and concerned all operations in the country .
Our Canned-preserved food in Finland report offers a comprehensive guide to the size and shape of the market at a national level .,1,Our Canned-preserved food in Finland report offers a comprehensive guide to the size and shape of the market at a national level .
"Finland-based Elcoteq SE , a privately held provider of electronics manufacturing services to communications companies , said Thursday it signed a long-term manufacturing supply deal with communications equipment company Andrew Corp. .",2,"Finland-based Elcoteq SE , a privately held provider of electronics manufacturing services to communications companies , said Thursday it signed a long-term manufacturing supply deal with communications equipment company Andrew Corp. ."
"Subscribers of China Unicom , the nation 's second largest mobile phone operator after China Mobile , are expected to release pictures , videos and blog on the Internet via mobile phones as of March 2008 .",1,"Subscribers of China Unicom , the nation 's second largest mobile phone operator after China Mobile , are expected to release pictures , videos and blog on the Internet via mobile phones as of March 2008 ."
"S&P has kept its `` sell '' rating , while Nordea and UBS have reaffirmed their `` buy '' recommendations .",1,"S&P has kept its `` sell '' rating , while Nordea and UBS have reaffirmed their `` buy '' recommendations ."
The value of the total investment is about EUR 600mn .,1,The value of the total investment is about EUR 600mn .
TELECOMWORLDWIRE-7 April 2006-TJ Group Plc sells stake in Morning Digital Design Oy Finnish IT company TJ Group Plc said on Friday 7 April that it had signed an agreement on selling its shares of Morning Digital Design Oy to Edita Oyj .,2,TELECOMWORLDWIRE-7 April 2006-TJ Group Plc sells stake in Morning Digital Design Oy Finnish IT company TJ Group Plc said on Friday 7 April that it had signed an agreement on selling its shares of Morning Digital Design Oy to Edita Oyj .
"Panostaja , headquartered in Tampere , Finland , is an investment company focusing on small and medium-sized Finnish companies operating in the traditional industries .",1,"Panostaja , headquartered in Tampere , Finland , is an investment company focusing on small and medium-sized Finnish companies operating in the traditional industries ."
"As part of the transaction , the +ä+ñnekoski paper mill remained in M-real 's ownership and continued Galerie Art production for Sappi under a long-term contract .",1,"As part of the transaction , the +ä+ñnekoski paper mill remained in M-real 's ownership and continued Galerie Art production for Sappi under a long-term contract ."
"Finnish construction company YIT Oyj said on November 13 , 2007 it won a 70 mln euro $ 102.8 mln contract to construct the new office building for local property company Tapiola Real Estate Oy .",2,"Finnish construction company YIT Oyj said on November 13 , 2007 it won a 70 mln euro $ 102.8 mln contract to construct the new office building for local property company Tapiola Real Estate Oy ."
"The Finnish government announced Wednesday that it sold a 32 percent stake in chemicals and fertilizer group Kemira Oyj for (  x20ac ) 655.6 million ( $ 890US million ) , sending the company 's share price up 6 percent .",2,"The Finnish government announced Wednesday that it sold a 32 percent stake in chemicals and fertilizer group Kemira Oyj for ( x20ac ) 655.6 million ( $ 890US million ) , sending the company 's share price up 6 percent ."
"Motorola Inc. of the United States came second with shipments of 217.4 million units for a 21.3 percent market share , followed by South Korea 's Samsung Electronics Co. with shipments of 118.0 million units for an 11.6 percent share .",1,"Motorola Inc. of the United States came second with shipments of 217.4 million units for a 21.3 percent market share , followed by South Korea 's Samsung Electronics Co. with shipments of 118.0 million units for an 11.6 percent share ."
"The company said that currently the French distribution unit Ragot is located in Loudeac , Normandy , the distribution unit Waterqueen and line supplier Tortue in Saint Marcel in mid-France and the hook manufacturing unit VMC and hook distribution unit VMC Europe in Morvillars .",1,"The company said that currently the French distribution unit Ragot is located in Loudeac , Normandy , the distribution unit Waterqueen and line supplier Tortue in Saint Marcel in mid-France and the hook manufacturing unit VMC and hook distribution unit VMC Europe in Morvillars ."
23 April 2010 - Finnish construction and engineering company Outotec Oyj HEL : OTE1V said today it slipped to a net loss of EUR7 .3 m in the first quarter of 2010 from a net profit of EUR12 .5 m in the corresponding period last year .,0,23 April 2010 - Finnish construction and engineering company Outotec Oyj HEL : OTE1V said today it slipped to a net loss of EUR7 .3 m in the first quarter of 2010 from a net profit of EUR12 .5 m in the corresponding period last year .
"The Swedish Maritime Administration has closed the Furusund Channel , which Viking Line normally charters en route to Stockholm .",1,"The Swedish Maritime Administration has closed the Furusund Channel , which Viking Line normally charters en route to Stockholm ."
Pretax profit decreased to EUR 33.8 mn from EUR 40.8 mn in the fourth quarter of 2005 .,0,Pretax profit decreased to EUR 33.8 mn from EUR 40.8 mn in the fourth quarter of 2005 .
The turbines are expected to be launched by the end of 2012 .,1,The turbines are expected to be launched by the end of 2012 .
"Via the move , the company aims annual savings of some EUR3m , the main part of which are expected to be realized this year .",2,"Via the move , the company aims annual savings of some EUR3m , the main part of which are expected to be realized this year ."
"He announced a `` solutions unit '' to speed co-operation in August , and shifted Simonson from finance chief to low-end phones in October .",1,"He announced a `` solutions unit '' to speed co-operation in August , and shifted Simonson from finance chief to low-end phones in October ."
"According to Finnish Aktia Bank 's Managing Director Jussi Laitinen , the bank 's aim is to triple the number of its customers in Finland in the next five years .",2,"According to Finnish Aktia Bank 's Managing Director Jussi Laitinen , the bank 's aim is to triple the number of its customers in Finland in the next five years ."
Group net sales in the third quarter of 2007 totaled EUR 142.3 mn and operating profit EUR 4.3 mn .,1,Group net sales in the third quarter of 2007 totaled EUR 142.3 mn and operating profit EUR 4.3 mn .
"The decision means temporary lay-offs of fixed duration at the company 's Nastola and Jyvaskyla units , in southern and central Finland , respectively .",0,"The decision means temporary lay-offs of fixed duration at the company 's Nastola and Jyvaskyla units , in southern and central Finland , respectively ."
`` We are pleased with the efforts of both negotiating teams and look forward to a productive four years ahead . '',2,`` We are pleased with the efforts of both negotiating teams and look forward to a productive four years ahead . ''
"The transaction will have a positive impact of around EUR2m on earnings , which Ruukki will recognize during the fourth quarter of this year .",2,"The transaction will have a positive impact of around EUR2m on earnings , which Ruukki will recognize during the fourth quarter of this year ."
"The Polish business employs about 1,000 people , and it had net sales of about EUR 70mn in 2007 .",1,"The Polish business employs about 1,000 people , and it had net sales of about EUR 70mn in 2007 ."
"Incap Contract Manufacturing Services Pvt Ltd , a subsidiary of Incap Corporation of Finland , plans to double its revenues by 2007-2008 .",2,"Incap Contract Manufacturing Services Pvt Ltd , a subsidiary of Incap Corporation of Finland , plans to double its revenues by 2007-2008 ."
The estimated value of the deal is USD 9.2 million .,1,The estimated value of the deal is USD 9.2 million .
Her work at NetApp included strategically repositioning the brand in the category and a major global relaunch .,1,Her work at NetApp included strategically repositioning the brand in the category and a major global relaunch .
The announcement comes two weeks before a key licensing agreement expires between between the two companies which are embroiled in a disagreement over royalty payments for Texas Instrument chips which use Qualcomm-patented technology .,0,The announcement comes two weeks before a key licensing agreement expires between between the two companies which are embroiled in a disagreement over royalty payments for Texas Instrument chips which use Qualcomm-patented technology .
The policy was also aimed at making the companies more profitable and competitive .,2,The policy was also aimed at making the companies more profitable and competitive .
`` The CHF is a great product .,2,`` The CHF is a great product .
The reduction notice applied to 17 people .,0,The reduction notice applied to 17 people .
Finnish insurance company Fennia and Kesko Group are ending their loyal customer cooperation .,0,Finnish insurance company Fennia and Kesko Group are ending their loyal customer cooperation .
in Finland Finnish pharmaceutical company Orion Corporation OMX Helsinki : ORNAV said on Wednesday 7 January that it has concluded its personnel negotiations in Finland and will reduce the number of personnel by 205 .,0,in Finland Finnish pharmaceutical company Orion Corporation OMX Helsinki : ORNAV said on Wednesday 7 January that it has concluded its personnel negotiations in Finland and will reduce the number of personnel by 205 .
"The handset also features a Media Bar for quick access to favorite media and applications , including music , photos , YouTube or Ovi Share .",1,"The handset also features a Media Bar for quick access to favorite media and applications , including music , photos , YouTube or Ovi Share ."
At the same time I am delighted by the fact that we were able to accomplish the organization with our own team members .,2,At the same time I am delighted by the fact that we were able to accomplish the organization with our own team members .
"The new apartment block is going up very close to the city center , explained Chairman of the Board of AS YIT Ehitus Priit Sauk .",1,"The new apartment block is going up very close to the city center , explained Chairman of the Board of AS YIT Ehitus Priit Sauk ."
Operating profit totaled EUR 17.7 mn compared to EUR 17.6 mn in the corresponding period in 2007 .,2,Operating profit totaled EUR 17.7 mn compared to EUR 17.6 mn in the corresponding period in 2007 .
"The important thing now is to keep the bank 's existing 15,000 customers .",1,"The important thing now is to keep the bank 's existing 15,000 customers ."
"Operating loss totaled EUR 0.8 mn , compared to a profit of EUR 0.5 mn .",0,"Operating loss totaled EUR 0.8 mn , compared to a profit of EUR 0.5 mn ."
"Earnings per share for January-June 2010 were EUR0 .30 , an increase of 20 % year-on-year EUR0 .25 .",2,"Earnings per share for January-June 2010 were EUR0 .30 , an increase of 20 % year-on-year EUR0 .25 ."
"This will be done domestically and in neighboring markets , both organically and through acquisitions .",1,"This will be done domestically and in neighboring markets , both organically and through acquisitions ."
"After the acquisition , Basware 's preliminary pro forma net sales for 2005 amount to EUR 52.6 mn , and preliminary pro forma operating profit amounts to EUR 7.1 mn .",1,"After the acquisition , Basware 's preliminary pro forma net sales for 2005 amount to EUR 52.6 mn , and preliminary pro forma operating profit amounts to EUR 7.1 mn ."
The terms and conditions of the year 2003 stock option scheme were published in a stock exchange release on 31 March 2003 .,1,The terms and conditions of the year 2003 stock option scheme were published in a stock exchange release on 31 March 2003 .
A meeting of Glisten shareholders to vote on the bid will be held on 12 March .,1,A meeting of Glisten shareholders to vote on the bid will be held on 12 March .
"In Finland , the launch of tie-in sales of 3G mobile phones did not cause a dramatic rush in mobile retail outlets during the first few days .",1,"In Finland , the launch of tie-in sales of 3G mobile phones did not cause a dramatic rush in mobile retail outlets during the first few days ."
"The Bristol Port Company has sealed a one million pound contract with Cooper Specialised Handling to supply it with four 45-tonne , customised reach stackers from Konecranes .",2,"The Bristol Port Company has sealed a one million pound contract with Cooper Specialised Handling to supply it with four 45-tonne , customised reach stackers from Konecranes ."
"Aug. 17 , 2010 ( Curbed delivered by Newstex ) -- And now , the latest from Racked , covering shopping and retail from the sidewalks up .",1,"Aug. 17 , 2010 ( Curbed delivered by Newstex ) -- And now , the latest from Racked , covering shopping and retail from the sidewalks up ."
"Kesko offers Hilton to open a hotel on Kalinisky prospect in a 18,000-square metres building because of these difficulties .",1,"Kesko offers Hilton to open a hotel on Kalinisky prospect in a 18,000-square metres building because of these difficulties ."
Fiskars will be undertaking community projects throughout the UK and they are also on the lookout for local volunteers who are interested in helping out with the selected restoration projects .,1,Fiskars will be undertaking community projects throughout the UK and they are also on the lookout for local volunteers who are interested in helping out with the selected restoration projects .
"The recovery of demand that started toward the end of 2009 , continued in January-March 2010 .",2,"The recovery of demand that started toward the end of 2009 , continued in January-March 2010 ."
The measures taken will cause one-time costs during the final part of 2006 .,1,The measures taken will cause one-time costs during the final part of 2006 .
at 9:00 EET Alma Media 's Annual Report for 2009 is scheduled to be published in calendar week 9 .,1,at 9:00 EET Alma Media 's Annual Report for 2009 is scheduled to be published in calendar week 9 .
"The Nokia Music Store begins trading on Tuesday , selling singles and albums as well as live music streaming .",1,"The Nokia Music Store begins trading on Tuesday , selling singles and albums as well as live music streaming ."
Ramirent Finland is the domestic unit of machinery rental company Ramirent Oyj HEL : RMR1V .,1,Ramirent Finland is the domestic unit of machinery rental company Ramirent Oyj HEL : RMR1V .
"Svyturys-Utenos Alus , which is controlled by the Nordic group Baltic Beverages Holding ( BBH ) , posted a 4.7-per-cent growth in beer sales for January-May to 46.22 million litres .",2,"Svyturys-Utenos Alus , which is controlled by the Nordic group Baltic Beverages Holding ( BBH ) , posted a 4.7-per-cent growth in beer sales for January-May to 46.22 million litres ."
"Suominen Corporation estimates that the cost-cutting program that started in autumn 2005 , higher sales prices , and expected growth in volume of Wet Wipes , will make the company 's operations more profitable .",2,"Suominen Corporation estimates that the cost-cutting program that started in autumn 2005 , higher sales prices , and expected growth in volume of Wet Wipes , will make the company 's operations more profitable ."
"Investors will continue being interested in the company 's share although it is not quite cheap , Affarsvarlden said .",2,"Investors will continue being interested in the company 's share although it is not quite cheap , Affarsvarlden said ."
"LONDON AFX - Shares in Rautaruukki Corp have been upgraded to ` hold ' from ` sell ' by ABN Amro , with the price target raised to 25.75 eur from 14.5 , said dealers .",2,"LONDON AFX - Shares in Rautaruukki Corp have been upgraded to ` hold ' from ` sell ' by ABN Amro , with the price target raised to 25.75 eur from 14.5 , said dealers ."
"Simultaneously , his responsibility area is extended from legal affairs to cover also mergers and acquisitions .",1,"Simultaneously , his responsibility area is extended from legal affairs to cover also mergers and acquisitions ."
"Our customers come from the following countries : UK , USA , Spain , France , Italy , Germany , China , Sweden , Norway , Netherlands , Austria , Belgium , Switzerland , Czech Republic , Serbia , Finland , Canada , Russia , Ukraine , Portugal , Denmark , Ireland , South Korea , Estonia and Liechtenstein .",1,"Our customers come from the following countries : UK , USA , Spain , France , Italy , Germany , China , Sweden , Norway , Netherlands , Austria , Belgium , Switzerland , Czech Republic , Serbia , Finland , Canada , Russia , Ukraine , Portugal , Denmark , Ireland , South Korea , Estonia and Liechtenstein ."
The soapstone deposits in the Medvezhyegorsk area are expected to increase Tulikivi 's current reserves considerably .,2,The soapstone deposits in the Medvezhyegorsk area are expected to increase Tulikivi 's current reserves considerably .
Airbus has 100 firm orders for the A350 and 89 nonbinding commitments .,2,Airbus has 100 firm orders for the A350 and 89 nonbinding commitments .
Earnings per share ( EPS ) in 2005 decreased to EUR1 .87 from EUR1 .89 in 2003 .,0,Earnings per share ( EPS ) in 2005 decreased to EUR1 .87 from EUR1 .89 in 2003 .
Return on capital employed rose by 4.8 percentage points to 19.6 % .,2,Return on capital employed rose by 4.8 percentage points to 19.6 % .
A total of 140 jobs will be reduced at the Raahe Steel Works .,0,A total of 140 jobs will be reduced at the Raahe Steel Works .
Curators have divided their material into eight themes .,1,Curators have divided their material into eight themes .
"The airline has ordered nine Airbus A350-900 aircraft with deliveries from 2011 , and in doing so becomes the lead airline for the latest variant of Rolls-Royce Trent series engines , called the 1700 .",2,"The airline has ordered nine Airbus A350-900 aircraft with deliveries from 2011 , and in doing so becomes the lead airline for the latest variant of Rolls-Royce Trent series engines , called the 1700 ."
"Finnish Kemira 's net sales EUR decreased to EUR 1,259.6 mn in January-June 2009 from EUR 1,425.1 mn in January-June 2008 .",0,"Finnish Kemira 's net sales EUR decreased to EUR 1,259.6 mn in January-June 2009 from EUR 1,425.1 mn in January-June 2008 ."
"Finnish holding company Panostaja Oyj said on June 12 , 2007 it has signed a letter of intent to acquire local Lahden Lampokasittely Oy and Heatmasters Oy , active in the heat treatment of metals , for a total 3.1 mln euro ( $ 4.1 mln ) .",1,"Finnish holding company Panostaja Oyj said on June 12 , 2007 it has signed a letter of intent to acquire local Lahden Lampokasittely Oy and Heatmasters Oy , active in the heat treatment of metals , for a total 3.1 mln euro ( $ 4.1 mln ) ."
"Finnish drug distributor and wholesaler Oriola-KD Oyj said on October 11 , 2006 it named Anne Kariniemi vice president of its Logistics and Sourcing department as of January 15 , 2007 .",1,"Finnish drug distributor and wholesaler Oriola-KD Oyj said on October 11 , 2006 it named Anne Kariniemi vice president of its Logistics and Sourcing department as of January 15 , 2007 ."
"The change in holdings in accordance with Chapter 2 , Section 9 of the Finnish Securities Markets Act is described below .",1,"The change in holdings in accordance with Chapter 2 , Section 9 of the Finnish Securities Markets Act is described below ."
These restrictions do not apply to statutory dividends .,1,These restrictions do not apply to statutory dividends .
"According to business media reports , Usmanov planned to transfer his MegaFon stake to the state-controlled Svyazinvest , in exchange for a stake in the merged RosTelecom .",1,"According to business media reports , Usmanov planned to transfer his MegaFon stake to the state-controlled Svyazinvest , in exchange for a stake in the merged RosTelecom ."
"The German company has also signed a code share agreement with another Oneworld member -- American Airlines Inc , part of US-based AMR Corp ( NYSE : AMR ) .",2,"The German company has also signed a code share agreement with another Oneworld member -- American Airlines Inc , part of US-based AMR Corp ( NYSE : AMR ) ."
"Tieto in Latvia is represented by IT services companies TietoEnator Alise and TietoEnator , which has operations in the industries of Financial Services Cards , Retail and Logistics and IT Outsourcing and Managed Services .",1,"Tieto in Latvia is represented by IT services companies TietoEnator Alise and TietoEnator , which has operations in the industries of Financial Services Cards , Retail and Logistics and IT Outsourcing and Managed Services ."
"Comparable operating profit for the quarter decreased from EUR510m while sales increased from EUR860m , as compared to the third quarter 2007 .",0,"Comparable operating profit for the quarter decreased from EUR510m while sales increased from EUR860m , as compared to the third quarter 2007 ."
"For the full 2010 the company expects its net sales and operating result to improve from the previous year , saying that a positive operating result and its amount will depend on the order intake by the end of the summer .",2,"For the full 2010 the company expects its net sales and operating result to improve from the previous year , saying that a positive operating result and its amount will depend on the order intake by the end of the summer ."
FCC Chairman Kevin Martin said that fair play required extending the same deregulatory rules to the digital subscriber lines that telecom providers use for broadband networks .,1,FCC Chairman Kevin Martin said that fair play required extending the same deregulatory rules to the digital subscriber lines that telecom providers use for broadband networks .
1 April 2011 - Finnish machinery rental company Ramirent Oyj HEL : RMR1V said today it has acquired the assets of sector player Stavebni Doprava a Mechanizace SDM in the Czech Republic for an undisclosed sum .,1,1 April 2011 - Finnish machinery rental company Ramirent Oyj HEL : RMR1V said today it has acquired the assets of sector player Stavebni Doprava a Mechanizace SDM in the Czech Republic for an undisclosed sum .
Negotiations with representatives of the personnel regarding the restructuring process have now been ended .,1,Negotiations with representatives of the personnel regarding the restructuring process have now been ended .
The acquisition is expected to take place by the end of August 2007 .,1,The acquisition is expected to take place by the end of August 2007 .
"Under the agreement Benefon 's forthcoming range of TWIG integrated GPS navigation and mobile phone devices will use the jointly developed web-based tracking and location technology , in both consumer and commercial applications .",1,"Under the agreement Benefon 's forthcoming range of TWIG integrated GPS navigation and mobile phone devices will use the jointly developed web-based tracking and location technology , in both consumer and commercial applications ."
- Counter your competitor 's strengths and target their weaknesses .,1,- Counter your competitor 's strengths and target their weaknesses .
Small investors have voiced fears that the shares will end up with risk investors .,0,Small investors have voiced fears that the shares will end up with risk investors .
"Operating profit totaled EUR 9.4 mn , down from EUR 11.7 mn in 2004 .",0,"Operating profit totaled EUR 9.4 mn , down from EUR 11.7 mn in 2004 ."
Sanoma Magazines Finland 's net sales grew to EUR 140.1 mn from EUR 131.8 mn .,2,Sanoma Magazines Finland 's net sales grew to EUR 140.1 mn from EUR 131.8 mn .
`` Social networking and location-based service trends comprise a significant share of the Internet traffic today and are appealing to MID users .,1,`` Social networking and location-based service trends comprise a significant share of the Internet traffic today and are appealing to MID users .
"Stora Enso said DeLight was suitable for a wide range of applications including food , cosmetics , home decoration and leisure products .",1,"Stora Enso said DeLight was suitable for a wide range of applications including food , cosmetics , home decoration and leisure products ."
"It also has strong assets in electronic media , employing 18,500 an increase of 9 percent on last year .",2,"It also has strong assets in electronic media , employing 18,500 an increase of 9 percent on last year ."
Diluted earnings per share ( EPS ) rose to EUR 1.05 from EUR 0.64 .,2,Diluted earnings per share ( EPS ) rose to EUR 1.05 from EUR 0.64 .
Operating profit in the fourth quarter fell to EUR33m from EUR39m a year earlier .,0,Operating profit in the fourth quarter fell to EUR33m from EUR39m a year earlier .
"According to statistics by the Finnish Maritime Administration , shipping did not increase much in January-August 2009 , however .",1,"According to statistics by the Finnish Maritime Administration , shipping did not increase much in January-August 2009 , however ."
Uponor maintains its full-year guidance for 2010 .,1,Uponor maintains its full-year guidance for 2010 .
"Participants at any of the book discussions or other special events , or visitors to the car dealership were eligible to enter the drawing for the 2005 silver , four-door Altima .",1,"Participants at any of the book discussions or other special events , or visitors to the car dealership were eligible to enter the drawing for the 2005 silver , four-door Altima ."
The Oulu plant employs approximately 120 people .,1,The Oulu plant employs approximately 120 people .
"VDW combined with LXE devices enhances productivity , enabling workers to use a single device to perform voice , scanning and keyboard functions .",2,"VDW combined with LXE devices enhances productivity , enabling workers to use a single device to perform voice , scanning and keyboard functions ."
"In a media advisory , the NTSB said that after subsequent testing , `` the train detection system intermittently failed . ''",0,"In a media advisory , the NTSB said that after subsequent testing , `` the train detection system intermittently failed . ''"
Incap estimates it will generate a revenue of 10 mln euro ( $ 13.2 mln ) from its Indian operations for 2007 .,1,Incap estimates it will generate a revenue of 10 mln euro ( $ 13.2 mln ) from its Indian operations for 2007 .
"Tekla 's defense business employs over 20 persons and is located in Espoo , Finland .",1,"Tekla 's defense business employs over 20 persons and is located in Espoo , Finland ."
Valga Lihatoostus markets its products under the Maks & Moorits trademark .,1,Valga Lihatoostus markets its products under the Maks & Moorits trademark .
"Finnish technology group Aspocomp Group Oyj ( OMX Helsinki : ACG1V ) issued its third quarter report on Thursday ( 13 November ) , posting an operating profit of EUR0 .4 m , as compared to a loss of EUR0 .5 m in the third quarter of 2007 .",2,"Finnish technology group Aspocomp Group Oyj ( OMX Helsinki : ACG1V ) issued its third quarter report on Thursday ( 13 November ) , posting an operating profit of EUR0 .4 m , as compared to a loss of EUR0 .5 m in the third quarter of 2007 ."
`` Our research shows that access to information technology has been one of the limiting factors for most small businesses especially when they work in a heterogenous network based environment .,1,`` Our research shows that access to information technology has been one of the limiting factors for most small businesses especially when they work in a heterogenous network based environment .
The company website is www.ahlstrom.com .,1,The company website is www.ahlstrom.com .
"The company 's net profit rose 11.4 % on the year to 82.2 million euros in 2005 on sales of 686.5 million euros , 13.8 % up on the year , the company said earlier .",2,"The company 's net profit rose 11.4 % on the year to 82.2 million euros in 2005 on sales of 686.5 million euros , 13.8 % up on the year , the company said earlier ."
"Upon establishment , the plan is directed to approximately 20 persons .",1,"Upon establishment , the plan is directed to approximately 20 persons ."
Net sales decreased to EUR 220.5 mn from EUR 470.0 mn in the corresponding period in 2009 .,0,Net sales decreased to EUR 220.5 mn from EUR 470.0 mn in the corresponding period in 2009 .
"Glaston 's own glass processing unit , Tamglass Glass Processing , is a manufacturer of high quality safety glass products , and operates in Finland .",1,"Glaston 's own glass processing unit , Tamglass Glass Processing , is a manufacturer of high quality safety glass products , and operates in Finland ."
"Alma Media Corporation PRESS RELEASE March 25 , 2010 TYRV+ä+äN SANOMAT PURCHASE CONFIRMED The business operations of Tyrv+ñ+ñn Sanomat Oy will be transferred to Suomen Paikallissanomat Oy .",1,"Alma Media Corporation PRESS RELEASE March 25 , 2010 TYRV+ä+äN SANOMAT PURCHASE CONFIRMED The business operations of Tyrv+ñ+ñn Sanomat Oy will be transferred to Suomen Paikallissanomat Oy ."
Elcoteq SE is Europe 's largest contract electronics maker and has set up a unit in Bangalore in association with Avista Advisory of Mumbai .,1,Elcoteq SE is Europe 's largest contract electronics maker and has set up a unit in Bangalore in association with Avista Advisory of Mumbai .
The passenger tunnel is expected to be put into operation in 2009 .,1,The passenger tunnel is expected to be put into operation in 2009 .
"The fish content of the nuggets is 85 % , and the fish comes from Canada and Finland .",1,"The fish content of the nuggets is 85 % , and the fish comes from Canada and Finland ."
"Finland 's national carrier Finnair PLC carried a record 8.5 million passengers in 2005 , an increase of 4.5 percent on the previous year , the airline reported Tuesday .",2,"Finland 's national carrier Finnair PLC carried a record 8.5 million passengers in 2005 , an increase of 4.5 percent on the previous year , the airline reported Tuesday ."
"Its board of directors will propose a dividend of EUR0 .12 per share for 2010 , up from the EUR0 .08 per share paid in 2009 .",2,"Its board of directors will propose a dividend of EUR0 .12 per share for 2010 , up from the EUR0 .08 per share paid in 2009 ."
"Juhani J+ñrvi , Corporate Executive Vice President of Kesko , says the Russian food retail sector is fragmented .",1,"Juhani J+ñrvi , Corporate Executive Vice President of Kesko , says the Russian food retail sector is fragmented ."
"Deliveries of Nokia 1112 , Nokia 2310 and Nokia 2610 are expected to start in the second quarter of 2006 .",1,"Deliveries of Nokia 1112 , Nokia 2310 and Nokia 2610 are expected to start in the second quarter of 2006 ."
"The third quarter result also includes a 400,000 euro ( $ 575,000 ) provision for down-sizing of lure manufacturing in Ireland .",1,"The third quarter result also includes a 400,000 euro ( $ 575,000 ) provision for down-sizing of lure manufacturing in Ireland ."
"Growth was strongest in F-Secure 's operator ISPs , mobile operators and cable operators business .",2,"Growth was strongest in F-Secure 's operator ISPs , mobile operators and cable operators business ."
The compnay also said that it would lower the price of development projects by about one third compared with last November .,1,The compnay also said that it would lower the price of development projects by about one third compared with last November .
Operating profit fell from EUR 7.9 mn in the second quarter of 2005 to EUR 5.1 mn in the second quarter of 2006 .,0,Operating profit fell from EUR 7.9 mn in the second quarter of 2005 to EUR 5.1 mn in the second quarter of 2006 .
"The total donation amount is EUR 1,115,000 .",1,"The total donation amount is EUR 1,115,000 ."
"A Helsinki : ELIiV today reported EPS of EUR1 .13 for 2009 , an increase over EPS of EUR1 .12 in 2008 .",2,"A Helsinki : ELIiV today reported EPS of EUR1 .13 for 2009 , an increase over EPS of EUR1 .12 in 2008 ."
`` Operating profit declined mainly due to the increased cost of wood and recycled fiber and the strengthened euro . '',0,`` Operating profit declined mainly due to the increased cost of wood and recycled fiber and the strengthened euro . ''
"Vaisala also said it expects net sales of EUR 253.2 million for 2010 , compared with EUR 252.2 million recorded in 2009 .",2,"Vaisala also said it expects net sales of EUR 253.2 million for 2010 , compared with EUR 252.2 million recorded in 2009 ."
"The gross area of eight houses will be 12,167 m2 .",1,"The gross area of eight houses will be 12,167 m2 ."
Around 50 percent of the world 's ro-ro fleet is over 25 years old and needs to be scrapped for environmental reasons .,1,Around 50 percent of the world 's ro-ro fleet is over 25 years old and needs to be scrapped for environmental reasons .
Kershaw takes up the position with immediate effect from her previous role as marketing manager of Sankey Home & Garden Products .,1,Kershaw takes up the position with immediate effect from her previous role as marketing manager of Sankey Home & Garden Products .
"Also , it is bringing in `` the right kind of people '' to upgrade its human resources .",2,"Also , it is bringing in `` the right kind of people '' to upgrade its human resources ."
"Under the agreement , Pfizer has been funding Biotie 's research activities on the PDE10 phosphodiesterase 10 inhibitor program since its start in late 2006 and has the sole authority to develop discovered compounds .",1,"Under the agreement , Pfizer has been funding Biotie 's research activities on the PDE10 phosphodiesterase 10 inhibitor program since its start in late 2006 and has the sole authority to develop discovered compounds ."
"Savon koulutuskuntayhtyma , Finland based company has awarded contract for specialist agricultural or forestry machinery .",2,"Savon koulutuskuntayhtyma , Finland based company has awarded contract for specialist agricultural or forestry machinery ."
Olvi expects sales and market share to increase in the first quarter of 2010 .,2,Olvi expects sales and market share to increase in the first quarter of 2010 .
The acquisition will considerably increase Kemira 's sales and market position in the Russian metal industry coatings market .,2,The acquisition will considerably increase Kemira 's sales and market position in the Russian metal industry coatings market .
The company does not disclose the sum it applied for .,1,The company does not disclose the sum it applied for .
"In Sweden , operating profit for the period under review totaled EUR 3.4 mn , up 30.8 % from the corresponding period in 2005 .",2,"In Sweden , operating profit for the period under review totaled EUR 3.4 mn , up 30.8 % from the corresponding period in 2005 ."
"After the transaction , Alma Media raised its stake in Talentum to 30.65 % of the shares and some 31.12 % of voting rights .",2,"After the transaction , Alma Media raised its stake in Talentum to 30.65 % of the shares and some 31.12 % of voting rights ."
"Simultaneously with this merger plan another merger plan has been signed , according to which Suomen Projektivuokraus Oy , a subsidiary of VTM-Rakennuskonevuokraamo Oy , would be merged with VTM-Rakennuskonevuokraamo Oy .",1,"Simultaneously with this merger plan another merger plan has been signed , according to which Suomen Projektivuokraus Oy , a subsidiary of VTM-Rakennuskonevuokraamo Oy , would be merged with VTM-Rakennuskonevuokraamo Oy ."
Rautaruukki said construction group YIT has awarded it a 2.5 mln eur contract to supply the steel structures for a new bridge spanning the Kemijoki river in Northern Finland .,2,Rautaruukki said construction group YIT has awarded it a 2.5 mln eur contract to supply the steel structures for a new bridge spanning the Kemijoki river in Northern Finland .
The company 's net sales in 2010 totalled MEUR 311.4 with an operating margin of 13.9 per cent .,1,The company 's net sales in 2010 totalled MEUR 311.4 with an operating margin of 13.9 per cent .
"After the reporting period , BioTie North American licensing partner Somaxon Pharmaceuticals announced positive results with nalmefene in a pilot Phase 2 clinical trial for smoking cessation .",2,"After the reporting period , BioTie North American licensing partner Somaxon Pharmaceuticals announced positive results with nalmefene in a pilot Phase 2 clinical trial for smoking cessation ."
Major Order in India Comptel Corporation has received a significant long-term order for mediation and provisioning solutions being used by a leading operator in India .,2,Major Order in India Comptel Corporation has received a significant long-term order for mediation and provisioning solutions being used by a leading operator in India .
The annual net sales of the unit is some EUR 5 million and it currently employs some 55 people .,1,The annual net sales of the unit is some EUR 5 million and it currently employs some 55 people .
"Operating profit for the 12-month period decreased from EUR17 .9 m while net sales increased from EUR58 .3 m , as compared to 2007 .",0,"Operating profit for the 12-month period decreased from EUR17 .9 m while net sales increased from EUR58 .3 m , as compared to 2007 ."
"Finnish construction company YIT is reducing the number of start-ups of market-financed residential units in 2007 to about 2,300 from the previously announced 2,700 .",0,"Finnish construction company YIT is reducing the number of start-ups of market-financed residential units in 2007 to about 2,300 from the previously announced 2,700 ."
"Elisa Corporation will disclose its financial statements for 2006 on Thursday , 8 February 2007 .",1,"Elisa Corporation will disclose its financial statements for 2006 on Thursday , 8 February 2007 ."
The bank forecasts Finland 's GDP will grow by 2 % in 2010 and in 2011 .,2,The bank forecasts Finland 's GDP will grow by 2 % in 2010 and in 2011 .
"The podcast , sees Harple provide the low-down on GyPSii 's platform , which takes someone 's location and demographic information to produce a contextual index of the world around them .",1,"The podcast , sees Harple provide the low-down on GyPSii 's platform , which takes someone 's location and demographic information to produce a contextual index of the world around them ."
It will also strengthen Ruukki 's offshore business .,2,It will also strengthen Ruukki 's offshore business .
"Later on , about 150 Finnish-made houses will be build in the area .",1,"Later on , about 150 Finnish-made houses will be build in the area ."
"The share capital of Alma Media Corporation (business ID 1944757-4)is EUR 45,031,513.80 and it is divided into 75,052,523 shares .",1,"The share capital of Alma Media Corporation (business ID 1944757-4)is EUR 45,031,513.80 and it is divided into 75,052,523 shares ."
Operating profit decreased to EUR 16mn from EUR 21.1 mn in 2008 .,0,Operating profit decreased to EUR 16mn from EUR 21.1 mn in 2008 .
"The Costanza light , with an aluminum base and washable shade , comes in white , pistachio , orange , blue and red .",1,"The Costanza light , with an aluminum base and washable shade , comes in white , pistachio , orange , blue and red ."
"These sections will be put into place to form the load-bearing steel structure of the bridge , '' says Sami Eronen , Senior Vice President , Infrastructure and Northern Europe , Ruukki Construction .",1,"These sections will be put into place to form the load-bearing steel structure of the bridge , '' says Sami Eronen , Senior Vice President , Infrastructure and Northern Europe , Ruukki Construction ."
The first phase will be completed by the end of 2012 .,1,The first phase will be completed by the end of 2012 .
Sanoma Magazines ' net sales are estimated to grow in 2006 .,2,Sanoma Magazines ' net sales are estimated to grow in 2006 .
"In the fourth quarter of 2009 , Orion 's net profit went up by 33.8 % year-on-year to EUR33m .",2,"In the fourth quarter of 2009 , Orion 's net profit went up by 33.8 % year-on-year to EUR33m ."
Net sales decreased to EUR 91.6 mn from EUR 109mn in the corresponding period in 2005 .,0,Net sales decreased to EUR 91.6 mn from EUR 109mn in the corresponding period in 2005 .
"The permanent magnet generators and power converters are today the preferred solution in new wind turbine designs , the company said .",1,"The permanent magnet generators and power converters are today the preferred solution in new wind turbine designs , the company said ."
"Since the association 's data do not cover sales figures from about 100 small local breweries and sales of imported beer products , the actual market shares of its members are smaller than those given in the report .",0,"Since the association 's data do not cover sales figures from about 100 small local breweries and sales of imported beer products , the actual market shares of its members are smaller than those given in the report ."
"19 May 2010 - Finnish company Lemminkainen Oyj ( HEL : LEM1S ) said today that it will construct an office building at Toolonlahti in downtown Helsinki , without disclosing financial details .",1,"19 May 2010 - Finnish company Lemminkainen Oyj ( HEL : LEM1S ) said today that it will construct an office building at Toolonlahti in downtown Helsinki , without disclosing financial details ."
What would you like to see changed on Nokia 's next attempt ?,1,What would you like to see changed on Nokia 's next attempt ?
Diluted earnings per share ( EPS ) stood at EUR 0.25 versus EUR 0.42 .,0,Diluted earnings per share ( EPS ) stood at EUR 0.25 versus EUR 0.42 .
"The area will also include some central buildings , and Honkarakenne has started negotiations on their delivery .",1,"The area will also include some central buildings , and Honkarakenne has started negotiations on their delivery ."
"Elsewhere , the tendency is towards more developed packaging than before .",1,"Elsewhere , the tendency is towards more developed packaging than before ."
The negotiations will concern the plant 's department producing winded roving that employs 10 people .,1,The negotiations will concern the plant 's department producing winded roving that employs 10 people .
"Its annual capacity is some 10,000 MW .",1,"Its annual capacity is some 10,000 MW ."
`` I am extremely delighted with this project and the continuation of cooperation with Viking Line .,2,`` I am extremely delighted with this project and the continuation of cooperation with Viking Line .
The company 's share is listed in the Mid Cap segment of the NASDAQ OMX Helsinki .,1,The company 's share is listed in the Mid Cap segment of the NASDAQ OMX Helsinki .
"Like all other mechanical pipettors from Biohit , also Proline Plus is CE-IVD marked and comes with a 3-year warranty .",1,"Like all other mechanical pipettors from Biohit , also Proline Plus is CE-IVD marked and comes with a 3-year warranty ."
"At the moment , there are approximately 20 Vianor sales offices in Russia .",1,"At the moment , there are approximately 20 Vianor sales offices in Russia ."
"ADP News - Apr 22 , 2009 - Finnish business information systems developer Solteq Oyj HEL : STQ1V said today its net loss widened to EUR 189,000 USD 245,000 for the first quarter of 2009 from EUR 10,000 for the same peri",0,"ADP News - Apr 22 , 2009 - Finnish business information systems developer Solteq Oyj HEL : STQ1V said today its net loss widened to EUR 189,000 USD 245,000 for the first quarter of 2009 from EUR 10,000 for the same peri"
"According to Gallup Food and Farm Facts , beef consumption totaled 99mn kilos in Finland in 2007 .",1,"According to Gallup Food and Farm Facts , beef consumption totaled 99mn kilos in Finland in 2007 ."
Nordea was the cheapest also for a couple in their 30s with debt .,1,Nordea was the cheapest also for a couple in their 30s with debt .
GET MIDNIGHTTRADER IN REALTIME : This report is delayed .,1,GET MIDNIGHTTRADER IN REALTIME : This report is delayed .
The fine print is here .,1,The fine print is here .
The transaction was announced on September 29 when Pohjola Insurance agreed to pay EUR 80 million ( USD 106.3 m ) in cash for Pohjantahti .,1,The transaction was announced on September 29 when Pohjola Insurance agreed to pay EUR 80 million ( USD 106.3 m ) in cash for Pohjantahti .
"Construction work on the Helsinki Music Centre is to start this autumn , with the total cost of the project estimated at 140 million euros .",1,"Construction work on the Helsinki Music Centre is to start this autumn , with the total cost of the project estimated at 140 million euros ."
"Baltic Pearl CJSC , a subsidiary of Shanghai Foreign Joint Investment Company , is developing a project in St Petersburg , comprising about a million square meters of residential space , two hospitals and several schools and nurseries .",1,"Baltic Pearl CJSC , a subsidiary of Shanghai Foreign Joint Investment Company , is developing a project in St Petersburg , comprising about a million square meters of residential space , two hospitals and several schools and nurseries ."
Finnish silicon wafers manufacturer Okmetic Oyj said it swung to a net profit of 4.9 mln euro $ 6.3 mln in the first nine months of 2006 from a net loss of 1.8 mln euro $ 2.3 mln a year earlier .,2,Finnish silicon wafers manufacturer Okmetic Oyj said it swung to a net profit of 4.9 mln euro $ 6.3 mln in the first nine months of 2006 from a net loss of 1.8 mln euro $ 2.3 mln a year earlier .
The Insolvency Act regulates the amount of debt that borrowers are permitted to write off .,1,The Insolvency Act regulates the amount of debt that borrowers are permitted to write off .
A comprehensive range of cut-to-length and slitting services will allow Ruukki in particular to serve light engineering customers who relocate their production to the St. Petersburg area .,1,A comprehensive range of cut-to-length and slitting services will allow Ruukki in particular to serve light engineering customers who relocate their production to the St. Petersburg area .
No financial details of the deployment were disclosed .,1,No financial details of the deployment were disclosed .
The value of the order is EUR 4mn .,1,The value of the order is EUR 4mn .
This acquisition supports our strategy of being close to our customers all around the world offering both equipment and related services .,2,This acquisition supports our strategy of being close to our customers all around the world offering both equipment and related services .
"DnB Nord of Norway is the `` most likely Nordic buyer '' for Citadele , while Nordea would be a `` good strategic fit '' , according to the document published by Pietiek .",1,"DnB Nord of Norway is the `` most likely Nordic buyer '' for Citadele , while Nordea would be a `` good strategic fit '' , according to the document published by Pietiek ."
"MADISON , Wis. , Feb. 6 - PRNewswire - -- Fiskars announces that the United States Patent and Trademark Office has granted a trademark registration for the color orange on its iconic scissor handles .",2,"MADISON , Wis. , Feb. 6 - PRNewswire - -- Fiskars announces that the United States Patent and Trademark Office has granted a trademark registration for the color orange on its iconic scissor handles ."
"In addition to the Tulikivi Corporation , he is also currently a member of the Board of the following companies : Altia Corporation , J+ñrvi-Suomen Portti Osuuskunta , Osuuskunta KPY , Profile Vehicles Oy and Voimatel Oy .",1,"In addition to the Tulikivi Corporation , he is also currently a member of the Board of the following companies : Altia Corporation , J+ñrvi-Suomen Portti Osuuskunta , Osuuskunta KPY , Profile Vehicles Oy and Voimatel Oy ."
"The relocation of Ragot has already started and will be completed in the next few weeks , with the Waterqueen and Tortue moves planned for mid-2008 and VMC Europe during the third quarter of 2008 .",1,"The relocation of Ragot has already started and will be completed in the next few weeks , with the Waterqueen and Tortue moves planned for mid-2008 and VMC Europe during the third quarter of 2008 ."
Shuweihat 2 got under way in July 2008 when the project was awarded to desalination and power contractors .,1,Shuweihat 2 got under way in July 2008 when the project was awarded to desalination and power contractors .
The company 's share is quoted on NASDAQ OMX Helsinki Rautaruukki Oyj : RTRKS .,1,The company 's share is quoted on NASDAQ OMX Helsinki Rautaruukki Oyj : RTRKS .
"Press release 9 October 2009 Ruukki has signed a contract to deliver and install the steel structures for a bridge over the Kyronsalmi strait in Savonlinna , Finland .",2,"Press release 9 October 2009 Ruukki has signed a contract to deliver and install the steel structures for a bridge over the Kyronsalmi strait in Savonlinna , Finland ."
"The contract incorporates a Convergent Charging rating solution for voice and data , which includes Internet , GPRS , SMS , MMS and WAP .",1,"The contract incorporates a Convergent Charging rating solution for voice and data , which includes Internet , GPRS , SMS , MMS and WAP ."
"Cablevision Systems Corp. CVC Their Madison Square Garden division owns and operates the New York Knickerbockers basketball team ; they also own the Madison Square Garden Arena , the New York Rangers hockey team , the New York Liberty women 's basketball team , and the Hartford Wolf Pack hockey team .",1,"Cablevision Systems Corp. CVC Their Madison Square Garden division owns and operates the New York Knickerbockers basketball team ; they also own the Madison Square Garden Arena , the New York Rangers hockey team , the New York Liberty women 's basketball team , and the Hartford Wolf Pack hockey team ."
"Ruukki has signed a contract to deliver and install the steel structures for a bridge over the Kyronsalmi strait in Savonlinna , Finland .",2,"Ruukki has signed a contract to deliver and install the steel structures for a bridge over the Kyronsalmi strait in Savonlinna , Finland ."
"mr Bakman sees also expansion options on the Tallinn-Helisnki link , claiming however , that operating the link with only a single ship is not enough .",1,"mr Bakman sees also expansion options on the Tallinn-Helisnki link , claiming however , that operating the link with only a single ship is not enough ."
Almost the entire office building will be occupied by Metso .,1,Almost the entire office building will be occupied by Metso .
"Honkarakenne also decided yesterday to sell 88,500 of its B series shares to key staff members for EUR2 .9 per share .",1,"Honkarakenne also decided yesterday to sell 88,500 of its B series shares to key staff members for EUR2 .9 per share ."
"The airline was targeting travel agents , tour operators and travel management companies to raise awareness first before targeting consumers , he added .",1,"The airline was targeting travel agents , tour operators and travel management companies to raise awareness first before targeting consumers , he added ."
"However , Biohit estimates its total net sales will continue to grow in 2009 , and that favourable trends in net sales will lead to a profit in 2009 .",2,"However , Biohit estimates its total net sales will continue to grow in 2009 , and that favourable trends in net sales will lead to a profit in 2009 ."
EuroChem Head of Corporate Finance Alexander Gavrilov said : `` I am pleased that we have once again confirmed that EuroChem is able to attract long-term funds at attractive rates .,2,EuroChem Head of Corporate Finance Alexander Gavrilov said : `` I am pleased that we have once again confirmed that EuroChem is able to attract long-term funds at attractive rates .
The deal is in line with Etteplan 's strategy to operate as a partner of global customers and provide industrial technology design services .,1,The deal is in line with Etteplan 's strategy to operate as a partner of global customers and provide industrial technology design services .
The fair value of CapMan Plc 's own investments on 30 September 2008 amounted to MEUR 59.8 .,1,The fair value of CapMan Plc 's own investments on 30 September 2008 amounted to MEUR 59.8 .
"The chain has been trying to cut its own costs , pressuring vendors such as fitness equipment manufacturer Precor to slash prices .",1,"The chain has been trying to cut its own costs , pressuring vendors such as fitness equipment manufacturer Precor to slash prices ."
"Kesko pursues a strategy of healthy , focused growth concentrating on sales and services to consumer-customers .",2,"Kesko pursues a strategy of healthy , focused growth concentrating on sales and services to consumer-customers ."
"The Group 's turnover in 2006 was EUR 39.2 million , and operating profit was EUR 3.9 million .",1,"The Group 's turnover in 2006 was EUR 39.2 million , and operating profit was EUR 3.9 million ."
"Operating profit of operations in Finland in the period under review totaled EUR 11.3 mn , remaining at the 2005 level .",1,"Operating profit of operations in Finland in the period under review totaled EUR 11.3 mn , remaining at the 2005 level ."
"The total delivery volume of paper businesses in 2010 was 1,155,000 tonnes , up from 1,132,000 tonnes in 2009 .",2,"The total delivery volume of paper businesses in 2010 was 1,155,000 tonnes , up from 1,132,000 tonnes in 2009 ."
M+ñkel+ñ is demanding a new Board for the company as well as discussions on the merger of Alma media and media company Talentum .,1,M+ñkel+ñ is demanding a new Board for the company as well as discussions on the merger of Alma media and media company Talentum .
"The employer , together with health personnel , supports quitting and pays part of the cost of nicotine treatments .",1,"The employer , together with health personnel , supports quitting and pays part of the cost of nicotine treatments ."
"Uponor made an operating profit of EUR 151.0 mn , up from EUR 143.7 mn , which made 2007 a record year .",2,"Uponor made an operating profit of EUR 151.0 mn , up from EUR 143.7 mn , which made 2007 a record year ."
"Iso Omena is based in the Matinkyla district of the southern part of the city of Espoo , southern Finland .",1,"Iso Omena is based in the Matinkyla district of the southern part of the city of Espoo , southern Finland ."
Okmetic expects its net sales for the first half of 2009 to be less than in 2008 .,0,Okmetic expects its net sales for the first half of 2009 to be less than in 2008 .
"The most important export markets are Norway , Germany , Russia and France .",1,"The most important export markets are Norway , Germany , Russia and France ."
"Aldata Solution Oyj Thomas Hoyer CFO More information : Aldata Solution Oyj , Thomas Hoyer , CFO , tel. +358 45 670 0491 Aldata in brief Aldata Solution is one of the global leaders in supply chain software for retail , wholesale and logistics companies .",1,"Aldata Solution Oyj Thomas Hoyer CFO More information : Aldata Solution Oyj , Thomas Hoyer , CFO , tel. +358 45 670 0491 Aldata in brief Aldata Solution is one of the global leaders in supply chain software for retail , wholesale and logistics companies ."
Operating cash flow after investments totalled EUR 61.3 mn compared to EUR 75.3 mn in the corresponding period in 2007 .,0,Operating cash flow after investments totalled EUR 61.3 mn compared to EUR 75.3 mn in the corresponding period in 2007 .
"Through the Nordic Exchange , OMX offers access to approximately 80 percent of the Nordic and Baltic securities market .",1,"Through the Nordic Exchange , OMX offers access to approximately 80 percent of the Nordic and Baltic securities market ."
Finnlines said that the deal is part of its strategy to focus on its core businesses .,1,Finnlines said that the deal is part of its strategy to focus on its core businesses .
Autotank Group is part of Aspo 's Systems Division .,1,Autotank Group is part of Aspo 's Systems Division .
"Janno Reiljan , a member of the Eesti Energia supervisory board , said the owners of Narva Power Grid had informed Eesti Energia about their wish to sell .",1,"Janno Reiljan , a member of the Eesti Energia supervisory board , said the owners of Narva Power Grid had informed Eesti Energia about their wish to sell ."
Raffles Equities Ltd became a substantial holder in Archer Exploration Ltd on January 12 with 11.7 million shares ( 18.2 pc ) .,1,Raffles Equities Ltd became a substantial holder in Archer Exploration Ltd on January 12 with 11.7 million shares ( 18.2 pc ) .
"Both operating profit and net sales for the 12-month period increased , respectively from EUR20 .8 m and EUR177 .7 m , as compared to the financial year 2004 .",2,"Both operating profit and net sales for the 12-month period increased , respectively from EUR20 .8 m and EUR177 .7 m , as compared to the financial year 2004 ."
Operating loss landed at EUR39m including one-offs and at EUR27m excluding one-offs .,1,Operating loss landed at EUR39m including one-offs and at EUR27m excluding one-offs .
"AHMS will also offer Hotel and Hotel Project Consultancy , Management Services , Brand Franchise , Training and Sales and Marketing services on a pan-India basis .",1,"AHMS will also offer Hotel and Hotel Project Consultancy , Management Services , Brand Franchise , Training and Sales and Marketing services on a pan-India basis ."
"The launch of the plant in June went well , and it has been producing the advanced fuel for a couple of weeks .",2,"The launch of the plant in June went well , and it has been producing the advanced fuel for a couple of weeks ."
Shareholders have a right to put on the agenda of the AGM items that are within the competence of the general meeting .,1,Shareholders have a right to put on the agenda of the AGM items that are within the competence of the general meeting .
"Argentine agricultural export company Calafate has tapped compatriot firm Finnegans for a software solution , the latter company said in a statement .",1,"Argentine agricultural export company Calafate has tapped compatriot firm Finnegans for a software solution , the latter company said in a statement ."
"Finnish Suominen Corporation that makes wipes , nonwovens , and flexible packaging , has a plant near Warsaw , in Poland , that makes flexible packaging .",1,"Finnish Suominen Corporation that makes wipes , nonwovens , and flexible packaging , has a plant near Warsaw , in Poland , that makes flexible packaging ."
The objective of the planned measures is to achieve significant savings in the next few years .,2,The objective of the planned measures is to achieve significant savings in the next few years .
An earn-out payment of up to 4.0 mln euro ( $ 5.3 mln ) can also be paid depending on Intellibis financial performance in 2007 .,1,An earn-out payment of up to 4.0 mln euro ( $ 5.3 mln ) can also be paid depending on Intellibis financial performance in 2007 .
"Following the demerger , the vice president of the group 's pharmaceutical trade in Finland , Jukka Niemi , will be appointed managing director of Oriola in addition to his current responsibilities .",1,"Following the demerger , the vice president of the group 's pharmaceutical trade in Finland , Jukka Niemi , will be appointed managing director of Oriola in addition to his current responsibilities ."
"Dubai Nokia has announced the launch of `` Comes with Music '' , its ground-breaking service which introduces a new way for people to enjoy music .",2,"Dubai Nokia has announced the launch of `` Comes with Music '' , its ground-breaking service which introduces a new way for people to enjoy music ."
"Operating result for the 12-month period decreased from the profit of EUR0 .4 m while turnover decreased from EUR5 .6 m , as compared to 2004 .",0,"Operating result for the 12-month period decreased from the profit of EUR0 .4 m while turnover decreased from EUR5 .6 m , as compared to 2004 ."
Managing Director Kari Inkinen says that Sponda 's leasing operations developed highly favourably .,2,Managing Director Kari Inkinen says that Sponda 's leasing operations developed highly favourably .
"When new types of network elements are added to the network , the conversion file is updated by adding the information required for converting the message format of the new network element type to the format understood by the management system .",1,"When new types of network elements are added to the network , the conversion file is updated by adding the information required for converting the message format of the new network element type to the format understood by the management system ."
"Following this increase Huhtamaki 's registered share capital is EUR360 .62 m and the number of shares outstanding is 106,063,320 .",1,"Following this increase Huhtamaki 's registered share capital is EUR360 .62 m and the number of shares outstanding is 106,063,320 ."
"Finnish pharmaceuticals company Orion reports profit before taxes of EUR 70.0 mn in the third quarter of 2010 , up from EUR 54.9 mn in the corresponding period in 2009 .",2,"Finnish pharmaceuticals company Orion reports profit before taxes of EUR 70.0 mn in the third quarter of 2010 , up from EUR 54.9 mn in the corresponding period in 2009 ."
"Luxembourg-registered investment fund Amber Trust II has won the final approval of Lithuania 's Competition Council to acquire 29.6 percent of Sanitas , the country 's largest pharmaceutical producer .",2,"Luxembourg-registered investment fund Amber Trust II has won the final approval of Lithuania 's Competition Council to acquire 29.6 percent of Sanitas , the country 's largest pharmaceutical producer ."
"According to CEO Matti Karppinen , Frozen Foods posted a good result in 2010 , as it did in 2009 .",2,"According to CEO Matti Karppinen , Frozen Foods posted a good result in 2010 , as it did in 2009 ."
"Due to Pirkka beer , Olvi 's brewery in Iisalmi is moving to 7-day , 24-hour work shifts .",1,"Due to Pirkka beer , Olvi 's brewery in Iisalmi is moving to 7-day , 24-hour work shifts ."
"LCS 's services cover the whole life cycle of software and information systems , from process modelling and tailored software development , to hosting services , solution management , maintenance and support .",1,"LCS 's services cover the whole life cycle of software and information systems , from process modelling and tailored software development , to hosting services , solution management , maintenance and support ."
"Finnish textiles and clothing group Marimekko Oyj posted a net profit of 7.99 mln euro $ 10.4 mln for 2006 , compared to 8.4 mln euro $ 10.9 mln for 2005 .",0,"Finnish textiles and clothing group Marimekko Oyj posted a net profit of 7.99 mln euro $ 10.4 mln for 2006 , compared to 8.4 mln euro $ 10.9 mln for 2005 ."
"Finnish power supply solutions and systems provider Efore Oyj said its net loss widened to 3.2 mln euro $ 4.2 mln for the first quarter of fiscal 2006-2007 ending October 31 , 2007 from 900,000 euro $ 1.2 mln for the same period of fiscal 2005-06 .",0,"Finnish power supply solutions and systems provider Efore Oyj said its net loss widened to 3.2 mln euro $ 4.2 mln for the first quarter of fiscal 2006-2007 ending October 31 , 2007 from 900,000 euro $ 1.2 mln for the same period of fiscal 2005-06 ."
"Many of the commercial vessels had got stuck in the narrow Bay of Bothnia , where the ice is thicker , and around the Aaland islands .",0,"Many of the commercial vessels had got stuck in the narrow Bay of Bothnia , where the ice is thicker , and around the Aaland islands ."
"Pretax profit rose to EUR 1,019 mn from EUR 1,007 in the corresponding period in 2005 .",2,"Pretax profit rose to EUR 1,019 mn from EUR 1,007 in the corresponding period in 2005 ."
National sponsors for The Big Read include National Endowment for the Arts in cooperation with the Institute of Museum and Library Services and Arts Midwest .,1,National sponsors for The Big Read include National Endowment for the Arts in cooperation with the Institute of Museum and Library Services and Arts Midwest .
"Several large stocks tacked lower , however .",0,"Several large stocks tacked lower , however ."
The fair value of the company 's investment properties grew to EUR 2.803 billion at the end of March 2009 from EUR 2.691 million a year ago .,2,The fair value of the company 's investment properties grew to EUR 2.803 billion at the end of March 2009 from EUR 2.691 million a year ago .
EUR 220 million of the transaction consideration was paid in the form of four-year interest-bearing vendor notes .,1,EUR 220 million of the transaction consideration was paid in the form of four-year interest-bearing vendor notes .
"The company designs and manufactures high-quality clothing , interior decoration textiles , bags , and other accessories .",1,"The company designs and manufactures high-quality clothing , interior decoration textiles , bags , and other accessories ."
Aspo 's Group structure and business operations are developed persistently without any predefined schedules .,1,Aspo 's Group structure and business operations are developed persistently without any predefined schedules .
The fair value of the company 's investment properties went down to EUR 2.768 billion at the end of 2009 from EUR 2.916 billion a year earlier .,0,The fair value of the company 's investment properties went down to EUR 2.768 billion at the end of 2009 from EUR 2.916 billion a year earlier .
"However , two of the previously ordered sets will start producing electricity at the end of October 2010 , it said .",1,"However , two of the previously ordered sets will start producing electricity at the end of October 2010 , it said ."
Solteq Plc ANNOUNCEMENT 16.12.2010 SHARE REPURCHASE 16.12.2010 In the Helsinki Stock Exchange Solteq Plc now holds a total of 486.969 shares including the shares repurchased on 16.12.2010 .,1,Solteq Plc ANNOUNCEMENT 16.12.2010 SHARE REPURCHASE 16.12.2010 In the Helsinki Stock Exchange Solteq Plc now holds a total of 486.969 shares including the shares repurchased on 16.12.2010 .
"29 September , 2010 Finnish waste management and recycling company Lassila & Tikanoja expands its operations in Russia by introducing its recently completed recycling plant in the city of Dubna near Moscow .",2,"29 September , 2010 Finnish waste management and recycling company Lassila & Tikanoja expands its operations in Russia by introducing its recently completed recycling plant in the city of Dubna near Moscow ."
"Swedish telco TeliaSonera is teaming up with Friends , a Swedish organization against bullying , to fight bullying of children and teenagers via electronic channels .",1,"Swedish telco TeliaSonera is teaming up with Friends , a Swedish organization against bullying , to fight bullying of children and teenagers via electronic channels ."
"comparable operating profit totaled EUR 854mn , up from EUR 730mn in 2004 .",2,"comparable operating profit totaled EUR 854mn , up from EUR 730mn in 2004 ."
"As a result of the cancellation , the maximum increase of Citycon 's share capital on the basis of the convertible bonds decreased from EUR 23,383,927.80 to EUR 22,901,784.75 .",1,"As a result of the cancellation , the maximum increase of Citycon 's share capital on the basis of the convertible bonds decreased from EUR 23,383,927.80 to EUR 22,901,784.75 ."
"The figure includes the change in the fair value of the property portfolio , EUR 26.2 million .",1,"The figure includes the change in the fair value of the property portfolio , EUR 26.2 million ."
"Recovery has been evident in the liquid handling business , particularly in areas outside Europe and primarily in North America and Asia .",2,"Recovery has been evident in the liquid handling business , particularly in areas outside Europe and primarily in North America and Asia ."
"HK Ruokatalo now accounts for about 50 % of poultry sales in Finland , and profitability is at a good level .",2,"HK Ruokatalo now accounts for about 50 % of poultry sales in Finland , and profitability is at a good level ."
"To see more of New Haven Register , or to subscribe to the newspaper .",1,"To see more of New Haven Register , or to subscribe to the newspaper ."
The new name of the Sanoma Division will be Sanoma News .,1,The new name of the Sanoma Division will be Sanoma News .
"Finnish security and privacy software solutions developer Stonesoft Oyj said on January 7 , 2008 that the preliminary sales of its StoneGate products grew by 59 pct year-on-year to 3.6 mln euro ( $ 5.3 mln ) for the fourth quarter of 2007 .",2,"Finnish security and privacy software solutions developer Stonesoft Oyj said on January 7 , 2008 that the preliminary sales of its StoneGate products grew by 59 pct year-on-year to 3.6 mln euro ( $ 5.3 mln ) for the fourth quarter of 2007 ."
"The new Kroksberg railway tunnel will be built on a new section of track between Harnosand and Veda , forming part of the line that follows the coast of the Gulf of Bothnia .",1,"The new Kroksberg railway tunnel will be built on a new section of track between Harnosand and Veda , forming part of the line that follows the coast of the Gulf of Bothnia ."
"U.S.-based T Corp. is in talks with Scandinavian telecoms company TeliaSonera to sell its stake in Uzbek cellular operator Coscom , an executive at Coscom told Interfax .",1,"U.S.-based T Corp. is in talks with Scandinavian telecoms company TeliaSonera to sell its stake in Uzbek cellular operator Coscom , an executive at Coscom told Interfax ."
"In the financial statement for the first quarter of 2010 , Tikkurila is reported under discontinued operations .",1,"In the financial statement for the first quarter of 2010 , Tikkurila is reported under discontinued operations ."
The contracts comprise turnkey orders for RoRo systems for two RoRo-cruise vessels under construction for Viking Line and Tallink .,1,The contracts comprise turnkey orders for RoRo systems for two RoRo-cruise vessels under construction for Viking Line and Tallink .
The ongoing project where Tekla Structures is being used is the Vashi Exhibition Centre being developed by Insteel Engineers Pvt Ltd-IIVRCL Infrastructures & Projects Ltd & CIDCO .,1,The ongoing project where Tekla Structures is being used is the Vashi Exhibition Centre being developed by Insteel Engineers Pvt Ltd-IIVRCL Infrastructures & Projects Ltd & CIDCO .
"The order includes a steel frame , load-bearing roof structures and partition wall elements , and Rautaruukki said it expects to complete installation as early as May next year .",1,"The order includes a steel frame , load-bearing roof structures and partition wall elements , and Rautaruukki said it expects to complete installation as early as May next year ."
"The planned facility , estimated to cost around $ 814 million , would be the largest biodiesel plant in the world , and use palm oil certified by the Roundtable on Sustainable Palm Oil ( RSPO ) .",2,"The planned facility , estimated to cost around $ 814 million , would be the largest biodiesel plant in the world , and use palm oil certified by the Roundtable on Sustainable Palm Oil ( RSPO ) ."
Protalix is developing genetically engineered proteins from plant cells .,1,Protalix is developing genetically engineered proteins from plant cells .
Operating profit fell to EUR 20.3 mn from EUR 74.2 mn in the second quarter of 2008 .,0,Operating profit fell to EUR 20.3 mn from EUR 74.2 mn in the second quarter of 2008 .
"Finnish Metso Paper has been awarded a contract for the rebuild of Sabah Forest Industries ' ( SFI ) pulp mill in Sabah , Malaysia .",2,"Finnish Metso Paper has been awarded a contract for the rebuild of Sabah Forest Industries ' ( SFI ) pulp mill in Sabah , Malaysia ."
"Salcomp 's charger manufacturing plant in India is located in the Nokia Telecom Park in the state of Tamil Nadu , in the eastern part of India .",1,"Salcomp 's charger manufacturing plant in India is located in the Nokia Telecom Park in the state of Tamil Nadu , in the eastern part of India ."
"Exel Composites ' long-term growth prospects remain favourable , however .",2,"Exel Composites ' long-term growth prospects remain favourable , however ."
"`` This is a significant milestone for Benefon , helping us to secure critical USP 's for our personal navigation product roadmap for 2007 and beyond , '' commented Simon Button , Chief Technology Officer at Benefon .",2,"`` This is a significant milestone for Benefon , helping us to secure critical USP 's for our personal navigation product roadmap for 2007 and beyond , '' commented Simon Button , Chief Technology Officer at Benefon ."
"The period 's sales dropped to EUR 30.6 million from EUR 38.3 million , according to the interim report , released today .",0,"The period 's sales dropped to EUR 30.6 million from EUR 38.3 million , according to the interim report , released today ."
News Corp. 's MySpace.com Web site will display submissions for the expanded Broadband Emmy Awards as part of an effort to identify aspiring video artists .,1,News Corp. 's MySpace.com Web site will display submissions for the expanded Broadband Emmy Awards as part of an effort to identify aspiring video artists .
"France T+®l+®com spent more time studying TeliaSonera than other potential takeover targets because it has a shareholder that wants to sell , Pellissier said .",1,"France T+®l+®com spent more time studying TeliaSonera than other potential takeover targets because it has a shareholder that wants to sell , Pellissier said ."
"Section : Regional News - The demand in Finnair 's Asian traffic , measured in passenger kilometers , was up 34.9 % in August compare to last year .",2,"Section : Regional News - The demand in Finnair 's Asian traffic , measured in passenger kilometers , was up 34.9 % in August compare to last year ."
"So far , Mr. Galvan he has been able to avoid laying off workers .",2,"So far , Mr. Galvan he has been able to avoid laying off workers ."
Customers include hotels and restaurants as well as wholesalers and some retailers .,1,Customers include hotels and restaurants as well as wholesalers and some retailers .
"ADPnews - Jul 17 , 2009 - Finland-based steel maker Rautaruukki Oyj Ruukki HEL : RTRKS said today it slipped to a net loss of EUR 184 million USD 259.7 m for the first half of 2009 from a net profit of EUR 2",0,"ADPnews - Jul 17 , 2009 - Finland-based steel maker Rautaruukki Oyj Ruukki HEL : RTRKS said today it slipped to a net loss of EUR 184 million USD 259.7 m for the first half of 2009 from a net profit of EUR 2"
"HELSINKI ( AFX ) - Metso said it will upgrade one of UPM-Kymmene 's four paper machines at the latter 's mill in Jaemsaenkoski with a new coating color supply system , machine and process controls and quality measurements .",2,"HELSINKI ( AFX ) - Metso said it will upgrade one of UPM-Kymmene 's four paper machines at the latter 's mill in Jaemsaenkoski with a new coating color supply system , machine and process controls and quality measurements ."
"ISMS does not disclose its financial results , the daily said .",1,"ISMS does not disclose its financial results , the daily said ."
The secondary antenna can also be used for reception of the high power signal of the radar to calibrate the transmission channels of the radar . '',1,The secondary antenna can also be used for reception of the high power signal of the radar to calibrate the transmission channels of the radar . ''
"Furthermore , our fully electrically driven cranes are environmentally friendly .",2,"Furthermore , our fully electrically driven cranes are environmentally friendly ."
The customer is local company Etera Mutual Pension Insurance Co and the principal tenant of the unit will be media company Alma Media Corp HEL : ALN1V .,1,The customer is local company Etera Mutual Pension Insurance Co and the principal tenant of the unit will be media company Alma Media Corp HEL : ALN1V .
The adjustments concern staff in both the Specialty Papers and the Fiber Composites segments .,1,The adjustments concern staff in both the Specialty Papers and the Fiber Composites segments .
"The aim of the CEO 's Q&A sessions is to give further clarity on information , which has been made public already earlier .",1,"The aim of the CEO 's Q&A sessions is to give further clarity on information , which has been made public already earlier ."
Delivery is due in the second half of 2011 .,1,Delivery is due in the second half of 2011 .
The total amount of subscription prices was recorded in the fund for invested non-restricted equity .,1,The total amount of subscription prices was recorded in the fund for invested non-restricted equity .
"Nevertheless , the development can not be allowed to ruin the print newspaper , which continues to be Sanoma News ' main medium .",1,"Nevertheless , the development can not be allowed to ruin the print newspaper , which continues to be Sanoma News ' main medium ."
"Products include Consumer Electronics devices such as mobile phones and their accessories , set-top boxes , flat panel TVs as well as System Solutions products such as infrastructure systems , modules and other industrial segment products .",1,"Products include Consumer Electronics devices such as mobile phones and their accessories , set-top boxes , flat panel TVs as well as System Solutions products such as infrastructure systems , modules and other industrial segment products ."
"Revenue grew by 2 percent to  x20ac 580 million $ 743 million , from  x20ac 569 million .",2,"Revenue grew by 2 percent to x20ac 580 million $ 743 million , from x20ac 569 million ."
"In the second quarter of 2010 , the group 's net profit rose to EUR3 .1 m from EUR2 .5 m in April-June 2009 .",2,"In the second quarter of 2010 , the group 's net profit rose to EUR3 .1 m from EUR2 .5 m in April-June 2009 ."
"The fair value of the investment properties totaled EUR 2,534.9 mn , up from EUR 2,455.1 mn in 2006 .",2,"The fair value of the investment properties totaled EUR 2,534.9 mn , up from EUR 2,455.1 mn in 2006 ."
Nordic Walking was first used as a summer training method by cross-country skiers .,1,Nordic Walking was first used as a summer training method by cross-country skiers .
Finnish cutlery and hand tools maker Fiskars Oyj Abp ( HEL : FISAS ) said today its net profit rose to EUR 24.1 million ( USD 33.6 m ) in the third quarter of 2010 from EUR 17.9 million a year earlier .,2,Finnish cutlery and hand tools maker Fiskars Oyj Abp ( HEL : FISAS ) said today its net profit rose to EUR 24.1 million ( USD 33.6 m ) in the third quarter of 2010 from EUR 17.9 million a year earlier .
The deliveries started in April 2006 and will be completed in 2007 .,1,The deliveries started in April 2006 and will be completed in 2007 .
NASDAQ-listed Yahoo Inc has introduced a new service that enables Malaysians to take their favorite Internet content and services with them on their mobile phones .,2,NASDAQ-listed Yahoo Inc has introduced a new service that enables Malaysians to take their favorite Internet content and services with them on their mobile phones .
"Last July , the group said it intended to relocate warehouse and office space in Loudeac and Saint Marcel to Morvillars , in the east of France , where it already operates a hook manufacturing and distribution unit .",1,"Last July , the group said it intended to relocate warehouse and office space in Loudeac and Saint Marcel to Morvillars , in the east of France , where it already operates a hook manufacturing and distribution unit ."
"Finnish property investor Sponda said it has agreed a 100 mln eur , five-year mln credit facility with Swedbank and a 50 mln eur , seven-year facility with OKO Bank .",1,"Finnish property investor Sponda said it has agreed a 100 mln eur , five-year mln credit facility with Swedbank and a 50 mln eur , seven-year facility with OKO Bank ."
"Viking will pay EUR 130 million for the new ship , which will be completed in January 2008 .",1,"Viking will pay EUR 130 million for the new ship , which will be completed in January 2008 ."
The company said that it has agreed to a EUR160m unsecured credit line from lenders .,1,The company said that it has agreed to a EUR160m unsecured credit line from lenders .
Rimi supermarket is the key customer in Magistral center .,1,Rimi supermarket is the key customer in Magistral center .
"The Estonian electronic components factory , Elcoteq , is running out of material because of the closure of air traffic .",0,"The Estonian electronic components factory , Elcoteq , is running out of material because of the closure of air traffic ."
The board of directors also proposed that a dividend of EUR0 .20 per outstanding share be paid .,1,The board of directors also proposed that a dividend of EUR0 .20 per outstanding share be paid .
The total capacity of the factory will be approximately 100 engines a year .,1,The total capacity of the factory will be approximately 100 engines a year .
Metso will supply the equipment for two process lines at Northland Resources ' new Kaunisvaara iron ore project in Sweden which exploits Tapuli and Sahavaara iron ore deposits .,2,Metso will supply the equipment for two process lines at Northland Resources ' new Kaunisvaara iron ore project in Sweden which exploits Tapuli and Sahavaara iron ore deposits .
"Taking a cue from the playbook of the East Dillon Lions , we 've created a special team of heavy-hitting style players , such as boot-cut jeans , tummy tops and , of course , cowboy boots .",1,"Taking a cue from the playbook of the East Dillon Lions , we 've created a special team of heavy-hitting style players , such as boot-cut jeans , tummy tops and , of course , cowboy boots ."
Finnair was able to operate most of its leisure flights despite the strike .,2,Finnair was able to operate most of its leisure flights despite the strike .
"According to him , construction work will start in spring 2007 , and the facility is to be commissioned in spring 2008 .",1,"According to him , construction work will start in spring 2007 , and the facility is to be commissioned in spring 2008 ."
"s business sectors are building construction , infrastructure construction and technical building services .",1,"s business sectors are building construction , infrastructure construction and technical building services ."
"Destia Oy is a Finnish infrastructure and construction service company building , maintaining and designing traffic routes , industrial and traffic environments , but also complete living environments .",1,"Destia Oy is a Finnish infrastructure and construction service company building , maintaining and designing traffic routes , industrial and traffic environments , but also complete living environments ."
"Together with Latvia , Cramo will operate 54 rental outlets in the Baltic States .",1,"Together with Latvia , Cramo will operate 54 rental outlets in the Baltic States ."
Swedbank 's shares have been hardest hit of the Swedish banks by the ongoing international financial crisis .,0,Swedbank 's shares have been hardest hit of the Swedish banks by the ongoing international financial crisis .
The report will be emailed within 2 business days of an order .,1,The report will be emailed within 2 business days of an order .
"When the situation normalises , the company will be able to increase the amount of residential units for sale in St Petersburg and Moscow , in particular .",2,"When the situation normalises , the company will be able to increase the amount of residential units for sale in St Petersburg and Moscow , in particular ."
"GUANGDONG , October 26 , SinoCast -- Nokia Telecommunications Dongguan branch entered into a letter of intent to open a Nokia Class in Qingyuan Polytechnic , Qingyuan City of Guangdong Province .",1,"GUANGDONG , October 26 , SinoCast -- Nokia Telecommunications Dongguan branch entered into a letter of intent to open a Nokia Class in Qingyuan Polytechnic , Qingyuan City of Guangdong Province ."
"Componenta has production lines for similar-sized products at Karkkila in Finland , at Weert in the Netherlands and at Orhangazi in Turkey , and these had a combined output of approximately 100,000 tonnes and net sales of EUR 135 million in 2007 .",1,"Componenta has production lines for similar-sized products at Karkkila in Finland , at Weert in the Netherlands and at Orhangazi in Turkey , and these had a combined output of approximately 100,000 tonnes and net sales of EUR 135 million in 2007 ."
"Complete name of shareholder : Otto Henrik Bernhard Nyberg For further information , please contact Maija-Liisa Friman , CEO , tel. +358 9 7597 0711 .",1,"Complete name of shareholder : Otto Henrik Bernhard Nyberg For further information , please contact Maija-Liisa Friman , CEO , tel. +358 9 7597 0711 ."
"The contract includes design , construction , delivery of equipment , installation and commissioning .",1,"The contract includes design , construction , delivery of equipment , installation and commissioning ."
"Key reasons to read this report : - Report contains only relevant information , leaving out excessive data .",1,"Key reasons to read this report : - Report contains only relevant information , leaving out excessive data ."
The company reported today an operating loss of EUR0 .1 m on net sales of EUR4 .5 m for the first quarter 2008 .,0,The company reported today an operating loss of EUR0 .1 m on net sales of EUR4 .5 m for the first quarter 2008 .
Finnish food industry companies HK Ruokatalo and Atria will form a joint venture company called L+ñnsi-Kalkkuna to produce turkey meat .,2,Finnish food industry companies HK Ruokatalo and Atria will form a joint venture company called L+ñnsi-Kalkkuna to produce turkey meat .
The value of the orders is about EUR 25mn .,1,The value of the orders is about EUR 25mn .
"The add-on order contains , among others , control valves and instrumentation as well as complete mill engineering and electrification with Metso drive controls .",1,"The add-on order contains , among others , control valves and instrumentation as well as complete mill engineering and electrification with Metso drive controls ."
"In 2007 , Etteplan had turnover of EUR125 .2 m.",1,"In 2007 , Etteplan had turnover of EUR125 .2 m."
The following information was released by Comptel : Tomorrow the Chairman of the Federal Communications Commission is scheduled to deliver the National Broadband Plan to Congress .,1,The following information was released by Comptel : Tomorrow the Chairman of the Federal Communications Commission is scheduled to deliver the National Broadband Plan to Congress .
"Sales are expected to increase in the end of the year 2006 , however .",2,"Sales are expected to increase in the end of the year 2006 , however ."
"( ADP News ) - Feb 4 , 2009 - Finnish broadband data communication systems and solutions company Teleste Oyj ( HEL : TLT1V ) said today its net profit decreased to EUR 5.5 million ( USD 7.2 m ) for 2008 from EUR 9.4 million for 200",0,"( ADP News ) - Feb 4 , 2009 - Finnish broadband data communication systems and solutions company Teleste Oyj ( HEL : TLT1V ) said today its net profit decreased to EUR 5.5 million ( USD 7.2 m ) for 2008 from EUR 9.4 million for 200"
Finnish metal industry solutions supplier Outotec Oyj net profit rose to 50.4 mln euro ( $ 72.5 mln ) for the first nine months of 2007 from 20.1 mln euro ( $ 28.9 mln ) for the same period of 2006 .,2,Finnish metal industry solutions supplier Outotec Oyj net profit rose to 50.4 mln euro ( $ 72.5 mln ) for the first nine months of 2007 from 20.1 mln euro ( $ 28.9 mln ) for the same period of 2006 .
European traffic grew nearly 30 % .,2,European traffic grew nearly 30 % .
What we think ?,1,What we think ?
He joined Rautakirja in 1997 to lead one of its four business areas and took up the position of President and CEO in 2001 .,1,He joined Rautakirja in 1997 to lead one of its four business areas and took up the position of President and CEO in 2001 .
"CDP was established on the initiative of institutional investors ; however , the annually published results also interest an increasing number of customers and other interest groups of the reporting companies .",1,"CDP was established on the initiative of institutional investors ; however , the annually published results also interest an increasing number of customers and other interest groups of the reporting companies ."
Finnish Cargotec has been awarded a significant order for a total of 292 Hiab loader cranes by BAE Systems in the US .,2,Finnish Cargotec has been awarded a significant order for a total of 292 Hiab loader cranes by BAE Systems in the US .
Lean System supports change management and component purchasing extremely well .,2,Lean System supports change management and component purchasing extremely well .
"If needed , she provides also further information on ferry connections and hotels .",1,"If needed , she provides also further information on ferry connections and hotels ."
Oriola-KD expects its invoicing in 2008 to be higher than the comparable invoicing of 2007 .,2,Oriola-KD expects its invoicing in 2008 to be higher than the comparable invoicing of 2007 .
"2009 3 February 2010 - Finland-based steel maker Rautaruukki Oyj ( HEL : RTRKS ) , or Ruukki , said today it slipped to a larger-than-expected pretax loss of EUR46m in the fourth quarter of 2009 from a year-earlier profit of EUR45m .",0,"2009 3 February 2010 - Finland-based steel maker Rautaruukki Oyj ( HEL : RTRKS ) , or Ruukki , said today it slipped to a larger-than-expected pretax loss of EUR46m in the fourth quarter of 2009 from a year-earlier profit of EUR45m ."
"The company had net sales of EUR 10.8 million in 2008 , and today has approximately 120 employees in Finland , Estonia and Poland .",1,"The company had net sales of EUR 10.8 million in 2008 , and today has approximately 120 employees in Finland , Estonia and Poland ."
"The restructuring creates a more efficient organization with increased operational focus and stable profitability , and leads to more efficient production , said Bo Annvik , head of Specialty Stainless .",2,"The restructuring creates a more efficient organization with increased operational focus and stable profitability , and leads to more efficient production , said Bo Annvik , head of Specialty Stainless ."
"The Samsung Mobile Applications Store was launched in January 2009 by Samsung Mobile Innovator , a program which enables mobile software developers to create applications for use across Samsung mobile devices .",1,"The Samsung Mobile Applications Store was launched in January 2009 by Samsung Mobile Innovator , a program which enables mobile software developers to create applications for use across Samsung mobile devices ."
"The company intends to launch housing development at the acquired land plots and to construct 50,000-60 ,000 square metres of housing per annum by 2011 .",1,"The company intends to launch housing development at the acquired land plots and to construct 50,000-60 ,000 square metres of housing per annum by 2011 ."
"SysOpen Digia Plc , Press release , 7 February 2006 IBM Finland has rewarded its most distinguished partner companies for 2005 .",2,"SysOpen Digia Plc , Press release , 7 February 2006 IBM Finland has rewarded its most distinguished partner companies for 2005 ."
"As a result , the Russia 's import restrictions on Finnish dairy companies will be canceled on 6 August 2010 .",2,"As a result , the Russia 's import restrictions on Finnish dairy companies will be canceled on 6 August 2010 ."
"In 2010 , the Marimekko Group s net sales were EUR 73,297 thousand ( EUR 72,473 thousand ) and operating profit was EUR 8,169 thousand ( EUR 6,291 thousand ) .",1,"In 2010 , the Marimekko Group s net sales were EUR 73,297 thousand ( EUR 72,473 thousand ) and operating profit was EUR 8,169 thousand ( EUR 6,291 thousand ) ."
"They are responsible for their own operations , customer relationships , and the development of these .",1,"They are responsible for their own operations , customer relationships , and the development of these ."
"Economic development in China is no longer taking place only on the East coast and in the Shanghai area , Vauramo says .",1,"Economic development in China is no longer taking place only on the East coast and in the Shanghai area , Vauramo says ."
"The new office , located in Shenzhen , will strengthen Vaisala 's already 10-year old presence in China .",2,"The new office , located in Shenzhen , will strengthen Vaisala 's already 10-year old presence in China ."
"The devices would be launched in the Chinese market in late 2006 , the company said .",1,"The devices would be launched in the Chinese market in late 2006 , the company said ."
All Amer Sports companies develop and manufacture technically advanced products that improve the performance of active sports participants .,1,All Amer Sports companies develop and manufacture technically advanced products that improve the performance of active sports participants .
"The company has decided to stop the operations of Ruukki Construction Division in Latvia and Lithuania , and concentrate the production and logistics in Parnu , Estonia in 2009 .",1,"The company has decided to stop the operations of Ruukki Construction Division in Latvia and Lithuania , and concentrate the production and logistics in Parnu , Estonia in 2009 ."
The company said that its comparable operating profit for the January-June period fell short of last year 's corresponding performance .,0,The company said that its comparable operating profit for the January-June period fell short of last year 's corresponding performance .
It also turned to earnings per share ( EPS ) of EUR 0.08 versus loss per share of EUR 0.04 .,2,It also turned to earnings per share ( EPS ) of EUR 0.08 versus loss per share of EUR 0.04 .
"The repayment of EUR 105 million debenture bonds is related to the Company 's previous announcement on October 21 , 2009 to collect irrevocable selling commitments from the holders of its subordinated debenture bonds .",1,"The repayment of EUR 105 million debenture bonds is related to the Company 's previous announcement on October 21 , 2009 to collect irrevocable selling commitments from the holders of its subordinated debenture bonds ."
The shares represented 4.998 % of total share capital and 2.14 % of total voting rights .,1,The shares represented 4.998 % of total share capital and 2.14 % of total voting rights .
"( ADP News ) - Nov 28 , 2008 - Finnish power-supply solutions provider Efore Oyj ( OMX : EFO1V ) announced today the launch of OPUS DC , the latest power system in its OPUS product line .",2,"( ADP News ) - Nov 28 , 2008 - Finnish power-supply solutions provider Efore Oyj ( OMX : EFO1V ) announced today the launch of OPUS DC , the latest power system in its OPUS product line ."
Juha Haapakoski will continue as Editor-in-Chief with budget responsibility also with the new publisher .,1,Juha Haapakoski will continue as Editor-in-Chief with budget responsibility also with the new publisher .
Satama 's net sales would be higher than the year before .,2,Satama 's net sales would be higher than the year before .
"Finnish lifting equipment maker Kone Oyj said on October 4 , 2007 it won an order worth 15 mln euro $ 21.2 mln to deliver a total of 53 custom designed elevators to Norwegian shipbuilder Aker Yards ASA .",2,"Finnish lifting equipment maker Kone Oyj said on October 4 , 2007 it won an order worth 15 mln euro $ 21.2 mln to deliver a total of 53 custom designed elevators to Norwegian shipbuilder Aker Yards ASA ."
Coffee will be served starting at 14:30 EET as well as after the event .,1,Coffee will be served starting at 14:30 EET as well as after the event .
The machinery now ordered will be placed in a new mill with an annual production capacity of 40 000 m3 of overlaid birch plywood .,1,The machinery now ordered will be placed in a new mill with an annual production capacity of 40 000 m3 of overlaid birch plywood .
"The number of class A shares remains unchanged at 9,526,089 shares .",1,"The number of class A shares remains unchanged at 9,526,089 shares ."
The trucks feature an Eco Drive system - a fuel measuring tool which stores data particular to individual drivers .,1,The trucks feature an Eco Drive system - a fuel measuring tool which stores data particular to individual drivers .
"I can say categorically , no , ' Wahlroos was quoted as saying by the paper , when asked about Sampo 's interest in making a bid for RSA .",1,"I can say categorically , no , ' Wahlroos was quoted as saying by the paper , when asked about Sampo 's interest in making a bid for RSA ."
Investments in product development stood at 6.0 mln euro ( $ 8.8 mln ) .,1,Investments in product development stood at 6.0 mln euro ( $ 8.8 mln ) .
"MILAN ( AFX ) - The Italian shipping group Grimaldi has increased its stake in the Finnish company Finnlines to 35.4 pct from the 30.5 pct held in June , according to news agency ANSA .",1,"MILAN ( AFX ) - The Italian shipping group Grimaldi has increased its stake in the Finnish company Finnlines to 35.4 pct from the 30.5 pct held in June , according to news agency ANSA ."
"Finnish GeoSentric 's net sales decreased to EUR 939,000 in January-March 2009 .",0,"Finnish GeoSentric 's net sales decreased to EUR 939,000 in January-March 2009 ."
The manufacturing will begin in Pietarsaari in the beginning of the year 2009 and the delivery will take place in October 2009 .,1,The manufacturing will begin in Pietarsaari in the beginning of the year 2009 and the delivery will take place in October 2009 .
QPR product family is fully compatible with Microsoft 's Windows 7 operating system .,1,QPR product family is fully compatible with Microsoft 's Windows 7 operating system .
Border Guard Service has banned the mooring of the company car-shipping ferry on its test travel at the railroad-car terminal of the Russian port as the border checkpoint is not yet ready .,0,Border Guard Service has banned the mooring of the company car-shipping ferry on its test travel at the railroad-car terminal of the Russian port as the border checkpoint is not yet ready .
"A purchase agreement for 7,200 tons of gasoline with delivery at the Hamina terminal , Finland , was signed with Neste Oil OYj at the average Platts index for this September plus eight US dollars per month .",2,"A purchase agreement for 7,200 tons of gasoline with delivery at the Hamina terminal , Finland , was signed with Neste Oil OYj at the average Platts index for this September plus eight US dollars per month ."
Sales increased due to growing market rates and increased operations .,2,Sales increased due to growing market rates and increased operations .
"Kaupthing forecasts that Finnish-Swedish Stora Enso will close its mill in Reisholz , in Germany .",1,"Kaupthing forecasts that Finnish-Swedish Stora Enso will close its mill in Reisholz , in Germany ."
Completion of the transaction is subject to a final agreement and a Due Diligence process .,1,Completion of the transaction is subject to a final agreement and a Due Diligence process .
"Of these shares 29,659,239 are held by the Company or its group companies and the number of outstanding shares and voting rights attached to the shares thus amounts to 322,705,218 .",1,"Of these shares 29,659,239 are held by the Company or its group companies and the number of outstanding shares and voting rights attached to the shares thus amounts to 322,705,218 ."
Exel wants to serve its industrial customers with individual products .,1,Exel wants to serve its industrial customers with individual products .
Finnish KCI Konecranes has been awarded an order for four hot metal ladle cranes by Indian steel producer Bhushan Steel & Strips to be delivered in 2007 .,2,Finnish KCI Konecranes has been awarded an order for four hot metal ladle cranes by Indian steel producer Bhushan Steel & Strips to be delivered in 2007 .
Rapala estimates its net sales for 2008 will increase by between 8.0 pct and 12 pct assuming 2007 exchange rates .,2,Rapala estimates its net sales for 2008 will increase by between 8.0 pct and 12 pct assuming 2007 exchange rates .
"The fourth quarter saw Rapala swing back to a pretax profit of 1.5 mln eur from a year earlier loss of 1.2 mln on the back of a 30 pct uplift in sales to 44.8 mln eur , and a stronger performance in North America .",2,"The fourth quarter saw Rapala swing back to a pretax profit of 1.5 mln eur from a year earlier loss of 1.2 mln on the back of a 30 pct uplift in sales to 44.8 mln eur , and a stronger performance in North America ."
"Net income from life insurance rose to EUR 16.5 mn from EUR 14.0 mn , and net income from non-life insurance to EUR 22.6 mn from EUR 15.2 mn in 2009 .",2,"Net income from life insurance rose to EUR 16.5 mn from EUR 14.0 mn , and net income from non-life insurance to EUR 22.6 mn from EUR 15.2 mn in 2009 ."
Aspocomp has repaid its interest bearing liability to Standard Chartered Bank and will use the rest of the consideration to partially repay its interest bearing liabilities in Finland and to improve its liquidity .,2,Aspocomp has repaid its interest bearing liability to Standard Chartered Bank and will use the rest of the consideration to partially repay its interest bearing liabilities in Finland and to improve its liquidity .
"The company is headquartered in Sievi , Finland , and is listed on the Nordic Exchange in Helsinki .",1,"The company is headquartered in Sievi , Finland , and is listed on the Nordic Exchange in Helsinki ."
"Only L+ñnnen Tehtaat showed a loss , but it has only recently started streamlining measures .",1,"Only L+ñnnen Tehtaat showed a loss , but it has only recently started streamlining measures ."
"The money will be spread mainly over 2011 and 2012 , the company said .",1,"The money will be spread mainly over 2011 and 2012 , the company said ."
The subscription period of Amer Sports ' 2002 warrant scheme will end on 31 December 2007 .,1,The subscription period of Amer Sports ' 2002 warrant scheme will end on 31 December 2007 .
"The transaction is subject to a final agreement between the parties , approvals of their decision-making bodies and approval by the Finnish Competition Authority .",1,"The transaction is subject to a final agreement between the parties , approvals of their decision-making bodies and approval by the Finnish Competition Authority ."
"`` With this agreement , we can continue our good cooperationand at the same time release capital that has been tied up in ourmachinery operation .",2,"`` With this agreement , we can continue our good cooperationand at the same time release capital that has been tied up in ourmachinery operation ."
Uponor improved its performance in spite of the decrease in residential construction in the US .,2,Uponor improved its performance in spite of the decrease in residential construction in the US .
The solution will be installed in the USA to support the North American operations of the customer .,1,The solution will be installed in the USA to support the North American operations of the customer .
"First Industrial will seek LEED designation for Uponor 's new building and a 282,000 square-foot speculative distribution center at First Park Lakeville .",1,"First Industrial will seek LEED designation for Uponor 's new building and a 282,000 square-foot speculative distribution center at First Park Lakeville ."
"The outsourcing agreement , which covers equipment and depots in Turku and Tampere , will run for five years , Cramo said on Thursday .",1,"The outsourcing agreement , which covers equipment and depots in Turku and Tampere , will run for five years , Cramo said on Thursday ."
A total 30 % of the order value was booked in the fourth quarter of 2009 and the remainder will be booked in the second quarter of 2010 .,1,A total 30 % of the order value was booked in the fourth quarter of 2009 and the remainder will be booked in the second quarter of 2010 .
"The dividend is payable on February 1 , 2010 to shareholders of record on January 19 , 2010 .",1,"The dividend is payable on February 1 , 2010 to shareholders of record on January 19 , 2010 ."
The group reiterated its forecast that handset manufacturers will sell around 915 mln units this year globally .,1,The group reiterated its forecast that handset manufacturers will sell around 915 mln units this year globally .
An audio webcast will be available live and archived on Cerner 's Web site at www.cerner.com .,1,An audio webcast will be available live and archived on Cerner 's Web site at www.cerner.com .
"Janis Arbidans , CEO of YIT Celtnieciba , said the company was focusing on housing and real estate development market .",1,"Janis Arbidans , CEO of YIT Celtnieciba , said the company was focusing on housing and real estate development market ."
"Operating profit totalled EUR 0.4 mn , up from an operating loss of EUR 0.8 mn year-on-year .",2,"Operating profit totalled EUR 0.4 mn , up from an operating loss of EUR 0.8 mn year-on-year ."
"`` The biggest challenge was to make the piece look raw , '' Hansen said .",1,"`` The biggest challenge was to make the piece look raw , '' Hansen said ."
"The total value of the project is about EUR53m , including the plots that will be transferred to Atria .",1,"The total value of the project is about EUR53m , including the plots that will be transferred to Atria ."
"Talentum expects that the net sales of its core business will increase in 2008 , compared to 2007 .",2,"Talentum expects that the net sales of its core business will increase in 2008 , compared to 2007 ."
YIT says the acquisition is a part of its strategy for expansion in Central and Eastern European markets .,2,YIT says the acquisition is a part of its strategy for expansion in Central and Eastern European markets .
"In 2006 , 452 million tonnes CO2 of EUA ( EU Allowance ; emissions credit in EU ) was traded with an underlying market value approx .",1,"In 2006 , 452 million tonnes CO2 of EUA ( EU Allowance ; emissions credit in EU ) was traded with an underlying market value approx ."
The contract includes an option to deliver an additional 75 ASCs in the next phases of the project .,1,The contract includes an option to deliver an additional 75 ASCs in the next phases of the project .
"Continuing operations turned an operating loss of EUR 0.1 mn , a slight improvement from a loss of EUR 0.2 mn a year earlier .",2,"Continuing operations turned an operating loss of EUR 0.1 mn , a slight improvement from a loss of EUR 0.2 mn a year earlier ."
Operating profit improved to EUR 20.3 mn from EUR 11.4 mn .,2,Operating profit improved to EUR 20.3 mn from EUR 11.4 mn .
Country : ; Germany Sector : Construction-Real Estate ; Machinery-Engineering Target : Caverion GmbH Buyer : YIT Oyj Deal size in USD : 90.3 m Type : Corporate acquisition Status : Agreed,1,Country : ; Germany Sector : Construction-Real Estate ; Machinery-Engineering Target : Caverion GmbH Buyer : YIT Oyj Deal size in USD : 90.3 m Type : Corporate acquisition Status : Agreed
Talentum 's net sales in September were smaller than expected .,0,Talentum 's net sales in September were smaller than expected .
"A downloadable instruction sheet , instructional video , and project ideas for the award-winning Everywhere Punch TM Window System can be found at www.fiskars.com .",1,"A downloadable instruction sheet , instructional video , and project ideas for the award-winning Everywhere Punch TM Window System can be found at www.fiskars.com ."
"In December alone , the members of the Lithuanian Brewers ' Association sold a total of 20.3 million liters of beer , an increase of 1.9 percent from the sales of 19.92 million liters in December 2004 .",2,"In December alone , the members of the Lithuanian Brewers ' Association sold a total of 20.3 million liters of beer , an increase of 1.9 percent from the sales of 19.92 million liters in December 2004 ."
"According to Pietinalho , doctors should motivate their patients who smoke every time they visit their doctors .",1,"According to Pietinalho , doctors should motivate their patients who smoke every time they visit their doctors ."
`` We know there are some of our own people out there . '',1,`` We know there are some of our own people out there . ''
Sales have risen in other export markets .,2,Sales have risen in other export markets .
"Scanfil , a systems supplier and contract manufacturer to the communications sector , will start personnel negotiations in Oulu , in Finland , to lay off staff temporarily .",0,"Scanfil , a systems supplier and contract manufacturer to the communications sector , will start personnel negotiations in Oulu , in Finland , to lay off staff temporarily ."
Catalysts segment includes refinery catalysts and polyolefin catalysts product categories .,1,Catalysts segment includes refinery catalysts and polyolefin catalysts product categories .
"Profit for the period totalled EUR 1.1 mn , down from EUR 1.6 mn in the third quarter of 2008 .",0,"Profit for the period totalled EUR 1.1 mn , down from EUR 1.6 mn in the third quarter of 2008 ."
"Stockholm , 3 March 2011 About Cybercom The Cybercom Group is a high-tech consultancy that offers global sourcing for end-to-end solutions .",1,"Stockholm , 3 March 2011 About Cybercom The Cybercom Group is a high-tech consultancy that offers global sourcing for end-to-end solutions ."
"Of the price , Kesko 's share is 10 mln euro $ 15.5 mln and it will recognize a gain of 4.0 mln euro $ 6.2 mln on the disposal which will be included in the result for the second quarter of 2008 .",2,"Of the price , Kesko 's share is 10 mln euro $ 15.5 mln and it will recognize a gain of 4.0 mln euro $ 6.2 mln on the disposal which will be included in the result for the second quarter of 2008 ."
The EA Reng group posted sales of approximately 84 million kroons for 2007 .,1,The EA Reng group posted sales of approximately 84 million kroons for 2007 .
"Aldata Solution Oyj Bertrand Sciard President and CEO Further information : Aldata Solution Oyj , Bertrand Sciard , President and CEO , tel. +33 1 46 48 28 00 Aldata 100 % Retail-Wholesale At Aldata 100 % of our business is dedicated to retail and wholesale business improvement .",1,"Aldata Solution Oyj Bertrand Sciard President and CEO Further information : Aldata Solution Oyj , Bertrand Sciard , President and CEO , tel. +33 1 46 48 28 00 Aldata 100 % Retail-Wholesale At Aldata 100 % of our business is dedicated to retail and wholesale business improvement ."
"According to Soosalu , particular attention was paid to residents privacy and security in the design of the Aleksandri Street building .",1,"According to Soosalu , particular attention was paid to residents privacy and security in the design of the Aleksandri Street building ."
Another firm Air Liquide was exempted because it left the market in 1998 .,1,Another firm Air Liquide was exempted because it left the market in 1998 .
Operating profit rose to EUR 13.5 mn from EUR 9.7 mn in the corresponding period in 2006 .,2,Operating profit rose to EUR 13.5 mn from EUR 9.7 mn in the corresponding period in 2006 .
"The sale will result in a capital loss of EUR5m for Solidium , which obtained Tikkurila shares in March 2010 .",0,"The sale will result in a capital loss of EUR5m for Solidium , which obtained Tikkurila shares in March 2010 ."
Panostaja did not disclose the purchase price .,1,Panostaja did not disclose the purchase price .
"According to Gran , the company has no plans to move all production to Russia , although that is where the company is growing .",1,"According to Gran , the company has no plans to move all production to Russia , although that is where the company is growing ."
It is the first application in the market for invoice and purchase requisition approval with a mobile device .,1,It is the first application in the market for invoice and purchase requisition approval with a mobile device .
"Estonian telecoms company Elisa 's customer numbers cross 400,000 TALLINN , Oct 22 , BNS - The Estonian telecommunications company Elisa won approximately 50,000 new clients in the nine months of this year , bringing the number to 401,800 by the end of September , the company said .",2,"Estonian telecoms company Elisa 's customer numbers cross 400,000 TALLINN , Oct 22 , BNS - The Estonian telecommunications company Elisa won approximately 50,000 new clients in the nine months of this year , bringing the number to 401,800 by the end of September , the company said ."
The aim is to develop open-source application solutions .,1,The aim is to develop open-source application solutions .
Honkarakenne Oyj - a world-leading manufacturer of genuine wooden homes - will be sponsoring Finnish crosscountry skier Virpi Kuitunen for the next three years .,1,Honkarakenne Oyj - a world-leading manufacturer of genuine wooden homes - will be sponsoring Finnish crosscountry skier Virpi Kuitunen for the next three years .
"An  of the invention , released by the Patent Office , said : `` The chambers are pressurized .",1,"An of the invention , released by the Patent Office , said : `` The chambers are pressurized ."
The aim is to increase sales by at least one fifth in 2006 .,2,The aim is to increase sales by at least one fifth in 2006 .
"It would be premature to talk about dates , volume and the investment procedure , '' he said .",1,"It would be premature to talk about dates , volume and the investment procedure , '' he said ."
Operating profit rose to EUR 3.11 mn from EUR 1.22 mn in the corresponding period in 2009 .,2,Operating profit rose to EUR 3.11 mn from EUR 1.22 mn in the corresponding period in 2009 .
"For the first nine months of 2010 , the company 's net profit rose to EUR41m from EUR30m for the corresponding period of 2009 .",2,"For the first nine months of 2010 , the company 's net profit rose to EUR41m from EUR30m for the corresponding period of 2009 ."
Yakima created the position for him after emerging from economic downturns of its own .,1,Yakima created the position for him after emerging from economic downturns of its own .
"According to the company , the lay-offs will be temporary .",1,"According to the company , the lay-offs will be temporary ."
Measures will be launched immediately and are due to be finalized in the first quarter of 2010 .,1,Measures will be launched immediately and are due to be finalized in the first quarter of 2010 .
"Operating profit was EUR 139.7 mn , up 23 % from EUR 113.8 mn .",2,"Operating profit was EUR 139.7 mn , up 23 % from EUR 113.8 mn ."
"In 2008 , the deal is likely to bring savings of EUR 20mn-25mn .",2,"In 2008 , the deal is likely to bring savings of EUR 20mn-25mn ."
"Honkarakenne mainly exports large luxury log houses to Russia to be used as one-family houses or holiday homes ; 70 % of sales go to the Moscow region , about 20 % to the St Petersburg region , and the remainder to other locations .",1,"Honkarakenne mainly exports large luxury log houses to Russia to be used as one-family houses or holiday homes ; 70 % of sales go to the Moscow region , about 20 % to the St Petersburg region , and the remainder to other locations ."
The ground barleycorn has been fully produced in Finland and will be available in stores as of the beginning of 2010 .,1,The ground barleycorn has been fully produced in Finland and will be available in stores as of the beginning of 2010 .
"Net sales of Kyro 's main business area , Glaston Technologies , a manufacturer of glass processing machines , decreased to EUR 161.5 mn from EUR 164.1 mn in January-September 2005 .",0,"Net sales of Kyro 's main business area , Glaston Technologies , a manufacturer of glass processing machines , decreased to EUR 161.5 mn from EUR 164.1 mn in January-September 2005 ."
"Among other industrial stocks , Metso added 0.53 pct to 40.04 eur , Wartsila B was down 0.77 pct at 47.87 eur and Rautaruukki K was 1.08 pct lower at 37.56 eur .",1,"Among other industrial stocks , Metso added 0.53 pct to 40.04 eur , Wartsila B was down 0.77 pct at 47.87 eur and Rautaruukki K was 1.08 pct lower at 37.56 eur ."
"The company said Offshore segment represented 43 % of the total marine engines orders for the July-September 2010 period , Merchant 33 % , Special vessels 18 % , and Cruise and Ferry , and Ship Design -- 2 % and 3 % , respectively .",1,"The company said Offshore segment represented 43 % of the total marine engines orders for the July-September 2010 period , Merchant 33 % , Special vessels 18 % , and Cruise and Ferry , and Ship Design -- 2 % and 3 % , respectively ."
The restructuring measures will not affect the production of packaging printing material .,1,The restructuring measures will not affect the production of packaging printing material .
The low capacity utilisation rate in steel production considerably increases the fixed costs per unit of steel produced .,0,The low capacity utilisation rate in steel production considerably increases the fixed costs per unit of steel produced .
Stichting Pensioenfonds ABP : 4 118 122 shares representing 5.19 % of the share capital and voting rights .,1,Stichting Pensioenfonds ABP : 4 118 122 shares representing 5.19 % of the share capital and voting rights .
"Vaahto Pulp & Paper , of Finnish Vaahto Group , has been awarded an order to renovate Finnish-Swedish forest industry company Stora Enso 's paperboard machine at the Ingerois Board Mill in Finland .",2,"Vaahto Pulp & Paper , of Finnish Vaahto Group , has been awarded an order to renovate Finnish-Swedish forest industry company Stora Enso 's paperboard machine at the Ingerois Board Mill in Finland ."
"The Finnish investment company Sponda is conducting negotiations to acquire the business center Dukat Palace-2 located in the center of Moscow , from London & Regional Properties .",1,"The Finnish investment company Sponda is conducting negotiations to acquire the business center Dukat Palace-2 located in the center of Moscow , from London & Regional Properties ."
The administrators have indicated a need for 900 job cuts at the Irish insurer over the next 15 months .,0,The administrators have indicated a need for 900 job cuts at the Irish insurer over the next 15 months .
The optimization of the steel components heating process will reduce the energy consumption .,2,The optimization of the steel components heating process will reduce the energy consumption .
Finnish forestry company UPM-Kymmene and waste management company Lassila & Tikanoja said on Jan. 30 they were planning to produce ethanol and energy from commercial and industrial waste .,1,Finnish forestry company UPM-Kymmene and waste management company Lassila & Tikanoja said on Jan. 30 they were planning to produce ethanol and energy from commercial and industrial waste .
The company expects its net sales for the whole 2009 to remain below the 2008 level .,0,The company expects its net sales for the whole 2009 to remain below the 2008 level .
"The offer price is $ 35 million , including cash of $ 10 million as net debt assumption of FACE , and $ 20 million worth of Cencorp shares to be issued to Savcor .",1,"The offer price is $ 35 million , including cash of $ 10 million as net debt assumption of FACE , and $ 20 million worth of Cencorp shares to be issued to Savcor ."
The availability of the Internet services is highlighted in the service offer of Kesko 's K-Group stores .,1,The availability of the Internet services is highlighted in the service offer of Kesko 's K-Group stores .
"In January-June 2010 , diluted loss per share stood at EUR0 .3 versus EUR0 .1 in the first half of 2009 .",0,"In January-June 2010 , diluted loss per share stood at EUR0 .3 versus EUR0 .1 in the first half of 2009 ."
"The price of the 10,000 kroon par value bonds was 9663,51 kroons in the primary issue .",1,"The price of the 10,000 kroon par value bonds was 9663,51 kroons in the primary issue ."
"The repo rate will gradually reach 2 % at the end of 2010 , according to Nordea 's Economic Outlook .",1,"The repo rate will gradually reach 2 % at the end of 2010 , according to Nordea 's Economic Outlook ."
"Crucially , the decision to use ETSI ( European Telecommunication Standard Institute ) - backed DVB-H adds to the growing list of operators and equipment manufacturers opting for the standard ( see Global : 20 January 2006 : Competing Technologies Vie for Mobile TV ) .",1,"Crucially , the decision to use ETSI ( European Telecommunication Standard Institute ) - backed DVB-H adds to the growing list of operators and equipment manufacturers opting for the standard ( see Global : 20 January 2006 : Competing Technologies Vie for Mobile TV ) ."
Viking Line has canceled some services .,0,Viking Line has canceled some services .
The company specialises in temporary electrification and heating at construction sites .,1,The company specialises in temporary electrification and heating at construction sites .
Electricity consumption grows with higher frequencies .,1,Electricity consumption grows with higher frequencies .
"Besides we have increased the share of meat in various sausages and are offering a number of new tastes in the grill products and shish kebabs segment , '' Paavel said .",2,"Besides we have increased the share of meat in various sausages and are offering a number of new tastes in the grill products and shish kebabs segment , '' Paavel said ."
"The Tekla Structures 16 installation has been built according to Microsoft 's requirements for the Windows 7 certification , the Company added .",1,"The Tekla Structures 16 installation has been built according to Microsoft 's requirements for the Windows 7 certification , the Company added ."
"According to Sweden 's Minister for Local Government and Financial Markets , Mats Odell , the decision to sell the State 's shares in telecom group TeliaSonera can only be carried out in cooperation with the State of Finland .",1,"According to Sweden 's Minister for Local Government and Financial Markets , Mats Odell , the decision to sell the State 's shares in telecom group TeliaSonera can only be carried out in cooperation with the State of Finland ."
"One price category is for calls on the preferred operator 's network , and another for calls on other operators ' networks .",1,"One price category is for calls on the preferred operator 's network , and another for calls on other operators ' networks ."
"The corresponding increase in the share capital due to these subscriptions with the warrants , in total EUR 1,860.74 , was registered with the Finnish Trade Register on January 4 , 2008 .",1,"The corresponding increase in the share capital due to these subscriptions with the warrants , in total EUR 1,860.74 , was registered with the Finnish Trade Register on January 4 , 2008 ."
Finnish forest industry group Stora Enso Oyj issued on Thursday ( 20 March ) a profit warning for the first quarter 2008 .,0,Finnish forest industry group Stora Enso Oyj issued on Thursday ( 20 March ) a profit warning for the first quarter 2008 .
With this acquisition Panostaja Oyj further expands its business area specialising in digital printing .,2,With this acquisition Panostaja Oyj further expands its business area specialising in digital printing .
The energy-efficient data center will be built by combining an effective energy solution with state-of-the-art technology .,2,The energy-efficient data center will be built by combining an effective energy solution with state-of-the-art technology .
"Olvi , which controls a 94 percent stake in Ragutis through A. Le Coq , said in its annual report published earlier this year that the Lithuanian brewery 's sales reached 15.04 million euros last year , a rise of 20.4 percent from 12.49 million euros in 2004 .",2,"Olvi , which controls a 94 percent stake in Ragutis through A. Le Coq , said in its annual report published earlier this year that the Lithuanian brewery 's sales reached 15.04 million euros last year , a rise of 20.4 percent from 12.49 million euros in 2004 ."
"The deal includes the entire personnel of PlanMill Oy , who will transfer to the new company as so-called old employees .",1,"The deal includes the entire personnel of PlanMill Oy , who will transfer to the new company as so-called old employees ."
"The most popular mobile data services are email , surfing the internet , as well as news and weather services .",1,"The most popular mobile data services are email , surfing the internet , as well as news and weather services ."
Finnish sports equipment company Amer Sports said it has decided to lay off 370 workers from its Salomon division in France .,0,Finnish sports equipment company Amer Sports said it has decided to lay off 370 workers from its Salomon division in France .
"Mercator will use the software for its logistic , retail and wholesale operations in Slovenia and its other markets in southeastern Europe .",1,"Mercator will use the software for its logistic , retail and wholesale operations in Slovenia and its other markets in southeastern Europe ."
Sales were down 14 per cent in Finland and up 27 per cent abroad where sales were lifted by the strong growth in sales in Russia and Lithuania .,1,Sales were down 14 per cent in Finland and up 27 per cent abroad where sales were lifted by the strong growth in sales in Russia and Lithuania .
"Following the move , Stora Enso holding in NewPage will remain unchanged .",1,"Following the move , Stora Enso holding in NewPage will remain unchanged ."
"18 May 2010 - Finnish electronics producer Elcoteq SE HEL : ELQAV said today that it has signed an extensive cooperation agreement on industrialisation , manufacturing , distribution and after-market services for mobile phones with Japan 's Sharp TYO : 6753 .",2,"18 May 2010 - Finnish electronics producer Elcoteq SE HEL : ELQAV said today that it has signed an extensive cooperation agreement on industrialisation , manufacturing , distribution and after-market services for mobile phones with Japan 's Sharp TYO : 6753 ."
"Also , Westpac is to issue a benchmark , 18 month FRN deal in Euros .",1,"Also , Westpac is to issue a benchmark , 18 month FRN deal in Euros ."
Vaisala 's board of directors will propose a dividend of 0.85 euro $ 1.24 per share at the company 's annual general meeting .,1,Vaisala 's board of directors will propose a dividend of 0.85 euro $ 1.24 per share at the company 's annual general meeting .
"Aug. 31 , 2009 (Gawker Media delivered by Newstex)-- If you love fishing video games but felt that there just was n't enough wackiness involved , then Activision 's (NASDAQ : ATVI) Rapala : We Fish might just catch your eye with its family-fun hook .",1,"Aug. 31 , 2009 (Gawker Media delivered by Newstex)-- If you love fishing video games but felt that there just was n't enough wackiness involved , then Activision 's (NASDAQ : ATVI) Rapala : We Fish might just catch your eye with its family-fun hook ."
"CompaniesandMarkets.com provides a wide range of research reports , industry statistics and competitive intelligence on the industrial sector .",1,"CompaniesandMarkets.com provides a wide range of research reports , industry statistics and competitive intelligence on the industrial sector ."
Operating profit increased to EUR 14.0 mn from EUR 4.9 mn in the corresponding period in 2005 .,2,Operating profit increased to EUR 14.0 mn from EUR 4.9 mn in the corresponding period in 2005 .
"POYRY PLC Additional information by : Heikki Malinen , President and CEO , Poyry PLC tel. +358 10 33 21307 Poyry is a global expert in consulting and engineering .",1,"POYRY PLC Additional information by : Heikki Malinen , President and CEO , Poyry PLC tel. +358 10 33 21307 Poyry is a global expert in consulting and engineering ."
"The record date for dividend distribution is March 14 , 2008 .",1,"The record date for dividend distribution is March 14 , 2008 ."
"The acquisition is part of Suomen Helasto 's strategy to expand the LukkoExpert Security chain , Suomen Helasto CEO Kimmo Uusimaki said .",1,"The acquisition is part of Suomen Helasto 's strategy to expand the LukkoExpert Security chain , Suomen Helasto CEO Kimmo Uusimaki said ."
`` Russia is ready to participate in an open tender for Lattelecom 's privatization .,1,`` Russia is ready to participate in an open tender for Lattelecom 's privatization .
"In August-October 2010 , the company 's result before taxes totalled EUR 9.6 mn , up from EUR 0.5 mn in the corresponding period in 2009 .",2,"In August-October 2010 , the company 's result before taxes totalled EUR 9.6 mn , up from EUR 0.5 mn in the corresponding period in 2009 ."
M-real 's sales are expected to have increased by 4 % year-on-year to EUR609m in the second quarter of 2010 .,2,M-real 's sales are expected to have increased by 4 % year-on-year to EUR609m in the second quarter of 2010 .
"The subject of the project is provide to the company like : Software programming and consultancy services , Computer-related services , Data services , Computer support and consultancy services , Internet services etc. .",1,"The subject of the project is provide to the company like : Software programming and consultancy services , Computer-related services , Data services , Computer support and consultancy services , Internet services etc. ."
Stora Enso Oyj said its second-quarter result would fall by half compared with the same period in 2007 .,0,Stora Enso Oyj said its second-quarter result would fall by half compared with the same period in 2007 .
"Clothing retail chain Sepp+ñl+ñ 's sales increased by 8 % to EUR 155.2 mn , and operating profit rose to EUR 31.1 mn from EUR 17.1 mn in 2004 .",2,"Clothing retail chain Sepp+ñl+ñ 's sales increased by 8 % to EUR 155.2 mn , and operating profit rose to EUR 31.1 mn from EUR 17.1 mn in 2004 ."
hu will offer a further discount of between 25 % and 50 % on selected books .,1,hu will offer a further discount of between 25 % and 50 % on selected books .
"Forestries were also higher , driven by yesterday 's bullish analyst comment on Stora Enso in Dagens Industri , dealers said .",2,"Forestries were also higher , driven by yesterday 's bullish analyst comment on Stora Enso in Dagens Industri , dealers said ."
"Pretax profit totaled EUR 9.0 mn , down from EUR 36.3 mn in 2007 .",0,"Pretax profit totaled EUR 9.0 mn , down from EUR 36.3 mn in 2007 ."
Fortum had previously bought the state-held stake in TGK-10 from RAO UES during its reform .,1,Fortum had previously bought the state-held stake in TGK-10 from RAO UES during its reform .
The value of the deal has not been disclosed .,1,The value of the deal has not been disclosed .
"In Lithuania , operating profit rose to EUR 190,000 from EUR 70,000 in the corresponding period in 2005 .",2,"In Lithuania , operating profit rose to EUR 190,000 from EUR 70,000 in the corresponding period in 2005 ."
"The company has established a 3G base station at about 17,000 feet at the foot of Mount Everest that will enable mountain climbers at the 29,035-foot summit to surf the Internet and even send videos of their exploits .",2,"The company has established a 3G base station at about 17,000 feet at the foot of Mount Everest that will enable mountain climbers at the 29,035-foot summit to surf the Internet and even send videos of their exploits ."
Cash flow from operating activities is estimated to be positive .,2,Cash flow from operating activities is estimated to be positive .
"The unit 's clients are mainly in the field of specialist convenience goods , as well as in the textile , shoe and furniture businesses .",1,"The unit 's clients are mainly in the field of specialist convenience goods , as well as in the textile , shoe and furniture businesses ."
The company 's board of directors will propose a dividend of EUR 0.14 for 2008 at the annual general meeting .,1,The company 's board of directors will propose a dividend of EUR 0.14 for 2008 at the annual general meeting .
Talvivaara also maintains its assumption of turning cash flow positive before the year end .,2,Talvivaara also maintains its assumption of turning cash flow positive before the year end .
"The major part of the deliveries include different AC and CXE amplifier solutions and products by DINH Telecom , a company acquired by Teleste last spring .",1,"The major part of the deliveries include different AC and CXE amplifier solutions and products by DINH Telecom , a company acquired by Teleste last spring ."
"Finnish flexible packaging manufacturer Suominen Corporation reports net sales of EUR 54.5 mn in the first quarter of 2008 , compared with EUR 54.3 mn a year earlier .",2,"Finnish flexible packaging manufacturer Suominen Corporation reports net sales of EUR 54.5 mn in the first quarter of 2008 , compared with EUR 54.3 mn a year earlier ."
Rautaruukki aims to find work from the group 's other locations for those who have been made redundant .,1,Rautaruukki aims to find work from the group 's other locations for those who have been made redundant .
"In a recent interview with the Financial Times ( FT ) , Sampo 's board chairman Bjorn Wahlroos said If P&C was certainly for sale and the price had been set at SEK 85 billion , confirming earlier statements .",1,"In a recent interview with the Financial Times ( FT ) , Sampo 's board chairman Bjorn Wahlroos said If P&C was certainly for sale and the price had been set at SEK 85 billion , confirming earlier statements ."
- Tikkurila inspires you to color your life .,1,- Tikkurila inspires you to color your life .
"In January-September 2007 , the group 's net sales from continuing operations rose to EUR 213.1 mn from EUR 172.6 mn in the corresponding period in 2006 .",2,"In January-September 2007 , the group 's net sales from continuing operations rose to EUR 213.1 mn from EUR 172.6 mn in the corresponding period in 2006 ."
"Thus the method will cut working costs , and will fasten the planning and building processes .",2,"Thus the method will cut working costs , and will fasten the planning and building processes ."
"The original name Componenta +àm+Ñl , as a subsidiary of the Finnish Componenta Group , has been changed to +àm+Ñl Components and the company has seen a 63 % growth in Q1 2010 , in comparison to Q1 2009 .",2,"The original name Componenta +àm+Ñl , as a subsidiary of the Finnish Componenta Group , has been changed to +àm+Ñl Components and the company has seen a 63 % growth in Q1 2010 , in comparison to Q1 2009 ."
Incap Contract Manufacturing is a subsidiary of Incap Corporation of Finland .,1,Incap Contract Manufacturing is a subsidiary of Incap Corporation of Finland .
Kemira shares closed at (  x20ac ) 16.66 ( $ 22US .71 ) .,1,Kemira shares closed at ( x20ac ) 16.66 ( $ 22US .71 ) .
"`` BasWare 's product sales grew strongly in the financial period , by 24 percent .",2,"`` BasWare 's product sales grew strongly in the financial period , by 24 percent ."
RISING costs have forced packaging producer Huhtamaki to axe 90 jobs at its Hampshire manufacturing plant .,0,RISING costs have forced packaging producer Huhtamaki to axe 90 jobs at its Hampshire manufacturing plant .
"The negotiations were carried out in a constructive manner , and all parties tried to find a solution to the situation .",2,"The negotiations were carried out in a constructive manner , and all parties tried to find a solution to the situation ."
Vaisala 's expertise in lightning data and information systems is based on extensive experience and investment in R&D .,1,Vaisala 's expertise in lightning data and information systems is based on extensive experience and investment in R&D .
The GyPSii mobile social networking application is available in China with both Chinese and English language support .,1,The GyPSii mobile social networking application is available in China with both Chinese and English language support .
"Byline : Tim Moran Cellular phone giant Nokia Corp. is offering $ 8.1 billion for digital map supplier NAVTEQ Corp. , of Chicago .",1,"Byline : Tim Moran Cellular phone giant Nokia Corp. is offering $ 8.1 billion for digital map supplier NAVTEQ Corp. , of Chicago ."
"Oka specialises in new construction , renovation work of residential and non-residential building as well as premises for industrial and logistical use .",1,"Oka specialises in new construction , renovation work of residential and non-residential building as well as premises for industrial and logistical use ."
"`` We 're delighted with the move '' says Morna Cowie , co-owner , above , `` it 's double the size of our current shop and has a lovely feel to it . ''",2,"`` We 're delighted with the move '' says Morna Cowie , co-owner , above , `` it 's double the size of our current shop and has a lovely feel to it . ''"
"Sales came in at 241 mln eur , compared with 211.4 mln , and also beating consensus forecasts of 235 mln eur .",2,"Sales came in at 241 mln eur , compared with 211.4 mln , and also beating consensus forecasts of 235 mln eur ."
"The executive said that countries such as Brazil , Chile , Argentina and Mexico will lead the adoption in the business Ethernet services segment , while Brazil and Mexico will be the early adopters of carrier Ethernet for mobile backhaul .",1,"The executive said that countries such as Brazil , Chile , Argentina and Mexico will lead the adoption in the business Ethernet services segment , while Brazil and Mexico will be the early adopters of carrier Ethernet for mobile backhaul ."
The Commission is to be applauded for applying a fact-based and data-driven approach and for providing clarity for future petitions .,2,The Commission is to be applauded for applying a fact-based and data-driven approach and for providing clarity for future petitions .
"While I cant understand what theyre saying , its impressive to watch him hit that ball at those speeds .",1,"While I cant understand what theyre saying , its impressive to watch him hit that ball at those speeds ."
"That address also happens to house Italian megamart Eataly , meaning that `` Come on , kids , we 're going to the Toy Building ! ''",1,"That address also happens to house Italian megamart Eataly , meaning that `` Come on , kids , we 're going to the Toy Building ! ''"
Raisio is the site of the main production plants as well as company headquarters .,1,Raisio is the site of the main production plants as well as company headquarters .
"Thanksto improvements in demand and the adjustments we have made , theutilization rates of Cramo 's fleet have substantiallyimproved . ''",2,"Thanksto improvements in demand and the adjustments we have made , theutilization rates of Cramo 's fleet have substantiallyimproved . ''"
"The company will use the money for product development and research activities through 2013 in its key markets Finland , Germany , Italy and France .",1,"The company will use the money for product development and research activities through 2013 in its key markets Finland , Germany , Italy and France ."
This transaction will also rationalize our pulp and paper industry related solutions .,2,This transaction will also rationalize our pulp and paper industry related solutions .
"ADP News - Jan 13 , 2009 - Finnish industrial and environmental measurement equipment maker Vaisala Oyj OMX : VAIAS said yesterday it will develop an operational reference radiosonde for climate change observations .",1,"ADP News - Jan 13 , 2009 - Finnish industrial and environmental measurement equipment maker Vaisala Oyj OMX : VAIAS said yesterday it will develop an operational reference radiosonde for climate change observations ."
"Finnish Talentum reports its operating profit increased to EUR 20.5 mn in 2005 from EUR 9.3 mn in 2004 , and net sales totaled EUR 103.3 mn , up from EUR 96.4 mn .",2,"Finnish Talentum reports its operating profit increased to EUR 20.5 mn in 2005 from EUR 9.3 mn in 2004 , and net sales totaled EUR 103.3 mn , up from EUR 96.4 mn ."
"The alliance aims to tap pocketable mobile computers , netbooks , tablets , mediaphones , connected TVs and in-vehicle infotainment systems .",1,"The alliance aims to tap pocketable mobile computers , netbooks , tablets , mediaphones , connected TVs and in-vehicle infotainment systems ."
"Both operating profit and turnover for the six-month period increased , respectively from EUR0 .1 m and EUR29 .0 m , as compared to the corresponding period a year ago .",2,"Both operating profit and turnover for the six-month period increased , respectively from EUR0 .1 m and EUR29 .0 m , as compared to the corresponding period a year ago ."
The new units should become one of the largest ones within the company .,1,The new units should become one of the largest ones within the company .
Antniemi refuted a report by the Finnish daily Turun Sanomat as if the company was reorganizing its operations in the Baltic countries .,1,Antniemi refuted a report by the Finnish daily Turun Sanomat as if the company was reorganizing its operations in the Baltic countries .
Niklas Skogster has been employed by the ABB Group in various positions concerning the development of operations .,1,Niklas Skogster has been employed by the ABB Group in various positions concerning the development of operations .
"Prior to the transaction , whose financial terms have not been disclosed , Alma Media owned 40 % of Kotikokki net .",1,"Prior to the transaction , whose financial terms have not been disclosed , Alma Media owned 40 % of Kotikokki net ."
Passenger volumes rose by 8.4 % in the accounting period .,2,Passenger volumes rose by 8.4 % in the accounting period .
"`` In terms of profitability and earnings 2007 was the best year in our history , '' Chief Executive Veli-Matti Mattila said .",2,"`` In terms of profitability and earnings 2007 was the best year in our history , '' Chief Executive Veli-Matti Mattila said ."
"The payment date is March 25 , 2010 .",1,"The payment date is March 25 , 2010 ."
"The new system , which will include 60 MC3090 PDAs from Motorola , to be used by 60 Poundstretcher operatives across 3 shifts , will integrate in real-time with the company s existing Warehouse Management System , Aldata G.O.L.D Stock , which went live in May 2008 .",1,"The new system , which will include 60 MC3090 PDAs from Motorola , to be used by 60 Poundstretcher operatives across 3 shifts , will integrate in real-time with the company s existing Warehouse Management System , Aldata G.O.L.D Stock , which went live in May 2008 ."
`` BG Crane has been a strong partner for Hiab in Australia for many years .,1,`` BG Crane has been a strong partner for Hiab in Australia for many years .
According to an  posted by the World Intellectual Property Organization : `` The present invention relates to hydrocarbons and particularly to the manufacture of hydrocarbon components suitable as aviation fuels or jet fuels and as blending stocks for aviation fuels .,1,According to an posted by the World Intellectual Property Organization : `` The present invention relates to hydrocarbons and particularly to the manufacture of hydrocarbon components suitable as aviation fuels or jet fuels and as blending stocks for aviation fuels .
Operating loss increased to EUR 17mn from a loss of EUR 10.8 mn in 2005 .,0,Operating loss increased to EUR 17mn from a loss of EUR 10.8 mn in 2005 .
Cargotec will also move Hallberg-Ivarsson 's service and installation business under the same roof with its service center for Kalmar and MacGregor solutions in Gothenburg .,1,Cargotec will also move Hallberg-Ivarsson 's service and installation business under the same roof with its service center for Kalmar and MacGregor solutions in Gothenburg .
Mr Lee said he hoped that Neste 's move will ` pave the way for more collaboration projects between our two countries ' .,2,Mr Lee said he hoped that Neste 's move will ` pave the way for more collaboration projects between our two countries ' .
"In addition , Kone signed a two-year maintenance contract for the escalators .",2,"In addition , Kone signed a two-year maintenance contract for the escalators ."
"RFID ( Radio Frequency Identification ) is a method of so-called intelligent transport , whereby information can be read and saved remotely .",1,"RFID ( Radio Frequency Identification ) is a method of so-called intelligent transport , whereby information can be read and saved remotely ."
"There will be return flights from Stuttgart every morning , as well as evening departures on Thursdays , Fridays and Sundays .",1,"There will be return flights from Stuttgart every morning , as well as evening departures on Thursdays , Fridays and Sundays ."
"Outokumpu of Finland , stainless steel manufacturer , plans to enter into a supply agreement with the Indian Railways .",2,"Outokumpu of Finland , stainless steel manufacturer , plans to enter into a supply agreement with the Indian Railways ."
"The market share of Volkswagen passenger cars in Finland was 10.1 percent , Audi had a market share of 3.1 percent and Seat 's share was 0.9 percent .",1,"The market share of Volkswagen passenger cars in Finland was 10.1 percent , Audi had a market share of 3.1 percent and Seat 's share was 0.9 percent ."
"The total investment in the Vantaa plant extension will amount to around 10 million euro , and Okmetic 's share of the investments will be worth around 2.7 million .",1,"The total investment in the Vantaa plant extension will amount to around 10 million euro , and Okmetic 's share of the investments will be worth around 2.7 million ."
"M-real Corporation Press release on 3 November at 10:35 am M-real Corporation was the second best company in the materials sector including e.g. forest industry companies in the Carbon Disclosure Leadership Index CDLI , Nordic Report 2009 .",2,"M-real Corporation Press release on 3 November at 10:35 am M-real Corporation was the second best company in the materials sector including e.g. forest industry companies in the Carbon Disclosure Leadership Index CDLI , Nordic Report 2009 ."
"The inaugural speech will be given by Hannu Kyrolainen , Finland 's Ambassador to the Czech Republic .",1,"The inaugural speech will be given by Hannu Kyrolainen , Finland 's Ambassador to the Czech Republic ."
"As part of the agreement , Aspocomp will also give Meadville a 10 pct slice of a subsidiary operating in Oulu , Finland .",1,"As part of the agreement , Aspocomp will also give Meadville a 10 pct slice of a subsidiary operating in Oulu , Finland ."
"Latin America currently accounts for approximately 40 % of sales at Tecnotree , company president and CEO Eero Mertano recently told BNamericas .",1,"Latin America currently accounts for approximately 40 % of sales at Tecnotree , company president and CEO Eero Mertano recently told BNamericas ."
"Koduextra is operating a retail chain of 11 stores , controlled by Finnish Non-Food Center KY , Rukax OY , and Scan-Tukka OY .",1,"Koduextra is operating a retail chain of 11 stores , controlled by Finnish Non-Food Center KY , Rukax OY , and Scan-Tukka OY ."
A PLUMBING business has announced it is sponsoring a professional darts player .,1,A PLUMBING business has announced it is sponsoring a professional darts player .
"Cencorp would focus on the development , manufacture and marketing of standard products for production automation .",1,"Cencorp would focus on the development , manufacture and marketing of standard products for production automation ."
Talvivaara has secured a 10-year off-take agreement for 100 per cent of its main output of nickel and cobalt to Norilsk Nickel and entered into a long-term zinc streaming agreement with Nyrstar NV .,2,Talvivaara has secured a 10-year off-take agreement for 100 per cent of its main output of nickel and cobalt to Norilsk Nickel and entered into a long-term zinc streaming agreement with Nyrstar NV .
The EUR 0.7 million non-recurring expenses have been recorded for the third quarter .,1,The EUR 0.7 million non-recurring expenses have been recorded for the third quarter .
The options might include a partial or total divestment of their shareholdings in Ovako .,1,The options might include a partial or total divestment of their shareholdings in Ovako .
"According to Kesko , the company agreed with the city administration about lease of the building in 2006 , its resettlement and construction of a five-star hotel Hilton for 120 rooms .",2,"According to Kesko , the company agreed with the city administration about lease of the building in 2006 , its resettlement and construction of a five-star hotel Hilton for 120 rooms ."
Vaisala 's net profit for the third quarter of 2007 dropped to 3.0 mln euro ( $ 4.3 mln ) from 6.8 mln euro ( $ 9.8 mln ) for the same period of 2006 .,0,Vaisala 's net profit for the third quarter of 2007 dropped to 3.0 mln euro ( $ 4.3 mln ) from 6.8 mln euro ( $ 9.8 mln ) for the same period of 2006 .
"Raisio 's bid to buy Glisten is a `` win-win '' deal for both companies , the chairman of the UK snacks firm told just-food today 10 February .",2,"Raisio 's bid to buy Glisten is a `` win-win '' deal for both companies , the chairman of the UK snacks firm told just-food today 10 February ."
- Net sales for the period are expected to fall well below that of last year and the result after non-recurring items is expected to be in the red .,0,- Net sales for the period are expected to fall well below that of last year and the result after non-recurring items is expected to be in the red .
"More than 14,000 customers were left powerless .",0,"More than 14,000 customers were left powerless ."
Pohjola and cooperative banks have continued to combine their branch office network .,1,Pohjola and cooperative banks have continued to combine their branch office network .
"Because expenditures must be justified to pass budget approval hurdles , we believe our RoP model can help make it easier for IT and IT security practitioners to make the business case for acquiring enabling security technologies and related control activities .",1,"Because expenditures must be justified to pass budget approval hurdles , we believe our RoP model can help make it easier for IT and IT security practitioners to make the business case for acquiring enabling security technologies and related control activities ."
"The recruitment is related to the relocation of Stora Enso 's research operations to Karlstad , central Sweden .",1,"The recruitment is related to the relocation of Stora Enso 's research operations to Karlstad , central Sweden ."
"The company reported net sales of EUR550m in 2005 and had some 3,200 employees .",1,"The company reported net sales of EUR550m in 2005 and had some 3,200 employees ."
"Sanoma Learning & Literature , offering print and digital learning materials , is present in eleven countries .",1,"Sanoma Learning & Literature , offering print and digital learning materials , is present in eleven countries ."
That would be an increase from estimated sales of 117 million last year .,2,That would be an increase from estimated sales of 117 million last year .
"M-real Corporation Stock Exchange Announcement 29 September 2006 at 4.15 p.m. Kyro Corporation and M-real Corporation , a Metsaliitto Group subsidiary , have agreed on an arrangement which gives M-real option to purchase the Kyroskoski natural gas powerplant from Kyro .",1,"M-real Corporation Stock Exchange Announcement 29 September 2006 at 4.15 p.m. Kyro Corporation and M-real Corporation , a Metsaliitto Group subsidiary , have agreed on an arrangement which gives M-real option to purchase the Kyroskoski natural gas powerplant from Kyro ."
The measures result from weak demand in the shipbuilding industry .,0,The measures result from weak demand in the shipbuilding industry .
"Operating loss totalled EUR 4.0 mn , compared to a profit of EUR 8.6 mn in the second quarter of 2008 .",0,"Operating loss totalled EUR 4.0 mn , compared to a profit of EUR 8.6 mn in the second quarter of 2008 ."
"The company expects its net sales for the whole of 2007 to be EUR 950mn-1 ,000 mn .",1,"The company expects its net sales for the whole of 2007 to be EUR 950mn-1 ,000 mn ."
"`` The new structure provides better communication , faster decision-making and cost savings , '' Proha said .",2,"`` The new structure provides better communication , faster decision-making and cost savings , '' Proha said ."
( I&H ) in a move to enhance growth .,2,( I&H ) in a move to enhance growth .
The sellers were EOSS Innovationsmanagement and a group of private individuals .,1,The sellers were EOSS Innovationsmanagement and a group of private individuals .
"Finnish metal components supplier Componenta on December 26 , 2006 applied for approval with the Turkish Capital Markets Board to launch a mandatory offer for the remaining shares in iron and aluminium castings producer Doktas Dokumculuk .",1,"Finnish metal components supplier Componenta on December 26 , 2006 applied for approval with the Turkish Capital Markets Board to launch a mandatory offer for the remaining shares in iron and aluminium castings producer Doktas Dokumculuk ."
Operating profit for the quarter April-June 2006 amounted to EUR42 .9 m on net sales of EUR156 .3 m.,1,Operating profit for the quarter April-June 2006 amounted to EUR42 .9 m on net sales of EUR156 .3 m.
"`` This transaction supports Huhtamaki 's strategic review of rigid plastic consumer goods operations '' , says Huhtam+ñki Oyj 's CEO Jukka Moisio .",1,"`` This transaction supports Huhtamaki 's strategic review of rigid plastic consumer goods operations '' , says Huhtam+ñki Oyj 's CEO Jukka Moisio ."
"Earnings per share ( EPS ) amounted to EUR1 .37 , down from EUR2 .30 .",0,"Earnings per share ( EPS ) amounted to EUR1 .37 , down from EUR2 .30 ."
"Nokia will continue to invest in future development of Qt , and Digia will be responsible for commercial licensing and services business .",1,"Nokia will continue to invest in future development of Qt , and Digia will be responsible for commercial licensing and services business ."
The SeaWind that was en route from the Finnish port of Turku to Stockholm got stuck in ice already around 4 p.m. on Wednesday and the Regal Star 's journey from the Swedish port of Kapellskar to Paldiski in northwestern Estonia was cut short at 2 a.m. on Thursday .,0,The SeaWind that was en route from the Finnish port of Turku to Stockholm got stuck in ice already around 4 p.m. on Wednesday and the Regal Star 's journey from the Swedish port of Kapellskar to Paldiski in northwestern Estonia was cut short at 2 a.m. on Thursday .
"The equipment is designated to Bollore Africa Logistics terminal Societe d'Exploitation du Terminal de Vridi SETV in Abidjan , Ivory Coast and the delivery is scheduled to start in March 2010 .",1,"The equipment is designated to Bollore Africa Logistics terminal Societe d'Exploitation du Terminal de Vridi SETV in Abidjan , Ivory Coast and the delivery is scheduled to start in March 2010 ."
"The five-storey , eco-efficient building will have a gross floor area of about 15,000 sq m. It will also include apartments .",1,"The five-storey , eco-efficient building will have a gross floor area of about 15,000 sq m. It will also include apartments ."
"Consolidated net sales increased 16 % to reach EUR74 .8 m , while operating profit amounted to EUR0 .9 m compared to a loss of EUR0 .7 m in the prior year period .",2,"Consolidated net sales increased 16 % to reach EUR74 .8 m , while operating profit amounted to EUR0 .9 m compared to a loss of EUR0 .7 m in the prior year period ."
Stock Exchange Release 10/3/2011 12:00 Sanoma has published its Annual Report and Financial Statements for 2010 and its first Corporate Responsibility Report .,1,Stock Exchange Release 10/3/2011 12:00 Sanoma has published its Annual Report and Financial Statements for 2010 and its first Corporate Responsibility Report .
"The share issue , derogating from the pre-emptive right of the shareholders and comprising some six million new shares at market price , will be offered for subscription by shareholders , holders of capital notes and by professional clients .",1,"The share issue , derogating from the pre-emptive right of the shareholders and comprising some six million new shares at market price , will be offered for subscription by shareholders , holders of capital notes and by professional clients ."
The Bank is also examining the benefits of transferring the Swedish business to operate as a branch office so that the operations would be governed by Finland 's laws .,1,The Bank is also examining the benefits of transferring the Swedish business to operate as a branch office so that the operations would be governed by Finland 's laws .
"In the beginning of the negotiations , the estimated number of reductions was 50 at the maximum .",1,"In the beginning of the negotiations , the estimated number of reductions was 50 at the maximum ."
The intent of the article was to focus attention on the fact that the development model that China had followed was very different than the model that India had followed .,1,The intent of the article was to focus attention on the fact that the development model that China had followed was very different than the model that India had followed .
"The tanks will be delivered to a company which is currently building a chemical tank farm in Antwerp , northern Belgium .",1,"The tanks will be delivered to a company which is currently building a chemical tank farm in Antwerp , northern Belgium ."
`` The announced investment of the carmaker Hyundai for example sounds optimistically for us as of course new cars mean new tires . '',2,`` The announced investment of the carmaker Hyundai for example sounds optimistically for us as of course new cars mean new tires . ''
"At the same time , sales development in Russia was boosted by the opening of Stockmann Nevsky Centre in St Petersburg .",2,"At the same time , sales development in Russia was boosted by the opening of Stockmann Nevsky Centre in St Petersburg ."
Net sales dropped by 6 % year-on-year to EUR 11.9 million .,0,Net sales dropped by 6 % year-on-year to EUR 11.9 million .
"In September 2010 , the Finnish group agreed to buy Danish company Rose Poultry A-S for up to EUR23 .9 m in a combination of cash and stock .",2,"In September 2010 , the Finnish group agreed to buy Danish company Rose Poultry A-S for up to EUR23 .9 m in a combination of cash and stock ."
The order was valued at over EUR15m .,1,The order was valued at over EUR15m .
`` Lemminkainen Talo Oy 's Lahti office is a significant logistics and business premises constructor .,1,`` Lemminkainen Talo Oy 's Lahti office is a significant logistics and business premises constructor .
"Product coverage : baked goods ; biscuits ; breakfast cereals Data coverage : market sizes historic and forecasts , company shares , brand shares and distribution data .",1,"Product coverage : baked goods ; biscuits ; breakfast cereals Data coverage : market sizes historic and forecasts , company shares , brand shares and distribution data ."
"For example , net sales increased by 5.9 % from the first quarter , and EBITDA increased from a negative EUR 0.2 mn in the first quarter of 2009 .",2,"For example , net sales increased by 5.9 % from the first quarter , and EBITDA increased from a negative EUR 0.2 mn in the first quarter of 2009 ."
The number of customers is one of the most important parameters in determining the price of electricity networks .,1,The number of customers is one of the most important parameters in determining the price of electricity networks .
"Nokia 's share price fell less than one percent to 18.70 euros ( $ 25.41 ) in Helsinki , while Siemens shares fell 1.02 percent to 90.19 euros ( $ 122.57 ) in Frankfurt .",0,"Nokia 's share price fell less than one percent to 18.70 euros ( $ 25.41 ) in Helsinki , while Siemens shares fell 1.02 percent to 90.19 euros ( $ 122.57 ) in Frankfurt ."
"Finnish investment group Panostaja Oyj said its net profit went up to 8.6 mln euro $ 11.4 mln in fiscal 2005-06 , ended October 31 , 2006 , from 2.8 mln euro $ 3.7 mln in the same period of fiscal 2004-05 .",2,"Finnish investment group Panostaja Oyj said its net profit went up to 8.6 mln euro $ 11.4 mln in fiscal 2005-06 , ended October 31 , 2006 , from 2.8 mln euro $ 3.7 mln in the same period of fiscal 2004-05 ."
Sony Ericsson and Nokia dominated the list of best-selling handsets with five models each .,2,Sony Ericsson and Nokia dominated the list of best-selling handsets with five models each .
"The 3C Expo is a signature show in Dongguan , which is supported by the Dongguan Municipal Government every year , featuring computer accessories , software , communication and network products .",1,"The 3C Expo is a signature show in Dongguan , which is supported by the Dongguan Municipal Government every year , featuring computer accessories , software , communication and network products ."
Its total annual revenue comes up to about 160 mln zloty ( $ 56.9 mln-42 .3 mln euro ) .,1,Its total annual revenue comes up to about 160 mln zloty ( $ 56.9 mln-42 .3 mln euro ) .
Finnish industrial group Ruukki Group Plc OMX Helsinki : RUG1V said on Friday 14 November that its furniture business segment Incap Furniture has concluded personnel negotiations that were started at the end of September .,1,Finnish industrial group Ruukki Group Plc OMX Helsinki : RUG1V said on Friday 14 November that its furniture business segment Incap Furniture has concluded personnel negotiations that were started at the end of September .
Finland-based international machinery rental company Ramirent Plc ( OMX Helsinki : RMR1V ) reported on Friday ( 15 August ) an operating profit of EUR65 .0 m on net sales of EUR342 .9 m for the period January-June 2008 .,1,Finland-based international machinery rental company Ramirent Plc ( OMX Helsinki : RMR1V ) reported on Friday ( 15 August ) an operating profit of EUR65 .0 m on net sales of EUR342 .9 m for the period January-June 2008 .
"Trading under the name Velta UK , a former Uponor brand , the company has been Uponor 's long-term partner in supplying Velta-branded systems particularly for the commercial and industrial building sector in the UK and internationally .",1,"Trading under the name Velta UK , a former Uponor brand , the company has been Uponor 's long-term partner in supplying Velta-branded systems particularly for the commercial and industrial building sector in the UK and internationally ."
Sales at the unit slumped last year after the industry was hit by poor snowfall in the major resorts in the winter of 2006-07 .,0,Sales at the unit slumped last year after the industry was hit by poor snowfall in the major resorts in the winter of 2006-07 .
"The effect may remain short-lived , however .",1,"The effect may remain short-lived , however ."
"Finnish shipping company Finnlines ' pretax loss totalled EUR 6.5 mn in the third quarter of 2009 , compared to a profit of EUR 0.3 mn in the third quarter of 2008 .",0,"Finnish shipping company Finnlines ' pretax loss totalled EUR 6.5 mn in the third quarter of 2009 , compared to a profit of EUR 0.3 mn in the third quarter of 2008 ."
"`` We hope to clarify our policies to Finnish businesses where there are any gray areas , '' Motlanthe said .",1,"`` We hope to clarify our policies to Finnish businesses where there are any gray areas , '' Motlanthe said ."
Return on investment was 16.6 % compared to 15.8 % in 2004 .,2,Return on investment was 16.6 % compared to 15.8 % in 2004 .
The value of the multi-year agreement is over EUR 2mn a year .,1,The value of the multi-year agreement is over EUR 2mn a year .
"CapMan has six investment areas CapMan Buyout , CapMan Technology , CapMan Life Science , CapMan Russia , CapMan Public Market and CapMan Real Estate , and each of them has a dedicated team and funds .",1,"CapMan has six investment areas CapMan Buyout , CapMan Technology , CapMan Life Science , CapMan Russia , CapMan Public Market and CapMan Real Estate , and each of them has a dedicated team and funds ."
"According to Finnair Technical Services , the measure is above all due to the employment situation .",1,"According to Finnair Technical Services , the measure is above all due to the employment situation ."
The presentation material can be viewed on the company 's website in English after the conference .,1,The presentation material can be viewed on the company 's website in English after the conference .
Finnish silicon wafer technology company Okmetic Oyj OMX Helsinki : OKM1V said on Wednesday 17 September that it will invest EUR6m in its sensor wafer business during 2009 .,1,Finnish silicon wafer technology company Okmetic Oyj OMX Helsinki : OKM1V said on Wednesday 17 September that it will invest EUR6m in its sensor wafer business during 2009 .
The new technology improves the glass quality and consistency while increasing throughput .,2,The new technology improves the glass quality and consistency while increasing throughput .
"`` Tweeple should check who 's following them , and be cautious when clicking on URLs and tinyurls . ''",1,"`` Tweeple should check who 's following them , and be cautious when clicking on URLs and tinyurls . ''"
"Our objective is to yield a significant part of our turnover in Russia in a couple of years , '' says Solteq 's Managing Director Hannu Ahola .",1,"Our objective is to yield a significant part of our turnover in Russia in a couple of years , '' says Solteq 's Managing Director Hannu Ahola ."
"Finnish steel maker Rautaruukki Oyj ( HEL : RTRKS ) , or Ruukki , said today its net loss contracted to EUR 49 million ( USD 68.2 m ) for the first nine months of 2010 from EUR 229 million for the same period a year ago .",2,"Finnish steel maker Rautaruukki Oyj ( HEL : RTRKS ) , or Ruukki , said today its net loss contracted to EUR 49 million ( USD 68.2 m ) for the first nine months of 2010 from EUR 229 million for the same period a year ago ."
"Finnish Suominen Corporation that makes wipes , nonwovens , and flexible packaging , expects changes in the market situation to reduce sales of Suominen 's nonwovens and wet wipes from the previously estimated volumes .",0,"Finnish Suominen Corporation that makes wipes , nonwovens , and flexible packaging , expects changes in the market situation to reduce sales of Suominen 's nonwovens and wet wipes from the previously estimated volumes ."
4 February 2011 - Finnish privacy and security software developer Tectia Oyj ( HEL : TEC1V ) said Wednesday it has set up two strategic business units - managed security and mobile authentication .,1,4 February 2011 - Finnish privacy and security software developer Tectia Oyj ( HEL : TEC1V ) said Wednesday it has set up two strategic business units - managed security and mobile authentication .
"( ADP News ) - Dec 11 , 2008 - Finnish construction and engineering company Outotec Oyj ( OMX : OTE1V ) said today it won a EUR 28 million ( USD 36.8 m ) order to expand the phosphate concentrator in Siilinjarvi of Norwegian minera",2,"( ADP News ) - Dec 11 , 2008 - Finnish construction and engineering company Outotec Oyj ( OMX : OTE1V ) said today it won a EUR 28 million ( USD 36.8 m ) order to expand the phosphate concentrator in Siilinjarvi of Norwegian minera"
The total capital of funds managed by the bank decreased by 28 % to EUR 284mn by the end of September 2008 .,0,The total capital of funds managed by the bank decreased by 28 % to EUR 284mn by the end of September 2008 .
"The steelmaker said that the drop in profit was explained by the continuing economic uncertainty , mixed with the current drought in bank lending , resulting in a decline in demand for its products as customers find it increasingly difficult to fund operations .",0,"The steelmaker said that the drop in profit was explained by the continuing economic uncertainty , mixed with the current drought in bank lending , resulting in a decline in demand for its products as customers find it increasingly difficult to fund operations ."
"The buildings , with about 40 condominiums each , will be built in 4 or 5 stages .",1,"The buildings , with about 40 condominiums each , will be built in 4 or 5 stages ."
"Known as Post Bank , the concept would see Fidelity Bank rolling out 75 offices in Ghana Post premises , to provide financial services to the people .",2,"Known as Post Bank , the concept would see Fidelity Bank rolling out 75 offices in Ghana Post premises , to provide financial services to the people ."
"The company is owned by the State of Finland and the European Aeronautic Defense and Space Company EADS N.V. Tekla is an international software company that provides solutions for building and construction , energy distribution and municipalities .",1,"The company is owned by the State of Finland and the European Aeronautic Defense and Space Company EADS N.V. Tekla is an international software company that provides solutions for building and construction , energy distribution and municipalities ."
Altia 's operating profit jumped to EUR 47 million from EUR 6.6 million .,2,Altia 's operating profit jumped to EUR 47 million from EUR 6.6 million .
"Since the registration of the shares subscribed in a directed share issue , the new number of Panostaja shares and voting rights is 41,733,110 .",1,"Since the registration of the shares subscribed in a directed share issue , the new number of Panostaja shares and voting rights is 41,733,110 ."
"A. Le Coq Special was developed for the bicentenary of the company and the trade mark , the brewer said .",1,"A. Le Coq Special was developed for the bicentenary of the company and the trade mark , the brewer said ."
"The huge bridge girders will be delivered to the site from our plant in Ylivieska , Finland .",1,"The huge bridge girders will be delivered to the site from our plant in Ylivieska , Finland ."
Sales of clothing developed best .,2,Sales of clothing developed best .
"Particular attention is being paid to energy efficiency in the construction of the building , as it is designed to meet the requirements of energy class B , and LEED certification will be applied for .",1,"Particular attention is being paid to energy efficiency in the construction of the building , as it is designed to meet the requirements of energy class B , and LEED certification will be applied for ."
HELSINKI AFX - Outokumpu Technology said it has signed a 3.5 mln eur agreement with Mongolia 's Erdenet Mining Corporation for the engineering of the first HydroCopper plant to be built at the Erdenet mine site .,2,HELSINKI AFX - Outokumpu Technology said it has signed a 3.5 mln eur agreement with Mongolia 's Erdenet Mining Corporation for the engineering of the first HydroCopper plant to be built at the Erdenet mine site .
The previous offer was 3.4 % of voting rights and 12.3 % of capital .,1,The previous offer was 3.4 % of voting rights and 12.3 % of capital .
"`` Korean consumers are tech-savvy and leading the pack in terms of design , '' Gill Hyun-chang , president of Motorola Korea Inc. , told Dow Jones Newswires in an interview .",1,"`` Korean consumers are tech-savvy and leading the pack in terms of design , '' Gill Hyun-chang , president of Motorola Korea Inc. , told Dow Jones Newswires in an interview ."
The stock rose for a third day on Tuesday bringing its three-day rise to GBX10 .50 or 1.8 % .,2,The stock rose for a third day on Tuesday bringing its three-day rise to GBX10 .50 or 1.8 % .
Union and company officials did not return calls yesterday .,1,Union and company officials did not return calls yesterday .
Status : Agreed,1,Status : Agreed
"Helsinki on October 22 , 2008 SSH COMMUNICATIONS SECURITY CORP Board of Directors For further information , please contact : Tomi Laamanen , Chairman , tel. +358 0 400 609 544 Distribution : NASDAQ OMX Helsinki Ltd. .",1,"Helsinki on October 22 , 2008 SSH COMMUNICATIONS SECURITY CORP Board of Directors For further information , please contact : Tomi Laamanen , Chairman , tel. +358 0 400 609 544 Distribution : NASDAQ OMX Helsinki Ltd. ."
Performance is based on values and sustainability .,1,Performance is based on values and sustainability .
"H1 '08 H1 '07 Q2 '08 Q2 '07 in mln euro , unless otherwise stated Net sales 386 328.6 201 160.7 Operating profit 46.3 35.8 23.2 9.5 Pre-tax profit 33.6 26.9 18.7 5.1 Net profit 25.1 25.4 14 4.0 EPS in euro 2.20 2.36 1.24 0.38 1.0 euro = $ 1.60 www.componenta.com",1,"H1 '08 H1 '07 Q2 '08 Q2 '07 in mln euro , unless otherwise stated Net sales 386 328.6 201 160.7 Operating profit 46.3 35.8 23.2 9.5 Pre-tax profit 33.6 26.9 18.7 5.1 Net profit 25.1 25.4 14 4.0 EPS in euro 2.20 2.36 1.24 0.38 1.0 euro = $ 1.60 www.componenta.com"
Margin call of Zanadvorov has given the chance to make such purchase under the credit of Deutsche Bank for USD 560 million .,1,Margin call of Zanadvorov has given the chance to make such purchase under the credit of Deutsche Bank for USD 560 million .
For the new shares subscribed with stock options all shareholder rights commence from the date on which they are entered into the Trade Register .,1,For the new shares subscribed with stock options all shareholder rights commence from the date on which they are entered into the Trade Register .
Glaston 's net profit for the third quarter of 2007 dropped to 2.4 mln euro ( $ 3.5 mln ) from 3.5 mln euro ( $ 5.1 mln ) for the corresponding period of 2006 .,0,Glaston 's net profit for the third quarter of 2007 dropped to 2.4 mln euro ( $ 3.5 mln ) from 3.5 mln euro ( $ 5.1 mln ) for the corresponding period of 2006 .
"In Q1 of 2010 , Bank of +àland 's net interest income increased from EUR 9.1 mn to EUR 9.7 mn .",2,"In Q1 of 2010 , Bank of +àland 's net interest income increased from EUR 9.1 mn to EUR 9.7 mn ."
Profit for the period increased from EUR 2.9 mn to EUR 10.5 mn .,2,Profit for the period increased from EUR 2.9 mn to EUR 10.5 mn .
"In the first quarter of 2010 , the mark-to-market result was a pretax profit of EUR 133 million versus a loss of EUR 32 million in the same period last year .",2,"In the first quarter of 2010 , the mark-to-market result was a pretax profit of EUR 133 million versus a loss of EUR 32 million in the same period last year ."
"The product range includes marinated olives , cold cuts , and pates , for example .",1,"The product range includes marinated olives , cold cuts , and pates , for example ."
"The newly-completed Allure of the Seas and its identical sister ship , Oasis of the Seas , which was completed last year are the world 's largest cruise ships .",1,"The newly-completed Allure of the Seas and its identical sister ship , Oasis of the Seas , which was completed last year are the world 's largest cruise ships ."
"Tieto offers Aktia a good foundation and the required support services for implementing the update project , ' says Juha Volotinen , responsible for Aktia 's web services .",2,"Tieto offers Aktia a good foundation and the required support services for implementing the update project , ' says Juha Volotinen , responsible for Aktia 's web services ."
The company distributes Hiab 's products as well as other products .,1,The company distributes Hiab 's products as well as other products .
ZAO YIT Moskovia builds housing in Moscow and its surrounding cities .,1,ZAO YIT Moskovia builds housing in Moscow and its surrounding cities .
The electricity requirement of networks will grow with the new mobile generation .,1,The electricity requirement of networks will grow with the new mobile generation .
No financial details were available .,1,No financial details were available .
"`` Our extensive co-operation will also bolster SysOpen Digia 's position in the domestic operator market , '' Kallioranta adds .",2,"`` Our extensive co-operation will also bolster SysOpen Digia 's position in the domestic operator market , '' Kallioranta adds ."
"Sales climbed 19.2 pct to 1.002 bln eur , surpassing the 953 mln eur consensus figure .",2,"Sales climbed 19.2 pct to 1.002 bln eur , surpassing the 953 mln eur consensus figure ."
Related links : Flexiblebaseloadoperation TheWartsila32generating set Gasconversions This is the shorter of two versions of this press release .,1,Related links : Flexiblebaseloadoperation TheWartsila32generating set Gasconversions This is the shorter of two versions of this press release .
"Nokia OYJ 's production site at Bochum , Germany , posted profit before interest of 134 mln eur for 2007 , Capital reported in an excerpt of an article to be released tomorrow , citing internal documents .",1,"Nokia OYJ 's production site at Bochum , Germany , posted profit before interest of 134 mln eur for 2007 , Capital reported in an excerpt of an article to be released tomorrow , citing internal documents ."
"These new units will be built at Cargotec 's state of the art manufacturing facility in San Antonio , Texas , USA , which started operations in 2009 .",1,"These new units will be built at Cargotec 's state of the art manufacturing facility in San Antonio , Texas , USA , which started operations in 2009 ."
"HELSINKI (Thomson Financial)- Kemira GrowHow swung into profit in its first quarter earnings on improved sales , especially in its fertilizer business in Europe , which is normally stronger during the first quarter .",2,"HELSINKI (Thomson Financial)- Kemira GrowHow swung into profit in its first quarter earnings on improved sales , especially in its fertilizer business in Europe , which is normally stronger during the first quarter ."
"Dirk Jones , head of Financial Institutions Client Sales Management , GTS , Citigroup , Inc , said , ` Citi is extremely pleased to be providing global custody services to Pohjola Group Bank .",2,"Dirk Jones , head of Financial Institutions Client Sales Management , GTS , Citigroup , Inc , said , ` Citi is extremely pleased to be providing global custody services to Pohjola Group Bank ."
Teleste was set up in 1954 and is divided into Broadband Cable Networks and Video Networks business areas .,1,Teleste was set up in 1954 and is divided into Broadband Cable Networks and Video Networks business areas .
Comparable operating profit decreased to EUR 13.8 mn from EUR 17.1 mn in the corresponding period in 2005 .,0,Comparable operating profit decreased to EUR 13.8 mn from EUR 17.1 mn in the corresponding period in 2005 .
"Operating profit , excluding non-recurring items , totalled EUR 2.2 mn , down from EUR 2.7 mn in the corresponding period in 2008 .",0,"Operating profit , excluding non-recurring items , totalled EUR 2.2 mn , down from EUR 2.7 mn in the corresponding period in 2008 ."
Finnish glass technology group Glaston Corporation ( OMX Helsinki : GLA1V ) reported on Thursday ( 14 August ) an operating profit of EUR6 .5 m on net sales of EUR201 .5 m for the period January-September 2008 .,1,Finnish glass technology group Glaston Corporation ( OMX Helsinki : GLA1V ) reported on Thursday ( 14 August ) an operating profit of EUR6 .5 m on net sales of EUR201 .5 m for the period January-September 2008 .
Net sales in 2007 are expected to be 10 % up on 2006 .,2,Net sales in 2007 are expected to be 10 % up on 2006 .
EBIT margin was up from 1.4 % to 5.1 % .,2,EBIT margin was up from 1.4 % to 5.1 % .
Poyry has a good track record of major transportation projects in Latin America .,2,Poyry has a good track record of major transportation projects in Latin America .
"Meanwhile , Nokia said that it will be able to deliver a complete range of services from deployment operations to consulting and integration to managed services as a result of the buyout .",2,"Meanwhile , Nokia said that it will be able to deliver a complete range of services from deployment operations to consulting and integration to managed services as a result of the buyout ."
Operating profit fell to EUR 23.26 mn from EUR 32.86 mn .,0,Operating profit fell to EUR 23.26 mn from EUR 32.86 mn .
SAMPO PLC Jarmo Salonen Head of Investor Relations and Group Communications tel. +358 10 516 0030 Distribution : NASDAQ OMX Helsinki The principal media Financial Supervisory Authority www.sampo.com This announcement is distributed by Thomson Reuters on behalf of Thomson Reuters clients .,1,SAMPO PLC Jarmo Salonen Head of Investor Relations and Group Communications tel. +358 10 516 0030 Distribution : NASDAQ OMX Helsinki The principal media Financial Supervisory Authority www.sampo.com This announcement is distributed by Thomson Reuters on behalf of Thomson Reuters clients .
"The gross area of the Innova 2 project will be about 10,000 sq m ( 107,600 sq ft ) .",1,"The gross area of the Innova 2 project will be about 10,000 sq m ( 107,600 sq ft ) ."
"The contracts of the employees , 96 of whom are blue-collar workers , will be ended between March and August 2011 .",0,"The contracts of the employees , 96 of whom are blue-collar workers , will be ended between March and August 2011 ."
"Meanwhile , Electrowatt-Ekono Philippines , Inc. was also awarded a three-year operation and maintenance ( O&M ) contract by FR Cement Corporation .",2,"Meanwhile , Electrowatt-Ekono Philippines , Inc. was also awarded a three-year operation and maintenance ( O&M ) contract by FR Cement Corporation ."
Mformation provides enhanced management of these applications by enabling configuration and control throughout their lifecycle .,1,Mformation provides enhanced management of these applications by enabling configuration and control throughout their lifecycle .
"Also in Latvia , we act as a partner for bakery customers in both production and product development .",1,"Also in Latvia , we act as a partner for bakery customers in both production and product development ."
The company has some 410 employees and an annual turnover of EUR65 .4 m. Vaahto Group is listed on the Nordic Exchange in Helsinki .,1,The company has some 410 employees and an annual turnover of EUR65 .4 m. Vaahto Group is listed on the Nordic Exchange in Helsinki .
Atria chose the DeLight to attract consumers in the 25-45 age group to its Atria Fresh range of microwaveable meals .,1,Atria chose the DeLight to attract consumers in the 25-45 age group to its Atria Fresh range of microwaveable meals .
The net sales decreased to EUR 49.8 million from EUR 59.9 million .,0,The net sales decreased to EUR 49.8 million from EUR 59.9 million .
Ramirent made 18 million kroons EUR 1.15 mln loss last year ; the year before the company was 7.3 million kroons in the black .,0,Ramirent made 18 million kroons EUR 1.15 mln loss last year ; the year before the company was 7.3 million kroons in the black .
The Extraordinary General Meeting is expected to take place no later than 18 February 2011 .,1,The Extraordinary General Meeting is expected to take place no later than 18 February 2011 .
The maritime administration said the ships had ignored warnings about the icy conditions .,0,The maritime administration said the ships had ignored warnings about the icy conditions .
Net interest income increased by 4.5 % to EUR 31.4 mn from EUR 30.0 mn in 2004 .,2,Net interest income increased by 4.5 % to EUR 31.4 mn from EUR 30.0 mn in 2004 .
"Operating profit totalled EUR 21.1 mn , up from EUR 18.6 mn in 2007 , representing 9.7 % of net sales .",2,"Operating profit totalled EUR 21.1 mn , up from EUR 18.6 mn in 2007 , representing 9.7 % of net sales ."
"In the building and home improvement trade , sales decreased by 22.5 % to EUR 201.4 mn .",0,"In the building and home improvement trade , sales decreased by 22.5 % to EUR 201.4 mn ."
"( ADP News ) - Oct 31 , 2008 - Finnish food company Raisio Oyj ( OMX : RAIVV ) said today that its net profit jumped to EUR 16.4 million ( USD 20.9 m ) for the first nine months of 2008 from EUR 1.1 million for the same period of 2",2,"( ADP News ) - Oct 31 , 2008 - Finnish food company Raisio Oyj ( OMX : RAIVV ) said today that its net profit jumped to EUR 16.4 million ( USD 20.9 m ) for the first nine months of 2008 from EUR 1.1 million for the same period of 2"
Finnish department store group Stockmann is planning to acquire about EUR 141mn through a directed issue and a rights offering .,1,Finnish department store group Stockmann is planning to acquire about EUR 141mn through a directed issue and a rights offering .
"`` Tom Doring has a long and successful career in the drives business , and he knows the American market .",1,"`` Tom Doring has a long and successful career in the drives business , and he knows the American market ."
"Finnish Ponsse has signed an agreement with Babcock Africa for the distribution and support of Ponsse forest machines , harvester heads , and information systems in South Africa .",2,"Finnish Ponsse has signed an agreement with Babcock Africa for the distribution and support of Ponsse forest machines , harvester heads , and information systems in South Africa ."
"Tikkurila , a division of Kemira group , controls about 23 % of the Russian market in its field and owns St. Petersburg paint producer TEX. .",1,"Tikkurila , a division of Kemira group , controls about 23 % of the Russian market in its field and owns St. Petersburg paint producer TEX. ."
"Rapala VMC Corporation Rapala , a leading fishing tackle and sporting goods manufacturer and distributor , is the main owner of Peltonen with its 80 % shareholding .",1,"Rapala VMC Corporation Rapala , a leading fishing tackle and sporting goods manufacturer and distributor , is the main owner of Peltonen with its 80 % shareholding ."
Terms were not disclosed .,1,Terms were not disclosed .
"According to the company , in addition to normal seasonal fluctuation the market situation has weakened during autumn 2008 .",0,"According to the company , in addition to normal seasonal fluctuation the market situation has weakened during autumn 2008 ."
New product launches in Finland will more than double from 2005 .,2,New product launches in Finland will more than double from 2005 .
LSC 's 30 employees will move to Ixonos with their existing status and benefits .,1,LSC 's 30 employees will move to Ixonos with their existing status and benefits .
"YIT CORPORATION SEPT. 24 , 2007 at 13:30 CORPORATE RELEASE STOCK EXCHANGE RELEASE YIT 'S CAPITAL MARKETS DAY IN LONDON , SEPT. 26 , 2007 On Wednesday , September 26 , 2007 , YIT will hold a Capital Markets Day for investors and analysts in London .",1,"YIT CORPORATION SEPT. 24 , 2007 at 13:30 CORPORATE RELEASE STOCK EXCHANGE RELEASE YIT 'S CAPITAL MARKETS DAY IN LONDON , SEPT. 26 , 2007 On Wednesday , September 26 , 2007 , YIT will hold a Capital Markets Day for investors and analysts in London ."
Raute is listed on the Nordic exchange in Helsinki .,1,Raute is listed on the Nordic exchange in Helsinki .
"The company is now withdrawing the second part , EUR 7.2 mn , of the investment commitment .",1,"The company is now withdrawing the second part , EUR 7.2 mn , of the investment commitment ."
The construction project is scheduled to start in the second quarter of 2009 and the new building is scheduled to be in place by the end of 2010 .,1,The construction project is scheduled to start in the second quarter of 2009 and the new building is scheduled to be in place by the end of 2010 .
Rautaruukki Corporation Stock exchange release 3 December 2009 at 12 noon Ruukki 's construction and engineering divisions are to further improve and adjust their operations in Finland .,2,Rautaruukki Corporation Stock exchange release 3 December 2009 at 12 noon Ruukki 's construction and engineering divisions are to further improve and adjust their operations in Finland .
Each option right entitles the holder to subscribe for one new share at a subscription price of EUR0 .045 during the subscription period which ends on 31 December 2013 .,1,Each option right entitles the holder to subscribe for one new share at a subscription price of EUR0 .045 during the subscription period which ends on 31 December 2013 .
Ruukki signed the contract with Norwegian company Veidekke Entreprenor AS .,2,Ruukki signed the contract with Norwegian company Veidekke Entreprenor AS .
"The combination of all services enabling us to offer a complex and strengthened service chain not only limited to the Baltic port connections but also for getting access to the world wide Grimaldi Network into the Mediterranean , Africa and North America `` says Uwe Bakosch .",2,"The combination of all services enabling us to offer a complex and strengthened service chain not only limited to the Baltic port connections but also for getting access to the world wide Grimaldi Network into the Mediterranean , Africa and North America `` says Uwe Bakosch ."
"It makes a wide range of mobile devices with services and software that enable people to experience music , navigation , video , television , imaging , games and business mobility .",1,"It makes a wide range of mobile devices with services and software that enable people to experience music , navigation , video , television , imaging , games and business mobility ."
The company expects its net sales for the whole 2009 to be at previous year levels .,1,The company expects its net sales for the whole 2009 to be at previous year levels .
This resulted in improved sales figures in Sweden .,2,This resulted in improved sales figures in Sweden .
"Seppala transferred the sale to a greater extent than last year to February , and this is reflected on the January sales figures .",1,"Seppala transferred the sale to a greater extent than last year to February , and this is reflected on the January sales figures ."
UPM-Kymmene has generated thirty-one consecutive quarters of positive EBITDA .,2,UPM-Kymmene has generated thirty-one consecutive quarters of positive EBITDA .
Kalmar Espana generated net sales of some 11.3 mln euro $ 14.8 mln in 2005 .,1,Kalmar Espana generated net sales of some 11.3 mln euro $ 14.8 mln in 2005 .
This corrensponds to 4.628 percent of Okmetic 's share capital and voting rights .,1,This corrensponds to 4.628 percent of Okmetic 's share capital and voting rights .
"Finnish construction company YIT Corporation is planning to build about 200 high-quality holiday homes near the Tahko ski and spa resort , in Finland .",2,"Finnish construction company YIT Corporation is planning to build about 200 high-quality holiday homes near the Tahko ski and spa resort , in Finland ."
"Metsa-Botnia will finance the payment of dividends , the repayment of capital and the repurchase of its own shares with the funds deriving from its divestment of the Uruguay operations , and shares in Pohjolan Voima , and by utilising its existing financing facilities .",1,"Metsa-Botnia will finance the payment of dividends , the repayment of capital and the repurchase of its own shares with the funds deriving from its divestment of the Uruguay operations , and shares in Pohjolan Voima , and by utilising its existing financing facilities ."
Finnish KCI Konecranes has raised its net sales growth estimate for 2006 from over 25 % to over 35 % .,2,Finnish KCI Konecranes has raised its net sales growth estimate for 2006 from over 25 % to over 35 % .
"The result will also be burdened by increased fixed costs associated with operations in China , and restructuring costs in Japan .",0,"The result will also be burdened by increased fixed costs associated with operations in China , and restructuring costs in Japan ."
"With the extension of the new contract for a further eight engines , the plant will now produce over 100 MW , it said .",2,"With the extension of the new contract for a further eight engines , the plant will now produce over 100 MW , it said ."
"The device can also be used for theft protection and positioning of vehicles , boats and other assets .",1,"The device can also be used for theft protection and positioning of vehicles , boats and other assets ."
"Finnish Metso will supply new wood handling and bleaching lines , as well as a rebuild of the kraft liner washing line for Klabin 's Tel+¬maco Borba mill in the Brazilian state of Paran+í .",2,"Finnish Metso will supply new wood handling and bleaching lines , as well as a rebuild of the kraft liner washing line for Klabin 's Tel+¬maco Borba mill in the Brazilian state of Paran+í ."
"The total size of the complex is around 25,000 m2 and the project will be constructed in stages .",1,"The total size of the complex is around 25,000 m2 and the project will be constructed in stages ."
Operating profit rose to EUR 27.8 mn from EUR 17.5 mn in 2008 .,2,Operating profit rose to EUR 27.8 mn from EUR 17.5 mn in 2008 .
Under this agreement Biohit becomes a focus supplier of pipettors and disposable pipettor tips to VWR customers throughout Europe .,2,Under this agreement Biohit becomes a focus supplier of pipettors and disposable pipettor tips to VWR customers throughout Europe .
"The total floor area of the plant expansion is 29,000 square metres .",1,"The total floor area of the plant expansion is 29,000 square metres ."
The result before taxes was a loss of 25.0 million euros .,1,The result before taxes was a loss of 25.0 million euros .
"Quarterly diluted EPS on continuing operations came in at 0.21 eur , compared with last year 's 0.12 eur .",2,"Quarterly diluted EPS on continuing operations came in at 0.21 eur , compared with last year 's 0.12 eur ."
"According to the notification , the holdings of Ameriprice Inc. and its group companies are now in total 808,973 shares , which represent 3.582 % of Tekla -¦ s shares and voting rights .",1,"According to the notification , the holdings of Ameriprice Inc. and its group companies are now in total 808,973 shares , which represent 3.582 % of Tekla -¦ s shares and voting rights ."
New Novator products are supposed to be exported .,1,New Novator products are supposed to be exported .
"In a release on Oct. 28 , Peab said the two businesses will continue to be conducted under the brands Cliffton and Stockholm Entreprenad , both part of the Peab Group .",1,"In a release on Oct. 28 , Peab said the two businesses will continue to be conducted under the brands Cliffton and Stockholm Entreprenad , both part of the Peab Group ."
"Currently Glaston employs approximately 1,500 persons .",1,"Currently Glaston employs approximately 1,500 persons ."
Kalmar has been awarded a new 5-year contract to supply its Rough Terrain Container Handler RTCH .,2,Kalmar has been awarded a new 5-year contract to supply its Rough Terrain Container Handler RTCH .
"Following the payment made in April , the company has a total of EUR 23.0 million in loans from financial institutions .",1,"Following the payment made in April , the company has a total of EUR 23.0 million in loans from financial institutions ."
"Finnish-owned contract manufacturer of electronics Elcoteq Hungary Kft has announced plans to recruit more than 650 new staffers to fulfill new orders in P+®cs , where the company has two plants .",2,"Finnish-owned contract manufacturer of electronics Elcoteq Hungary Kft has announced plans to recruit more than 650 new staffers to fulfill new orders in P+®cs , where the company has two plants ."
"The company has a continuous need for alloys such as nickel , ferro-chrome , molybdenum and manganese in its production , said Talvivaara .",1,"The company has a continuous need for alloys such as nickel , ferro-chrome , molybdenum and manganese in its production , said Talvivaara ."
The event can also be viewed as a live audio webcast at www.ahlstrom.com .,1,The event can also be viewed as a live audio webcast at www.ahlstrom.com .
Altogether Finnair has canceled over 500 flights because of the strike .,0,Altogether Finnair has canceled over 500 flights because of the strike .
The non-recurring costs caused to Talentum 's Premedia business area by the restructuring will amount to 2.0 mln euro $ 2.7 mln and will be included in the company 's financial results for the second quarter of 2007 .,1,The non-recurring costs caused to Talentum 's Premedia business area by the restructuring will amount to 2.0 mln euro $ 2.7 mln and will be included in the company 's financial results for the second quarter of 2007 .
"narrows to EUR2 .8 m 9-mo '09 29 October 2009 - Finnish software and hardware developer Elektrobit Oyj HEL : EBG1V , or EB , said today that its net loss narrowed to EUR2 .8 m for the first nine months of 2009 from EUR35 .6 m for the same period a year ago .",2,"narrows to EUR2 .8 m 9-mo '09 29 October 2009 - Finnish software and hardware developer Elektrobit Oyj HEL : EBG1V , or EB , said today that its net loss narrowed to EUR2 .8 m for the first nine months of 2009 from EUR35 .6 m for the same period a year ago ."
"The offer of some 30 million shares aimed to raise more than  x20ac 500 million US$ 640 million , was expected to be completed by Oct. 9 , Outokumpu said .",1,"The offer of some 30 million shares aimed to raise more than x20ac 500 million US$ 640 million , was expected to be completed by Oct. 9 , Outokumpu said ."
: Lietuvos Respublikos sveikatos apsaugos ministerija has awarded contract to UAB `` AFFECTO LIETUVA '' for financial systems software package .,2,: Lietuvos Respublikos sveikatos apsaugos ministerija has awarded contract to UAB `` AFFECTO LIETUVA '' for financial systems software package .
"At 3:37 p.m. Eastern time , a block of 2,400 contracts changed hands at a bid price of $ 0.45 .",1,"At 3:37 p.m. Eastern time , a block of 2,400 contracts changed hands at a bid price of $ 0.45 ."
"The order comprises all production lines for a plywood mill , company said in a statement received by Lesprom Network .",1,"The order comprises all production lines for a plywood mill , company said in a statement received by Lesprom Network ."
"The prerequisite for inclusion in the program and for receipt of any gains is that key employees acquire Aspo shares to the amount determined by the Board in advance , in the maximum .",1,"The prerequisite for inclusion in the program and for receipt of any gains is that key employees acquire Aspo shares to the amount determined by the Board in advance , in the maximum ."
"The airline estimated that the cancellation of its flights due to the closure of European airspace , and the process of recommencing traffic , have caused a the company a loss of EUR20m , including the costs of stranded passengers ' accommodation .",0,"The airline estimated that the cancellation of its flights due to the closure of European airspace , and the process of recommencing traffic , have caused a the company a loss of EUR20m , including the costs of stranded passengers ' accommodation ."
The amendment will not incur additional costs .,1,The amendment will not incur additional costs .
"Coca-Cola was the market leader of manufacturers with a market share of 36.9 % , down 2.2 % from the corresponding period in 2004-2005 .",0,"Coca-Cola was the market leader of manufacturers with a market share of 36.9 % , down 2.2 % from the corresponding period in 2004-2005 ."
"The transaction doubles Tecnomens workforse , and adds a fourth to their net sales .",2,"The transaction doubles Tecnomens workforse , and adds a fourth to their net sales ."
"Both operating profit and net sales for the six-month period increased , respectively from EUR0 .4 m and EUR3 .2 m , as compared to the corresponding period in 2005 .",2,"Both operating profit and net sales for the six-month period increased , respectively from EUR0 .4 m and EUR3 .2 m , as compared to the corresponding period in 2005 ."
"Indigo and Somoncom serve 377,000 subscribers and had a market share of approximately 27 % as of May 2007 .",1,"Indigo and Somoncom serve 377,000 subscribers and had a market share of approximately 27 % as of May 2007 ."
Mr Jortikka is president of the base metal division of Outotec Oyj in Finland and is on the executive committee of Outotec .,1,Mr Jortikka is president of the base metal division of Outotec Oyj in Finland and is on the executive committee of Outotec .
QPR ProcessGuide is available as a system solution with centralized storage and management of process content as well as a standalone desktop version ; QPR ProcessGuide Xpress .,1,QPR ProcessGuide is available as a system solution with centralized storage and management of process content as well as a standalone desktop version ; QPR ProcessGuide Xpress .
"( ADPnews ) - May 4 , 2010 - Finnish cutlery and hand tools maker Fiskars Oyj Abp ( HEL : FISAS ) said today its net profit declined to EUR 12.9 million ( USD 17m ) in the first quarter of 2010 from EUR 17 million in the correspond",0,"( ADPnews ) - May 4 , 2010 - Finnish cutlery and hand tools maker Fiskars Oyj Abp ( HEL : FISAS ) said today its net profit declined to EUR 12.9 million ( USD 17m ) in the first quarter of 2010 from EUR 17 million in the correspond"
The combined capital of these funds is expected to be EUR 100mn-150mn .,1,The combined capital of these funds is expected to be EUR 100mn-150mn .
The solution will now be expanded to include all ground staff tasks .,1,The solution will now be expanded to include all ground staff tasks .
"Finnish bank Pohjola Bank Plc HEL : POH1S said today that it will issue a EUR 40 million USD 51.2 m index-linked bond , Pohjola Tutkimuksen Tahdet VIII-2010 Pohjola Research Stars VIII-2010 , on October 27 , 2010 .",1,"Finnish bank Pohjola Bank Plc HEL : POH1S said today that it will issue a EUR 40 million USD 51.2 m index-linked bond , Pohjola Tutkimuksen Tahdet VIII-2010 Pohjola Research Stars VIII-2010 , on October 27 , 2010 ."
"When the OMX market forwards mature on May 16 , 2008 , Novator Finland Oy 's direct shareholding in Amer Sports Corporation will exceed one-fifth 1-5 of the company 's shares and voting rights .",1,"When the OMX market forwards mature on May 16 , 2008 , Novator Finland Oy 's direct shareholding in Amer Sports Corporation will exceed one-fifth 1-5 of the company 's shares and voting rights ."
"Retail chain Suomen L+ñhikauppa was given the index 5.8 , airline SAS 5.8 , TeliaSonera 's broadband 6.1 , German retail chain Lidl 6.1 , Tele Finland 's mobile subscriptions 6.1 , Tallink shipping line 6.3 , and power company Helsinki Energy 6.3 .",1,"Retail chain Suomen L+ñhikauppa was given the index 5.8 , airline SAS 5.8 , TeliaSonera 's broadband 6.1 , German retail chain Lidl 6.1 , Tele Finland 's mobile subscriptions 6.1 , Tallink shipping line 6.3 , and power company Helsinki Energy 6.3 ."
"Nokia will continue to invest in future development of Qt for the benefit of all users , both Commercial and LGPL .",2,"Nokia will continue to invest in future development of Qt for the benefit of all users , both Commercial and LGPL ."
"F-Secure , a developer of security solutions as a service through Internet Service Providers and mobile operators , announced results from its annual Online Wellbeing Survey .",1,"F-Secure , a developer of security solutions as a service through Internet Service Providers and mobile operators , announced results from its annual Online Wellbeing Survey ."
This wood lacquered clock comes with a stripy hand-crocheted cover .,1,This wood lacquered clock comes with a stripy hand-crocheted cover .
The pretax profit of the group 's life insurance business increased to EUR36m from EUR27m .,2,The pretax profit of the group 's life insurance business increased to EUR36m from EUR27m .
"Risto Raty , Tekla 's executive vice president , said that Tekla Structures and ArchiCAD will cover the entire design and documentation workflow throughout a construction project .",1,"Risto Raty , Tekla 's executive vice president , said that Tekla Structures and ArchiCAD will cover the entire design and documentation workflow throughout a construction project ."
"Earnings per share ( EPS ) for the first quarter 2007 amounted to EUR0 .07 , up from EUR0 .04 .",2,"Earnings per share ( EPS ) for the first quarter 2007 amounted to EUR0 .07 , up from EUR0 .04 ."
"Body The credit falls due February 24 , 2014 .",1,"Body The credit falls due February 24 , 2014 ."
"The disposal of Autotank will also strengthen Aspo 's capital structure , '' commented Gustav Nyberg , CEO of Aspo .",2,"The disposal of Autotank will also strengthen Aspo 's capital structure , '' commented Gustav Nyberg , CEO of Aspo ."
Finnish automation solutions developer Cencorp Corporation ( OMX Helsinki : CNC1V ) reported on Thursday ( 6 November ) an operating loss of EUR1 .3 m on net sales of EUR11 .9 m for the period January to September 2008 .,1,Finnish automation solutions developer Cencorp Corporation ( OMX Helsinki : CNC1V ) reported on Thursday ( 6 November ) an operating loss of EUR1 .3 m on net sales of EUR11 .9 m for the period January to September 2008 .
The economic occupancy rate of Sponda 's property portfolio rose to 91.2 % from 88.8 % in 2006 .,2,The economic occupancy rate of Sponda 's property portfolio rose to 91.2 % from 88.8 % in 2006 .
"At this stage , a maximum of 60,000 Tulikivi Series A shares will be acquired , representing about 0.16 per cent of the company -¦ s shares outstanding .",1,"At this stage , a maximum of 60,000 Tulikivi Series A shares will be acquired , representing about 0.16 per cent of the company -¦ s shares outstanding ."
Basware Einvoices Oy will be merged into the parent company during the present fiscal period .,1,Basware Einvoices Oy will be merged into the parent company during the present fiscal period .
"A maximum of 20 employees , who work in Karttakeskus and are responsible for producing Geographic Information Services , will be affected , the company added .",1,"A maximum of 20 employees , who work in Karttakeskus and are responsible for producing Geographic Information Services , will be affected , the company added ."
"The report goes on to provide detailed profiles of ten leading European specialty chemicals companies , and brief profiles of other major players .",1,"The report goes on to provide detailed profiles of ten leading European specialty chemicals companies , and brief profiles of other major players ."
Revenues at the same time grew 14 percent to 43 million euros .,2,Revenues at the same time grew 14 percent to 43 million euros .
`` We could be there .,1,`` We could be there .
"The inventors are Bylander Johan , Ponten Fredrik and Lundberg Jorgen .",1,"The inventors are Bylander Johan , Ponten Fredrik and Lundberg Jorgen ."
Investment management and investment advisory services are the company 's sole line of business .,1,Investment management and investment advisory services are the company 's sole line of business .
"For Teleste , the acquisition marks an entry into services business in a market where it has long been an established and significant supplier of products .",2,"For Teleste , the acquisition marks an entry into services business in a market where it has long been an established and significant supplier of products ."
"During the strike , Finnair estimates to incur a net loss of between EUR2m and EUR2 .5 m per day .",0,"During the strike , Finnair estimates to incur a net loss of between EUR2m and EUR2 .5 m per day ."
The firm generated sales of 187 mln eur in 2005 .,1,The firm generated sales of 187 mln eur in 2005 .
The company closed last year with a turnover of about four million euros .,1,The company closed last year with a turnover of about four million euros .
Efore has decided to establish a company for eletric vehicle ( EV ) business in China .,1,Efore has decided to establish a company for eletric vehicle ( EV ) business in China .
The third order awarded to Outokumpu Technology is by Shalkiya Zinc of Kazakhstan for the Shalkiya zinc-lead project in Kazakhstan .,2,The third order awarded to Outokumpu Technology is by Shalkiya Zinc of Kazakhstan for the Shalkiya zinc-lead project in Kazakhstan .
"Established in 1987 , the SRV Group is a private Finnish construction concern with operations in Finland , the Baltic countries and Russia .",1,"Established in 1987 , the SRV Group is a private Finnish construction concern with operations in Finland , the Baltic countries and Russia ."
"Country : , Finland Sector : Construction-Real Estate Target : Pohjolan Design-Talo Oy Buyer : CapMan Oyj Vendor : Ruukki Group Oyj Deal size in USD : 102.6 m Type : Divestment Status : Agreed",1,"Country : , Finland Sector : Construction-Real Estate Target : Pohjolan Design-Talo Oy Buyer : CapMan Oyj Vendor : Ruukki Group Oyj Deal size in USD : 102.6 m Type : Divestment Status : Agreed"
"The outsourced Scan and Capture solutions transfer paper invoices into electronic format , and Basware Business Transactions Service allows the customer to receive and send invoices in an electronic format .",1,"The outsourced Scan and Capture solutions transfer paper invoices into electronic format , and Basware Business Transactions Service allows the customer to receive and send invoices in an electronic format ."
These savings will have full impact as of the beginning of 2007 .,1,These savings will have full impact as of the beginning of 2007 .
The company 's net sales in 2009 totalled MEUR 307.8 with an operating margin of 13.5 per cent .,1,The company 's net sales in 2009 totalled MEUR 307.8 with an operating margin of 13.5 per cent .
"Finnish Konecranes is again trying to acquire Italian Fantuzzi , a manufacturer of gantry cranes and reach stackers .",1,"Finnish Konecranes is again trying to acquire Italian Fantuzzi , a manufacturer of gantry cranes and reach stackers ."
Part of the reductions will be made through retirement arrangements .,1,Part of the reductions will be made through retirement arrangements .
Earnings per share were EUR -0.04 -0.06 .,1,Earnings per share were EUR -0.04 -0.06 .
"Sarantel , based in Wellingborough , UK , designs high-performance antennas for portable wireless devices .",1,"Sarantel , based in Wellingborough , UK , designs high-performance antennas for portable wireless devices ."
"According to Chairman Michael Hornborg , the organizations has merely criticised Raisio 's weak performance .",1,"According to Chairman Michael Hornborg , the organizations has merely criticised Raisio 's weak performance ."
No financial detail were available .,1,No financial detail were available .
The robust growth was the result of the inclusion of clothing chain Lindex in the Group in December 2007 .,2,The robust growth was the result of the inclusion of clothing chain Lindex in the Group in December 2007 .
Efore 's CEO Reijo Maihaniemi said that the company has developed and already delivered power supply units to respective systems based on this technology to Chinese sector company ZTE Corp SHE : 000063 .,1,Efore 's CEO Reijo Maihaniemi said that the company has developed and already delivered power supply units to respective systems based on this technology to Chinese sector company ZTE Corp SHE : 000063 .
Elcoteq has a global network of After Market Service sites which have a long experience in serving Consumer Electronics and Systems Solutions customers .,1,Elcoteq has a global network of After Market Service sites which have a long experience in serving Consumer Electronics and Systems Solutions customers .
"Tieto 's service is also used to send , process and receive materials related to absentee voting .",1,"Tieto 's service is also used to send , process and receive materials related to absentee voting ."
Finnish Cargotec 's Kalmar has received a significant order from the US Department of Defense .,2,Finnish Cargotec 's Kalmar has received a significant order from the US Department of Defense .
Radiation and today is a full service house expert in radiation and nuclear safety issues .,1,Radiation and today is a full service house expert in radiation and nuclear safety issues .
The company reported net sales of 302 mln euro $ 441.6 mln and an operating margin of 16 pct in 2006 .,1,The company reported net sales of 302 mln euro $ 441.6 mln and an operating margin of 16 pct in 2006 .
"The Hayward , Calif.-based target designs active , casual and dress footwear , as well as boots and sandals .",1,"The Hayward , Calif.-based target designs active , casual and dress footwear , as well as boots and sandals ."
Commission income fell to EUR 4.6 mn from EUR 5.1 mn in the corresponding period in 2007 .,0,Commission income fell to EUR 4.6 mn from EUR 5.1 mn in the corresponding period in 2007 .
"I am looking forward to contribute to SRV 's success with my competence '' , says Taneli Hassinen .",2,"I am looking forward to contribute to SRV 's success with my competence '' , says Taneli Hassinen ."
Operating profit excluding restructuring costs grew to EUR 44.5 million from EUR 31.7 million while operating profit including restructuring costs showed even larger growth to EUR 38.5 million from EUR 7.4 million .,2,Operating profit excluding restructuring costs grew to EUR 44.5 million from EUR 31.7 million while operating profit including restructuring costs showed even larger growth to EUR 38.5 million from EUR 7.4 million .
Rapala Fishing Frenzy 2009 .,1,Rapala Fishing Frenzy 2009 .
"The move will be carried out by transferring HKScan 's production-related property , plant , equipment , as well as its holdings in subsidiaries and associate companies in the country to HKScan Finland .",1,"The move will be carried out by transferring HKScan 's production-related property , plant , equipment , as well as its holdings in subsidiaries and associate companies in the country to HKScan Finland ."
"Includes company and brand share data by category , as well as distribution channel data .",1,"Includes company and brand share data by category , as well as distribution channel data ."
"The total scholarship amount was 40,000 euros and the recipients were chosen on the recommendation of fine arts universities and sports associations .",1,"The total scholarship amount was 40,000 euros and the recipients were chosen on the recommendation of fine arts universities and sports associations ."
Efficiency programs totalling 100 million euros are under way in Finnair .,2,Efficiency programs totalling 100 million euros are under way in Finnair .
`` They 've already allocated money for the inventory .,1,`` They 've already allocated money for the inventory .
"( ADP News ) - Nov 3 , 2008 - Finnish paper , packaging and forest products company Stora Enso Oyj ( OMX : STERV ) said today that it would invest EUR 137 million ( USD 176.6 m ) in the building of a power plant at its Ostroleka Mi",1,"( ADP News ) - Nov 3 , 2008 - Finnish paper , packaging and forest products company Stora Enso Oyj ( OMX : STERV ) said today that it would invest EUR 137 million ( USD 176.6 m ) in the building of a power plant at its Ostroleka Mi"
The repurchases shall decrease the distributable capital and reserves .,0,The repurchases shall decrease the distributable capital and reserves .
"Finnish electronics contract maker Incap Oyj said on January 3 , 2008 it sold its manufacturing facilities in Helsinki to local real estate company Sponda Oyj for 5.3 mln euro ( $ 7.8 mln ) .",1,"Finnish electronics contract maker Incap Oyj said on January 3 , 2008 it sold its manufacturing facilities in Helsinki to local real estate company Sponda Oyj for 5.3 mln euro ( $ 7.8 mln ) ."
"The largest restructuring is planned for Italy , where negotiations on about 40 job cuts are to be initiated today , the company noted .",0,"The largest restructuring is planned for Italy , where negotiations on about 40 job cuts are to be initiated today , the company noted ."
"4 February 2011 - Finnish broadband data communication systems provider Teleste Oyj HEL : TLT1V saw its net profit jump to EUR2 .1 m for the last quarter of 2010 from EUR995 ,000 for the same period of 2009 .",2,"4 February 2011 - Finnish broadband data communication systems provider Teleste Oyj HEL : TLT1V saw its net profit jump to EUR2 .1 m for the last quarter of 2010 from EUR995 ,000 for the same period of 2009 ."
"The company 's plant in Russia will continue to make tyres for its near markets , while the plant in Nokia in Finland will manufacture tyres for other markets .",1,"The company 's plant in Russia will continue to make tyres for its near markets , while the plant in Nokia in Finland will manufacture tyres for other markets ."
Scanfil plc is a global contract manufacturer and systems supplier for communication and industrial electronics .,1,Scanfil plc is a global contract manufacturer and systems supplier for communication and industrial electronics .
Three students from Universiti Sains Malaysia have won a study trip to Helsinki .,1,Three students from Universiti Sains Malaysia have won a study trip to Helsinki .
- UPM-Kymmene upgraded to ` in-line ' from ` underperform ' by Goldman Sachs .,2,- UPM-Kymmene upgraded to ` in-line ' from ` underperform ' by Goldman Sachs .
"However , the proportion of the paid standing orders grew in 2009 .",2,"However , the proportion of the paid standing orders grew in 2009 ."
"In 2009 , Lee & Man had a combined annual production capacity of close to 4.5 million tonnes of paper and 300,000 tonnes of pulp .",1,"In 2009 , Lee & Man had a combined annual production capacity of close to 4.5 million tonnes of paper and 300,000 tonnes of pulp ."
The properties were purchased from Swedish private equity real estate firm Niam and Goldman Sachs ' Whitehall Street Real Estate Funds .,1,The properties were purchased from Swedish private equity real estate firm Niam and Goldman Sachs ' Whitehall Street Real Estate Funds .
Finnish Raute Precision has won large glass batch plant and mortar plant orders from Mexico and the US .,2,Finnish Raute Precision has won large glass batch plant and mortar plant orders from Mexico and the US .
"( ADP News ) - Feb 11 , 2009 - Finnish wood products technology supplier Raute Oyj ( HEL : RUTAV ) said today its net profit decreased to EUR 4.7 million ( USD 6.1 m ) for 2008 from EUR 6.6 million for 2007 .",0,"( ADP News ) - Feb 11 , 2009 - Finnish wood products technology supplier Raute Oyj ( HEL : RUTAV ) said today its net profit decreased to EUR 4.7 million ( USD 6.1 m ) for 2008 from EUR 6.6 million for 2007 ."
Filmiteollisuus Fine Ab will be transferred to Talentum Oyj in the form of a subsidiary .,1,Filmiteollisuus Fine Ab will be transferred to Talentum Oyj in the form of a subsidiary .
"The train is expected to cross the Russian territory in 9 days , reaching the Vostochny port .",1,"The train is expected to cross the Russian territory in 9 days , reaching the Vostochny port ."
"Shareholder 's full name and ID code : - Petri Ailus , born 15.9.1966 For further information , please contact Isto Hantila , CEO , tel. +358 9 591 8342 .",1,"Shareholder 's full name and ID code : - Petri Ailus , born 15.9.1966 For further information , please contact Isto Hantila , CEO , tel. +358 9 591 8342 ."
"Neste Oil extended yesterday 's gains and put on 0.49 pct to 22.72 eur , while utility Fortum shed 1.14 pct to 20.76 eur .",1,"Neste Oil extended yesterday 's gains and put on 0.49 pct to 22.72 eur , while utility Fortum shed 1.14 pct to 20.76 eur ."
However short-term rentals are becoming more popular .,1,However short-term rentals are becoming more popular .
"The Baltimore Police and Fire Pension , which has about $ 1.5 billion , lost about $ 3.5 million in Madoff Ponzi scheme .",0,"The Baltimore Police and Fire Pension , which has about $ 1.5 billion , lost about $ 3.5 million in Madoff Ponzi scheme ."
The capital structure of Solidium may be complemented by other financial instruments in the future .,1,The capital structure of Solidium may be complemented by other financial instruments in the future .
"CapMan , with offices in Helsinki , Stockholm , Copenhagen and Oslo , manages Nordic buyout , mezzanine , technology , life science and real estate funds with approximately EUR2 .6 bn in total capital .",1,"CapMan , with offices in Helsinki , Stockholm , Copenhagen and Oslo , manages Nordic buyout , mezzanine , technology , life science and real estate funds with approximately EUR2 .6 bn in total capital ."
"mn , and pretax profit to EUR 46.4 mn from EUR 35.8 mn in the third quarter of 2006 .",2,"mn , and pretax profit to EUR 46.4 mn from EUR 35.8 mn in the third quarter of 2006 ."
Pharmaceuticals - Czech Republic This brand-new market analysis gives a clear overview of the actual situation and future outlook of the pharmaceutical market in Czech Republic .,1,Pharmaceuticals - Czech Republic This brand-new market analysis gives a clear overview of the actual situation and future outlook of the pharmaceutical market in Czech Republic .
"CapMan said the deal 's effect on its cash flow for 2009 totals EUR3 .4 m , but the transaction would not affect its financial results for 2009 as it was executed at fair value .",1,"CapMan said the deal 's effect on its cash flow for 2009 totals EUR3 .4 m , but the transaction would not affect its financial results for 2009 as it was executed at fair value ."
The company 's market share is continued to increase further .,2,The company 's market share is continued to increase further .
"Of these shares 14,747,084 are held by the Company and the number of outstanding shares and voting rights attached to the shares amounts thus to 161,256,847 .",1,"Of these shares 14,747,084 are held by the Company and the number of outstanding shares and voting rights attached to the shares amounts thus to 161,256,847 ."
Export declined by 6 percent to 16.4 million liters .,0,Export declined by 6 percent to 16.4 million liters .
As a result some 20 persons will no longer be needed .,0,As a result some 20 persons will no longer be needed .
The airline 's share price closed down slightly at (  x20ac ) 12.51 ( $ 15US .74 ) in Helsinki .,0,The airline 's share price closed down slightly at ( x20ac ) 12.51 ( $ 15US .74 ) in Helsinki .
"The Daily Graphic newspaper , in October , reported an initiative being embarked upon by the Fidelity Bank to partner Ghana Post , which has offices across the country , to offer financial services to the unbanked and under-banked in the country .",1,"The Daily Graphic newspaper , in October , reported an initiative being embarked upon by the Fidelity Bank to partner Ghana Post , which has offices across the country , to offer financial services to the unbanked and under-banked in the country ."
"The company will disclose further details , including the anticipated transaction timetable and the name of the new investor , within one week .",1,"The company will disclose further details , including the anticipated transaction timetable and the name of the new investor , within one week ."
`` The new unit is a major investment in the Finnish media scene .,1,`` The new unit is a major investment in the Finnish media scene .
"Before Kemira 's installation NordAlu was producing 3,500 tons of liquid and solid aluminum waste per year .",1,"Before Kemira 's installation NordAlu was producing 3,500 tons of liquid and solid aluminum waste per year ."
"The company said production volumes so far indicate the circuit is capable of the targeted output rate of 60,000 tonnes per day , or 22 million tonnes a year .",1,"The company said production volumes so far indicate the circuit is capable of the targeted output rate of 60,000 tonnes per day , or 22 million tonnes a year ."
"According to Viking Line 's Managing Director , Nils-Erik Eklund , the company 's Board of Directors is very satisfied with Viking Line 's performance .",2,"According to Viking Line 's Managing Director , Nils-Erik Eklund , the company 's Board of Directors is very satisfied with Viking Line 's performance ."
"Microsoft also churned up its courtship , agreeing to use the Navteq mapping service , which is offered by a company Nokia bought for $ 8.1 billion a few years ago .",2,"Microsoft also churned up its courtship , agreeing to use the Navteq mapping service , which is offered by a company Nokia bought for $ 8.1 billion a few years ago ."
( A spokesperson told WWD to expect a 50-50 mix of clothing and home decor . ),1,( A spokesperson told WWD to expect a 50-50 mix of clothing and home decor . )
"The E7 smartphone will be available for Rs35 ,000 per handset across India , '' Nokia India vice-president & managing director D Shivakumar told reporters .",1,"The E7 smartphone will be available for Rs35 ,000 per handset across India , '' Nokia India vice-president & managing director D Shivakumar told reporters ."
"Arto Ryymin , born 1964 , will replace Juhani Kaisanlahti who has worked as acting EVP , Healthcare & Welfare since August 2007 .",1,"Arto Ryymin , born 1964 , will replace Juhani Kaisanlahti who has worked as acting EVP , Healthcare & Welfare since August 2007 ."
"According to the company , a decision in the issue will be made in the summer of 2010 , at the earliest , and in the summer of 2011 , at the latest .",1,"According to the company , a decision in the issue will be made in the summer of 2010 , at the earliest , and in the summer of 2011 , at the latest ."
"Fortum is looking to invest in several new production units , including a new waste-fired unit at its Brista combined heat and power ( CHP ) plant and a biofuels-based production unit at Vartan CHP plant .",1,"Fortum is looking to invest in several new production units , including a new waste-fired unit at its Brista combined heat and power ( CHP ) plant and a biofuels-based production unit at Vartan CHP plant ."
The new B shares carry the right to dividend and other shareholder rights with effect from today .,1,The new B shares carry the right to dividend and other shareholder rights with effect from today .
Its other well-known brands include fitness equipment maker Precor and U.S. - based ball sports equipment maker Wilson .,1,Its other well-known brands include fitness equipment maker Precor and U.S. - based ball sports equipment maker Wilson .
"Dealers said the share was largely hit by investor disappointment about a refining margin of just 9.48 usd per barrel for the quarter and the performance of its shipping unit , which saw EBIT drop to 5 mln eur from 20 mln eur a year amid a fall in volumes and tanker rates .",0,"Dealers said the share was largely hit by investor disappointment about a refining margin of just 9.48 usd per barrel for the quarter and the performance of its shipping unit , which saw EBIT drop to 5 mln eur from 20 mln eur a year amid a fall in volumes and tanker rates ."
Device volume in the area decreased by 21 % to 2.7 mn units .,0,Device volume in the area decreased by 21 % to 2.7 mn units .
"NAVTEQ has a commanding lead in installed map data systems in North American vehicles and may be the leader in turn-by-turn navigation data offered by services such as OnStar in North America , said analyst Phil Magney of Telematics Research Group in Minnetonka , Minn. .",2,"NAVTEQ has a commanding lead in installed map data systems in North American vehicles and may be the leader in turn-by-turn navigation data offered by services such as OnStar in North America , said analyst Phil Magney of Telematics Research Group in Minnetonka , Minn. ."
"Based on negotiations with personnel , some 20 % have indicated their willingness to move to the new location .",1,"Based on negotiations with personnel , some 20 % have indicated their willingness to move to the new location ."
"The new company will likely hold an IPO on the NYSE or another international stock exchange , according to Altimo which manages the Alfa Group 's telecommunications assets and TeliaSonera 's agreement , which has been published on the website of the U.S. Securities and Exchange Commission .",1,"The new company will likely hold an IPO on the NYSE or another international stock exchange , according to Altimo which manages the Alfa Group 's telecommunications assets and TeliaSonera 's agreement , which has been published on the website of the U.S. Securities and Exchange Commission ."
"Seventy-three of those also have more extensive training in products built on the latest ArchestrA technologies , such as the Wonderware System Platform .",1,"Seventy-three of those also have more extensive training in products built on the latest ArchestrA technologies , such as the Wonderware System Platform ."
"In parallel , TeliaSonera has decided to conduct a compulsory acquisition .",1,"In parallel , TeliaSonera has decided to conduct a compulsory acquisition ."
`` The trend in the sports and leisure markets was favorable in the first months of the year .,2,`` The trend in the sports and leisure markets was favorable in the first months of the year .
"The composite body is coated with a hard coating layer produced by thermal spraying , and the coating is ground . ''",1,"The composite body is coated with a hard coating layer produced by thermal spraying , and the coating is ground . ''"
"Seller is the Finnish Elcoteq Group , the largest European electronics manufacturing services company .",1,"Seller is the Finnish Elcoteq Group , the largest European electronics manufacturing services company ."
You 're not alone .,1,You 're not alone .
"This could be any of us at any time , '' she said .",1,"This could be any of us at any time , '' she said ."
"A total of 16.5 mn passenger ship journeys took place in the northern Baltic Sea in 2007 , slightly down from 16.5 mn in 2006 .",0,"A total of 16.5 mn passenger ship journeys took place in the northern Baltic Sea in 2007 , slightly down from 16.5 mn in 2006 ."
The company expects meat purchases to remain at about 8mn kilos in 2011 .,1,The company expects meat purchases to remain at about 8mn kilos in 2011 .
The new policy was also aimed at making the companies more profitable and competitive .,2,The new policy was also aimed at making the companies more profitable and competitive .
Talentum acquired a 47.5 pct stake in Varesvuo Partners in 1997 and the remaining in 2002 and 2005 .,1,Talentum acquired a 47.5 pct stake in Varesvuo Partners in 1997 and the remaining in 2002 and 2005 .
"Commission income decreased to EUR 3.8 mn , compared to EUR 4.6 mn in the third quarter of 2007 .",0,"Commission income decreased to EUR 3.8 mn , compared to EUR 4.6 mn in the third quarter of 2007 ."
The company anticipates its turnover for the whole 2010 to surpass that of the previous year when it was EUR 67.1 million .,2,The company anticipates its turnover for the whole 2010 to surpass that of the previous year when it was EUR 67.1 million .
"The decision of the French Court relates to the claims raised by twenty-one former Aspocomp S.A.S employees , the company said .",1,"The decision of the French Court relates to the claims raised by twenty-one former Aspocomp S.A.S employees , the company said ."
Orion Pharma 's operating profit increased by 42.5 % from 2004 .,2,Orion Pharma 's operating profit increased by 42.5 % from 2004 .
"ADP News - Nov 6 , 2008 - Finnish retail software developer Aldata Solution Oyj OMX : ALD1V said today that it swung to a net profit of EUR 2.1 million USD 2.7 m for the first nine months of 2008 versus a net loss of EU",2,"ADP News - Nov 6 , 2008 - Finnish retail software developer Aldata Solution Oyj OMX : ALD1V said today that it swung to a net profit of EUR 2.1 million USD 2.7 m for the first nine months of 2008 versus a net loss of EU"
"In the Czech Republic , the profiling unit at Ostrava will be closed and the machinery will be relocated to Ruukki 's bigger plants in Hungary , Poland and Romania by the end of the first quarter of 2009 .",1,"In the Czech Republic , the profiling unit at Ostrava will be closed and the machinery will be relocated to Ruukki 's bigger plants in Hungary , Poland and Romania by the end of the first quarter of 2009 ."
Terms of the acquisition were not disclosed .,1,Terms of the acquisition were not disclosed .
Airvana 's UMTS Home Base Station femto cell uses software-based functionality and off-the-shelf silicon to accelerate feature development and reduce product cost .,2,Airvana 's UMTS Home Base Station femto cell uses software-based functionality and off-the-shelf silicon to accelerate feature development and reduce product cost .
The use case dramatically narrows if you go only with the hot s Ltd.,1,The use case dramatically narrows if you go only with the hot s Ltd.
"` Our strategic cooperation with Rentakran brings us new customers and already-working relationships with the authorities of the new territories , ' said Jarmo Laasanen , a senior manager at Cramo .",2,"` Our strategic cooperation with Rentakran brings us new customers and already-working relationships with the authorities of the new territories , ' said Jarmo Laasanen , a senior manager at Cramo ."
"The EB Tough VoIP Field Phone is equipped with an integrated speaker , Ethernet and SHDSL connectivity , and enables several innovative applications .",1,"The EB Tough VoIP Field Phone is equipped with an integrated speaker , Ethernet and SHDSL connectivity , and enables several innovative applications ."
"cents The profile contains business operations , the company history , major products and services , prospects , key competitors , structure and key employees , locations and subsidiaries .",1,"cents The profile contains business operations , the company history , major products and services , prospects , key competitors , structure and key employees , locations and subsidiaries ."
"In the first nine months of 2010 , the company 's net loss narrowed to EUR 415,000 from EUR 7.4 million for the corresponding period of 2009 .",2,"In the first nine months of 2010 , the company 's net loss narrowed to EUR 415,000 from EUR 7.4 million for the corresponding period of 2009 ."
"The government started the sell-off last month , putting an 8 percent stake in TeliaSonera on the auction bloc .",1,"The government started the sell-off last month , putting an 8 percent stake in TeliaSonera on the auction bloc ."
"Operating loss was EUR 179mn , compared to a loss of EUR 188mn in the second quarter of 2009 .",2,"Operating loss was EUR 179mn , compared to a loss of EUR 188mn in the second quarter of 2009 ."
Net sales revenue per passenger is expected to increase .,2,Net sales revenue per passenger is expected to increase .
"The major part of the deliveries include different AC and CXE amplifier solutions and products by Belgian DINH Telecom , a broadband solutions company acquired by Teleste in the spring of 2007 .",1,"The major part of the deliveries include different AC and CXE amplifier solutions and products by Belgian DINH Telecom , a broadband solutions company acquired by Teleste in the spring of 2007 ."
"`` In Ukraine , too , we act as a partner for major bakery clients in both production and product development .",1,"`` In Ukraine , too , we act as a partner for major bakery clients in both production and product development ."
"As a result , the company currently anticipates net sales to increase and the operating result to be positive .",2,"As a result , the company currently anticipates net sales to increase and the operating result to be positive ."
"HELSINKI AFX - Cargotec said it has bought a 95 pct stake in Indital Construction Machinery Ltd , a Bangalore-based company that makes fork lift trucks and mobile cranes , for an undisclosed sum .",1,"HELSINKI AFX - Cargotec said it has bought a 95 pct stake in Indital Construction Machinery Ltd , a Bangalore-based company that makes fork lift trucks and mobile cranes , for an undisclosed sum ."
55 workers in +àm+Ñl will be affected by the close-down .,0,55 workers in +àm+Ñl will be affected by the close-down .
"Nyrstar has also agreed to supply to Talvivaara up to 150,000 tonnes of sulphuric acid per annum for use in Talvivaara 's leaching process during the period of supply of the zinc in concentrate .",2,"Nyrstar has also agreed to supply to Talvivaara up to 150,000 tonnes of sulphuric acid per annum for use in Talvivaara 's leaching process during the period of supply of the zinc in concentrate ."
"Investments span across various product and investment types , including retail , hospitality , office , and residential , with interests in real-estate portfolios , non-performing loans and corporate restructurings .",1,"Investments span across various product and investment types , including retail , hospitality , office , and residential , with interests in real-estate portfolios , non-performing loans and corporate restructurings ."
"The facility will have a lettable area of some 19,000 sq m. The plot for the plant , located in the Ratasmaki business park , will be purchased from the City of Forssa .",1,"The facility will have a lettable area of some 19,000 sq m. The plot for the plant , located in the Ratasmaki business park , will be purchased from the City of Forssa ."
"The total scope of the project is about 38,000 square metres and it is valued at a total of around EUR75m .",1,"The total scope of the project is about 38,000 square metres and it is valued at a total of around EUR75m ."
The stock rose for a second day on Wednesday bringing its two-day rise to GBX12 .0 or 2.0 % .,2,The stock rose for a second day on Wednesday bringing its two-day rise to GBX12 .0 or 2.0 % .
`` People who enjoy mobile games are often the same customers who enjoy experimenting with new mobile services and content .,1,`` People who enjoy mobile games are often the same customers who enjoy experimenting with new mobile services and content .
"The decision of Tekes was based on , among other , the following grounds : the project has a significant impact on the business development of the company .",1,"The decision of Tekes was based on , among other , the following grounds : the project has a significant impact on the business development of the company ."
"Cramo Plc is a service company specialising in construction machinery and equipment rental and rental-related services , as well as rental and sale of modular space .",1,"Cramo Plc is a service company specialising in construction machinery and equipment rental and rental-related services , as well as rental and sale of modular space ."
The new chain has 700 discount stores and 250 supermarkets .,1,The new chain has 700 discount stores and 250 supermarkets .
"Adanac Molybdenum of Canada has ordered grinding technology for its molybdenum project in British Columbia , Canada , while Shalkiya Zinc of Kazakhstan has awarded a contract for grinding technology for the Shalkiya zinc-lead project in Kazakhstan .",2,"Adanac Molybdenum of Canada has ordered grinding technology for its molybdenum project in British Columbia , Canada , while Shalkiya Zinc of Kazakhstan has awarded a contract for grinding technology for the Shalkiya zinc-lead project in Kazakhstan ."
"She will succeed Krister Kylas , who has decided to leave TeliaSonera .",1,"She will succeed Krister Kylas , who has decided to leave TeliaSonera ."
"Finnish Food Workers ' Union SEL plans to hasten its collective bargaining with a two-day strike that would begin on 7 April 2010 , in Finland .",0,"Finnish Food Workers ' Union SEL plans to hasten its collective bargaining with a two-day strike that would begin on 7 April 2010 , in Finland ."
The companies ' aim is to finalize the negotiations and sign the contracts at the start of October 2008 .,1,The companies ' aim is to finalize the negotiations and sign the contracts at the start of October 2008 .
Changes to the as-built models from the design were communicated to the subcontractors to accommodate them into the steel and GRC fabrication process .,1,Changes to the as-built models from the design were communicated to the subcontractors to accommodate them into the steel and GRC fabrication process .
"ADP News - Feb 13 , 2009 - Finnish retailer Kesko Oyj HEL : KESBV said today its total sales , excluding value added tax VAT , stood at EUR 661.3 million USD 853.1 m in January 2009 , down 15.2 % year-on-yea",0,"ADP News - Feb 13 , 2009 - Finnish retailer Kesko Oyj HEL : KESBV said today its total sales , excluding value added tax VAT , stood at EUR 661.3 million USD 853.1 m in January 2009 , down 15.2 % year-on-yea"
"Harold W. Young is an independent broker working closely with several retailers including Ahold USA , Market Basket , CVS , BJ 's Wholesale Club , Hannaford and Cumberland Farms .",1,"Harold W. Young is an independent broker working closely with several retailers including Ahold USA , Market Basket , CVS , BJ 's Wholesale Club , Hannaford and Cumberland Farms ."
Operating profit rose to EUR 13.1 mn from EUR 8.7 mn in the corresponding period in 2007 representing 7.7 % of net sales .,2,Operating profit rose to EUR 13.1 mn from EUR 8.7 mn in the corresponding period in 2007 representing 7.7 % of net sales .
"The long-standing partnership and commitment enable both parties to develop their respective operations , and ESL Shipping will also have the opportunity to update its fleet and improve its efficiency .",2,"The long-standing partnership and commitment enable both parties to develop their respective operations , and ESL Shipping will also have the opportunity to update its fleet and improve its efficiency ."
Her last position in Nokia Siemens Networks was head of Business Human Resources NSN global IT .,1,Her last position in Nokia Siemens Networks was head of Business Human Resources NSN global IT .
The event can also be viewed as a live webcast at www.cargotec.com .,1,The event can also be viewed as a live webcast at www.cargotec.com .
"We are honored to be acknowledged for our commitment to the industry , especially in Asia Pacific . ''",2,"We are honored to be acknowledged for our commitment to the industry , especially in Asia Pacific . ''"
Operating loss totaled EUR 25mn compared to a profit of EUR 63mn in the corresponding period in 2005 .,0,Operating loss totaled EUR 25mn compared to a profit of EUR 63mn in the corresponding period in 2005 .
"Water Treatment Products In Australia Today , Global Research & Data Services is going to publish a market analysis about the market for chemical water treatment products in Australia .",1,"Water Treatment Products In Australia Today , Global Research & Data Services is going to publish a market analysis about the market for chemical water treatment products in Australia ."
"The share capital of Alma Media Corporation business ID 1944757-4 is EUR 44,767,513.80 and it is divided into 74,612,523 shares .",1,"The share capital of Alma Media Corporation business ID 1944757-4 is EUR 44,767,513.80 and it is divided into 74,612,523 shares ."
"The most interesting export markets will be Russia , the Baltic countries and Scandinavia .",1,"The most interesting export markets will be Russia , the Baltic countries and Scandinavia ."
"1 p.m. Central office of Nordea Bank 19 3-ya ulitsa Yamskogo Polya , Building 1 Telephone : 495 777-34-77 ext. 3932 , 3931 03.02.2011 Unimilk - EGM 03-04 .02.2011 XVI international business-summit Food Business Russia 2011 will take place .",1,"1 p.m. Central office of Nordea Bank 19 3-ya ulitsa Yamskogo Polya , Building 1 Telephone : 495 777-34-77 ext. 3932 , 3931 03.02.2011 Unimilk - EGM 03-04 .02.2011 XVI international business-summit Food Business Russia 2011 will take place ."
"Operating profit totaled EUR 5.5 mn , up from EUR -0.7 mn .",2,"Operating profit totaled EUR 5.5 mn , up from EUR -0.7 mn ."
Calls to the switchboard and directory services have decreased significantly since our employees now have up-to-date contact information from all their colleagues and customers on their phone and can place the call directly .,1,Calls to the switchboard and directory services have decreased significantly since our employees now have up-to-date contact information from all their colleagues and customers on their phone and can place the call directly .
The most significant challengers in the market are Logset and Sampo-Rosenlew .,1,The most significant challengers in the market are Logset and Sampo-Rosenlew .
"Neste Oil Corp. has signed long-term procurement contracts with Honkajoki Oy and Findest Protein Oy , both owned by Finnish food manufacturers , for the supply of animal fat for biodiesel production at Neste 's 200,000 b-cd Porvoo , Finland , refinery .",2,"Neste Oil Corp. has signed long-term procurement contracts with Honkajoki Oy and Findest Protein Oy , both owned by Finnish food manufacturers , for the supply of animal fat for biodiesel production at Neste 's 200,000 b-cd Porvoo , Finland , refinery ."
Aldata said that there are still a number of operational aspects to be defined between it and Microsoft and further details of the product and market initiatives resulting from this agreement will be available at a later date .,1,Aldata said that there are still a number of operational aspects to be defined between it and Microsoft and further details of the product and market initiatives resulting from this agreement will be available at a later date .
"Changes being announced today will be effective after the close of trading on Friday , June 19 , 2009 .",1,"Changes being announced today will be effective after the close of trading on Friday , June 19 , 2009 ."
"In addition , the contract includes modification of the effluent treatment plant at Follum .",1,"In addition , the contract includes modification of the effluent treatment plant at Follum ."
"Last week , the Finnish metals and technology group announced plans to sell more than 80 percent of its technology unit to further the company 's strategic goal of becoming the world 's largest stainless steel maker .",2,"Last week , the Finnish metals and technology group announced plans to sell more than 80 percent of its technology unit to further the company 's strategic goal of becoming the world 's largest stainless steel maker ."
"Finnish printed circuit boards ( PCBs ) maker Aspocomp Group Oyj said on December 4 , 2006 it named Henry Gilchrist senior vice president of the group 's Asian operations , as of January 8 , 2007 .",1,"Finnish printed circuit boards ( PCBs ) maker Aspocomp Group Oyj said on December 4 , 2006 it named Henry Gilchrist senior vice president of the group 's Asian operations , as of January 8 , 2007 ."
Earnings per share EPS amounted to EUR0 .01 .,1,Earnings per share EPS amounted to EUR0 .01 .
UPM-Kymmene has generated seventeen consecutive quarters of positive Cash Flow from Operations .,2,UPM-Kymmene has generated seventeen consecutive quarters of positive Cash Flow from Operations .
It 's not .,1,It 's not .
Incap Furniture is presently negotiating staff cuts .,0,Incap Furniture is presently negotiating staff cuts .
Deliveries by Outotec will take place over 30 months .,1,Deliveries by Outotec will take place over 30 months .
"Sales in Finland decreased by 2.0 % , and international sales decreased by 9.3 % in terms of euros , and by 15.1 % in terms of local currencies .",0,"Sales in Finland decreased by 2.0 % , and international sales decreased by 9.3 % in terms of euros , and by 15.1 % in terms of local currencies ."
The rationalization of the operations seeks to achieve over EUR 1 million in yearly savings as from the second quarter of the current financial year .,2,The rationalization of the operations seeks to achieve over EUR 1 million in yearly savings as from the second quarter of the current financial year .
"In the Baltic countries , development of operations and reorganisation continued , and non-recurring items related to the takeover process lowered earnings .",0,"In the Baltic countries , development of operations and reorganisation continued , and non-recurring items related to the takeover process lowered earnings ."
The plant is expected to start production in the first half of 2007 .,1,The plant is expected to start production in the first half of 2007 .
Finnish financial group Aktia 's operating profit for 2009 increased to EUR 47.0 mn from EUR 6.6 mn in 2008 .,2,Finnish financial group Aktia 's operating profit for 2009 increased to EUR 47.0 mn from EUR 6.6 mn in 2008 .
`` Our aim is to understand different traffic patterns based on the use of each building .,1,`` Our aim is to understand different traffic patterns based on the use of each building .
"The above mentioned shareholders will suggest that a monthly salary of EUR 1,400 would be paid for the Board members outside the company .",1,"The above mentioned shareholders will suggest that a monthly salary of EUR 1,400 would be paid for the Board members outside the company ."
"According to Swedish authorities , traces of the very toxic osmium tetroxide have been found on the coast of Per+ñmeri , the Northernmost part of the Gulf of Bothnia .",0,"According to Swedish authorities , traces of the very toxic osmium tetroxide have been found on the coast of Per+ñmeri , the Northernmost part of the Gulf of Bothnia ."
"The plant will be fired with a combination of spruce bark , chipped logging residues or milled peat .",1,"The plant will be fired with a combination of spruce bark , chipped logging residues or milled peat ."
"After the restructuring , UPM 's average paper machine capacity in Europe will be 320,000 tons ( 350,000 short tons ) in coated magazine paper and 420,000 tons ( 460,000 short tons ) in coated fine paper .",1,"After the restructuring , UPM 's average paper machine capacity in Europe will be 320,000 tons ( 350,000 short tons ) in coated magazine paper and 420,000 tons ( 460,000 short tons ) in coated fine paper ."
`` It allows the young child to move forward with his life . '',2,`` It allows the young child to move forward with his life . ''
The aim is to convert the plants into flexible manufacturers of new and technologically demanding products .,2,The aim is to convert the plants into flexible manufacturers of new and technologically demanding products .
"Department store sales improved by 14 % to EUR 1,070.6 mn .",2,"Department store sales improved by 14 % to EUR 1,070.6 mn ."
Kone said in court papers that the union action delayed repairs to elevators at the federal courthouse on Jan. 21 and the Saltonstall state office building on Jan. 23 .,0,Kone said in court papers that the union action delayed repairs to elevators at the federal courthouse on Jan. 21 and the Saltonstall state office building on Jan. 23 .
Affecto has participated in the program for the development of the Norwegian pension system since 2007 .,1,Affecto has participated in the program for the development of the Norwegian pension system since 2007 .
20 October 2010 - Finnish metal products company Componenta Oyj HEL : CTH1V said yesterday that its net loss narrowed to EUR7m for the first nine months of 2010 from EUR23 .3 m for the same period of 2009 .,2,20 October 2010 - Finnish metal products company Componenta Oyj HEL : CTH1V said yesterday that its net loss narrowed to EUR7m for the first nine months of 2010 from EUR23 .3 m for the same period of 2009 .
Forest certification is a voluntary system aimed at promoting sustainable forest management in commercial forests .,1,Forest certification is a voluntary system aimed at promoting sustainable forest management in commercial forests .
"Progress Group , QPR 's representative in Saudi Arabia and North Africa , has signed a framework agreement for a long term strategic relationship with ISE .",2,"Progress Group , QPR 's representative in Saudi Arabia and North Africa , has signed a framework agreement for a long term strategic relationship with ISE ."
"The Finnish business delegation includes representatives from over 20 companies that include Nokia Corp , Finnfund , Outokumpu Oyj , OKO Bank , Alteams Oy and Cargotec Corp. .",1,"The Finnish business delegation includes representatives from over 20 companies that include Nokia Corp , Finnfund , Outokumpu Oyj , OKO Bank , Alteams Oy and Cargotec Corp. ."
"Finnish IT solutions provider Affecto Oyj said today that it has won a frame contract , valued at some EUR2m , to implement the next phase of its insurance application for South African Mutual & Federal Insurance Company Limited M&F .",2,"Finnish IT solutions provider Affecto Oyj said today that it has won a frame contract , valued at some EUR2m , to implement the next phase of its insurance application for South African Mutual & Federal Insurance Company Limited M&F ."
Metso said it has won an order worth around 40 mln eur to supply a kraftliner board machine to China 's Lee & Man Paper Co. .,2,Metso said it has won an order worth around 40 mln eur to supply a kraftliner board machine to China 's Lee & Man Paper Co. .
Finnish electronics manufacturer PKC Group Oyj ( OMX Helsinki : PKC1V ) said on Wednesday ( 31 December ) that it has completed the acquisition of MAN Nutzfahrzeuge AG 's cable harness business from MAN Star Trucks & Buses Spolka zoo in Poland .,2,Finnish electronics manufacturer PKC Group Oyj ( OMX Helsinki : PKC1V ) said on Wednesday ( 31 December ) that it has completed the acquisition of MAN Nutzfahrzeuge AG 's cable harness business from MAN Star Trucks & Buses Spolka zoo in Poland .
"In October , UPM reported a third-quarter net loss of euro86 million $ 110 million compared with a net profit of euro120 million in 2007 .",0,"In October , UPM reported a third-quarter net loss of euro86 million $ 110 million compared with a net profit of euro120 million in 2007 ."
"Danske Bank A-S DANSKE DC jumped 3.7 percent to 133.4 kroner , rebounding from yesterday s 3.5 percent slide .",2,"Danske Bank A-S DANSKE DC jumped 3.7 percent to 133.4 kroner , rebounding from yesterday s 3.5 percent slide ."
"The contract also includes cutting and edging wagon parts at Ruukki 's steel service centres in Seinajoki and Raahe , from where they will be delivered to VR for welding and assembly .",1,"The contract also includes cutting and edging wagon parts at Ruukki 's steel service centres in Seinajoki and Raahe , from where they will be delivered to VR for welding and assembly ."
"HELSINKI ( Thomson Financial ) - Kone said it has won four orders in Saudi Arabia , United Arab Emirates and Qatar worth 40 mln eur .",2,"HELSINKI ( Thomson Financial ) - Kone said it has won four orders in Saudi Arabia , United Arab Emirates and Qatar worth 40 mln eur ."
"SDM offers general rental equipment , aluminium scaffolding , power generator and hoists to customers in the construction sector .",1,"SDM offers general rental equipment , aluminium scaffolding , power generator and hoists to customers in the construction sector ."
The carrier said its Area travel agency is to sell most of its outlets to sister chain Suomen Matkatoimisto (SMT)and use its remaining bricks-and-mortar presence to primarily target business customers going forward .,1,The carrier said its Area travel agency is to sell most of its outlets to sister chain Suomen Matkatoimisto (SMT)and use its remaining bricks-and-mortar presence to primarily target business customers going forward .
"Elcoteq 's Electronics Manufacturing Services ( EMS ) Business Segment serves customers globally in Engineering , Manufacturing and Fulfillment services .",1,"Elcoteq 's Electronics Manufacturing Services ( EMS ) Business Segment serves customers globally in Engineering , Manufacturing and Fulfillment services ."
"Operating profit totalled EUR 9.6 mn , down from EUR 42.0 mn the year before .",0,"Operating profit totalled EUR 9.6 mn , down from EUR 42.0 mn the year before ."
"A replay will be available until 27 October 2006 in the following numbers : US callers : +1 617-á801-á6888 , non-US callers : +44 20 7365 8427 , access code : 2659 5401 .",1,"A replay will be available until 27 October 2006 in the following numbers : US callers : +1 617-á801-á6888 , non-US callers : +44 20 7365 8427 , access code : 2659 5401 ."
The percentages of shares and voting rights have been calculated in proportion to the total number of shares registered with the Trade Register and the total number of voting rights related to them .,1,The percentages of shares and voting rights have been calculated in proportion to the total number of shares registered with the Trade Register and the total number of voting rights related to them .
"In addition , MIDs are always online and enable full Internet browsing .",1,"In addition , MIDs are always online and enable full Internet browsing ."
Vacon controls a further 5 % of the company via investment fund Power Fund I. EUR 1.0 = USD 1.397,1,Vacon controls a further 5 % of the company via investment fund Power Fund I. EUR 1.0 = USD 1.397
"So far Norwegian Norske Skog has reduced the staff levels by 1,000 people and plans to reduce production by 200,000 tons in 2008 , while Finnish-Swedish Stora Enso is to cut staff by 1,700 people and production by 500,000 tons .",0,"So far Norwegian Norske Skog has reduced the staff levels by 1,000 people and plans to reduce production by 200,000 tons in 2008 , while Finnish-Swedish Stora Enso is to cut staff by 1,700 people and production by 500,000 tons ."
This is due to the postponement of the decision-making of projects in the negotiation phase from the earlier estimation .,1,This is due to the postponement of the decision-making of projects in the negotiation phase from the earlier estimation .
These six agreements are the company 's first customer acquisitions in India since taking over TVS Electronics ' contract manufacturing facility in Jun 2007 .,1,These six agreements are the company 's first customer acquisitions in India since taking over TVS Electronics ' contract manufacturing facility in Jun 2007 .
"In addition , we will launch a versatile online service to complete the traditional printed newspaper , Mr. Valkama says .",1,"In addition , we will launch a versatile online service to complete the traditional printed newspaper , Mr. Valkama says ."
Our standardised services have met with a positive reception among our customers as well as at Itella .,2,Our standardised services have met with a positive reception among our customers as well as at Itella .
"Ruukki 's delivery volumes and selling prices showed favourable development and the company 's comparable net sales grew by 50 % year-on-year to EUR647m , CEO Sakari Tamminen said .",2,"Ruukki 's delivery volumes and selling prices showed favourable development and the company 's comparable net sales grew by 50 % year-on-year to EUR647m , CEO Sakari Tamminen said ."
`` Stonesoft sees great promise in the future of IPv6 .,2,`` Stonesoft sees great promise in the future of IPv6 .
The dividends payable annually shall be deducted from the share subscription price .,1,The dividends payable annually shall be deducted from the share subscription price .
The shops are located in the capital region and the Paijat-Hame region .,1,The shops are located in the capital region and the Paijat-Hame region .
Implementation of the project will be carried out by the Finnish company YIT in association with the investment fund Evli Property Investment Russia ( EPI ) .,1,Implementation of the project will be carried out by the Finnish company YIT in association with the investment fund Evli Property Investment Russia ( EPI ) .
"The business units of the InvestLesProm Group cover the full forest industry chain , and the Group owns forests , sawmills , paper and pulp mills , and other processing plants .",1,"The business units of the InvestLesProm Group cover the full forest industry chain , and the Group owns forests , sawmills , paper and pulp mills , and other processing plants ."
"Its customers include local companies Slo Oy , Kiilto Oy , Toptronics Oy , Normark Suomi Oy , Pellonpaja Oy and Mansner Oy .",1,"Its customers include local companies Slo Oy , Kiilto Oy , Toptronics Oy , Normark Suomi Oy , Pellonpaja Oy and Mansner Oy ."
"The start of the negotiations , relating to Glaston 's efficiency program , was announced in October .",1,"The start of the negotiations , relating to Glaston 's efficiency program , was announced in October ."
The other deal is for process cranes to the Russian steel mill PNTZ in Pervorouralsky through an order placed by Turkish construction company Gama Endustri Tesisleri Imalat ve Montaj AS .,1,The other deal is for process cranes to the Russian steel mill PNTZ in Pervorouralsky through an order placed by Turkish construction company Gama Endustri Tesisleri Imalat ve Montaj AS .
The Group 's cash flow from operations will be positive .,2,The Group 's cash flow from operations will be positive .
Solidium now holds 5.0 per cent of the shares Solidium Oy has acquired 5.0 per cent of the shares in Tieto Corporation for approximately EUR 58 million .,1,Solidium now holds 5.0 per cent of the shares Solidium Oy has acquired 5.0 per cent of the shares in Tieto Corporation for approximately EUR 58 million .
"The company recorded revenues of E658 .1 million during the fiscal year ended December 2007 , an increase of 23 % over 2006 .",2,"The company recorded revenues of E658 .1 million during the fiscal year ended December 2007 , an increase of 23 % over 2006 ."
"SCOPI Chief Business Excellence Officer , Eng .",1,"SCOPI Chief Business Excellence Officer , Eng ."
The Department Store Division 's sales fell by 8.6 % to EUR 140.2 mn .,0,The Department Store Division 's sales fell by 8.6 % to EUR 140.2 mn .
"Wartsila won the contract in October 2007 and the plant will be installed at Manturovo in the Kostroma region of Russia , about 600 km northeast of Moscow , Russia .",2,"Wartsila won the contract in October 2007 and the plant will be installed at Manturovo in the Kostroma region of Russia , about 600 km northeast of Moscow , Russia ."
Neste Oil will offer outplacement services to the 111 employees to be reduced .,1,Neste Oil will offer outplacement services to the 111 employees to be reduced .
"The order values at EUR 6.9 mn , and it consists of design services and hardware and software licences .",1,"The order values at EUR 6.9 mn , and it consists of design services and hardware and software licences ."
"Finnish electronics contract manufacturer Scanfil reports net sales of EUR 58.9 mn in the second quarter of 2007 , down from EUR 62.4 mn a year earlier .",0,"Finnish electronics contract manufacturer Scanfil reports net sales of EUR 58.9 mn in the second quarter of 2007 , down from EUR 62.4 mn a year earlier ."
Paper maker Stora Enso Oyj said Friday it has been acquitted of charges that it participated in a paper price-fixing conspiracy in the United States .,2,Paper maker Stora Enso Oyj said Friday it has been acquitted of charges that it participated in a paper price-fixing conspiracy in the United States .
The aim of the bridge solutions chosen is to minimize construction times while ensuring that traffic beneath the bridge on the Saimaa canal continues undisturbed .,1,The aim of the bridge solutions chosen is to minimize construction times while ensuring that traffic beneath the bridge on the Saimaa canal continues undisturbed .
The Finnish group anticipates a sales gain of EUR42m after tax and expenses .,2,The Finnish group anticipates a sales gain of EUR42m after tax and expenses .
"Brazilian non-profit interbank Camara Interbancaria de Pagamentos CIP has acquired solutions from US business integration solutions provider Sterling Commerce , the latter company said in a statement .",2,"Brazilian non-profit interbank Camara Interbancaria de Pagamentos CIP has acquired solutions from US business integration solutions provider Sterling Commerce , the latter company said in a statement ."
"Finnish Ahlstrom Corporation will double its investments in a new specialty glassfiber reinforcement plant in South Carolina , in the US .",2,"Finnish Ahlstrom Corporation will double its investments in a new specialty glassfiber reinforcement plant in South Carolina , in the US ."
"Finnish Bank of +àland reports operating profit of EUR 2.2 mn in the first quarter of 2010 , down from EUR 6.3 mn in the corresponding period in 2009 .",0,"Finnish Bank of +àland reports operating profit of EUR 2.2 mn in the first quarter of 2010 , down from EUR 6.3 mn in the corresponding period in 2009 ."
The negotiations concern 246 salaried and senior salaried employees and are scheduled to be completed in six weeks .,1,The negotiations concern 246 salaried and senior salaried employees and are scheduled to be completed in six weeks .
"TVO 's two-unit 1,740 MW Olkiluoto plant generated 14.2 TWh with an operating ratio across both reactors of 93.5 % , which the company described as `` high by international standards '' .",1,"TVO 's two-unit 1,740 MW Olkiluoto plant generated 14.2 TWh with an operating ratio across both reactors of 93.5 % , which the company described as `` high by international standards '' ."
"Finnish IT solutions provider Affecto Oyj HEL : AFE1V said today its slipped to a net loss of EUR 115,000 USD 152,000 in the second quarter of 2010 from a profit of EUR 845,000 in the corresponding period a year earlier .",0,"Finnish IT solutions provider Affecto Oyj HEL : AFE1V said today its slipped to a net loss of EUR 115,000 USD 152,000 in the second quarter of 2010 from a profit of EUR 845,000 in the corresponding period a year earlier ."
"Mr Ashley , deputy executive chairman of Sports Direct , sold a 43pc stake in the company for more than pounds 900m at the time of the float .",1,"Mr Ashley , deputy executive chairman of Sports Direct , sold a 43pc stake in the company for more than pounds 900m at the time of the float ."
"Today , we are connecting people in new and different ways - fusing advanced mobile technology with personalized services to enable people to stay close to what matters to them .",1,"Today , we are connecting people in new and different ways - fusing advanced mobile technology with personalized services to enable people to stay close to what matters to them ."
"The agreement will provide The Switch with double the converter capacity , whilst opening up further manufacturing locations in China .",2,"The agreement will provide The Switch with double the converter capacity , whilst opening up further manufacturing locations in China ."
"The new facility , to be known as Technopolis Pulkovo , will introduce to the Russian market an entirely new concept of creating , operating and growing a commercially-funded science and technology park to support the growth of knowledge-intensive companies .",1,"The new facility , to be known as Technopolis Pulkovo , will introduce to the Russian market an entirely new concept of creating , operating and growing a commercially-funded science and technology park to support the growth of knowledge-intensive companies ."
"In Finland , OP-Pohjola 's staff union is boycotting the group 's insurance sales tasks because the company has refused to take the sale of insurance into account in determining wages .",0,"In Finland , OP-Pohjola 's staff union is boycotting the group 's insurance sales tasks because the company has refused to take the sale of insurance into account in determining wages ."
Teleste expects to start the deliveries at the end of 2009 .,1,Teleste expects to start the deliveries at the end of 2009 .
"With the launch of new 3G handsets , Nokia aims to become the winner in China 's 3G market as it did in the 2G market .",2,"With the launch of new 3G handsets , Nokia aims to become the winner in China 's 3G market as it did in the 2G market ."
"Antti Orkola , president of Kemira GrowHow 's Industrial Solutions unit , told Thomson Financial News the company has put off opening the mine as prices of phosphate have been ` quite depressed for a long time ' . '",0,"Antti Orkola , president of Kemira GrowHow 's Industrial Solutions unit , told Thomson Financial News the company has put off opening the mine as prices of phosphate have been ` quite depressed for a long time ' . '"
"`` Adjustment to the fall in price level , in contrast , has been less effective .",0,"`` Adjustment to the fall in price level , in contrast , has been less effective ."
`` Those uncertainties cloud the long-term outlook . '',0,`` Those uncertainties cloud the long-term outlook . ''
Satama earned Data Management Solutions competency with Business Intelligence specialization recentlyvia the acquisition of Fimentor Oy .,2,Satama earned Data Management Solutions competency with Business Intelligence specialization recentlyvia the acquisition of Fimentor Oy .
Pretax loss totalled EUR 162.3 mn compared to a profit of EUR 253.5 mn in 2007 .,0,Pretax loss totalled EUR 162.3 mn compared to a profit of EUR 253.5 mn in 2007 .
"The connectivity unit has more than 100 e-invoice customers , and the number of annual transactions stands at nearly one million .",1,"The connectivity unit has more than 100 e-invoice customers , and the number of annual transactions stands at nearly one million ."
Decisions are to be made as quickly as possible .,1,Decisions are to be made as quickly as possible .
"There has been some recovery of the base metals prices and increased demand for metals in China , however .",2,"There has been some recovery of the base metals prices and increased demand for metals in China , however ."
The share of the share capital of both above mentioned shareholders remains below 5 % .,1,The share of the share capital of both above mentioned shareholders remains below 5 % .
Finnish electrical components maker Salcomp Oyj ( HEL : SAL1V ) announced today the launch of its latest Twist charger platform .,1,Finnish electrical components maker Salcomp Oyj ( HEL : SAL1V ) announced today the launch of its latest Twist charger platform .
"Vaisala 's Present Weather Detector measures visibility up to 20 km , as well as precipitation type and intensity .",1,"Vaisala 's Present Weather Detector measures visibility up to 20 km , as well as precipitation type and intensity ."
"This location makes the mall a convenient place to shop for consumers from three large residential areas nearby : Jaroszowka , Wysockiego and Zgody .",2,"This location makes the mall a convenient place to shop for consumers from three large residential areas nearby : Jaroszowka , Wysockiego and Zgody ."
"The business transfer will take effect from 1 January 2007 , and in connection with this 47 employees will transfer from Elisa to Daxtum as continuing employees .",1,"The business transfer will take effect from 1 January 2007 , and in connection with this 47 employees will transfer from Elisa to Daxtum as continuing employees ."
"`` The number of collection errors fell considerably , and operations speeded up .",2,"`` The number of collection errors fell considerably , and operations speeded up ."
"Exports accounted for 65.4 % of net sales , representing an all time record for the company .",2,"Exports accounted for 65.4 % of net sales , representing an all time record for the company ."
"The company plans to close two of the three lines at the plant , where some 450 jobs are under threat .",0,"The company plans to close two of the three lines at the plant , where some 450 jobs are under threat ."
Finnish Rautaruukki has been awarded a contract to supply and install steel superstructures for the Partihallsf+Ârbindelsen bridge in Gothenburg in Sweden .,2,Finnish Rautaruukki has been awarded a contract to supply and install steel superstructures for the Partihallsf+Ârbindelsen bridge in Gothenburg in Sweden .
"Reporting in accordance with the merged business operations will start as of January 1 , 2011 .",1,"Reporting in accordance with the merged business operations will start as of January 1 , 2011 ."
The borrower was happy to do the roadshow and this paid off as the hit ratio from it was high .,2,The borrower was happy to do the roadshow and this paid off as the hit ratio from it was high .
"ABN Amro Capital has agreed to sell its Helsinki-based designer homeware producer , Iittala Oyj , to crosstown consumer products group Fiskars Corp. , for EUR230 million to EUR235 million ( $ 310 million to $ 316 million ) .",1,"ABN Amro Capital has agreed to sell its Helsinki-based designer homeware producer , Iittala Oyj , to crosstown consumer products group Fiskars Corp. , for EUR230 million to EUR235 million ( $ 310 million to $ 316 million ) ."
And Ogden reportedly will shell out $ 4.2 million .,1,And Ogden reportedly will shell out $ 4.2 million .
"`` We are delighted to announce our support for Intel based handheld platforms , the capabilities of which have made our development easier and faster .",2,"`` We are delighted to announce our support for Intel based handheld platforms , the capabilities of which have made our development easier and faster ."
The company said that the fall in turnover had been planned .,0,The company said that the fall in turnover had been planned .
The EPS outlook was increased by 5.6 pct for 2007 and 7.0 pct for 2008 .,2,The EPS outlook was increased by 5.6 pct for 2007 and 7.0 pct for 2008 .
A memorandum of understanding on cooperation between the Finnish Global Chemical Company KEMIRA and Vietnam National Chemicals Group ( Vinachem ) was signed on this occasion .,2,A memorandum of understanding on cooperation between the Finnish Global Chemical Company KEMIRA and Vietnam National Chemicals Group ( Vinachem ) was signed on this occasion .
Some of the lay-offs will be implemented using part-time employment contracts .,1,Some of the lay-offs will be implemented using part-time employment contracts .
"The Point Village , designed by Scott Tallon Walker , will include a shopping center , office premises , a hotel and a cinema .",1,"The Point Village , designed by Scott Tallon Walker , will include a shopping center , office premises , a hotel and a cinema ."
"The tests , conducted at Nokia Siemens ' LTE center of competence in Espoo , Finland , follow the company 's production start of LTE-ready Flexi Multiradio Base Stations for the 800 MHz band in April 2010 , and complement earlier tests with Nokia on the 2100 MHz and 2600 MHz bands .",1,"The tests , conducted at Nokia Siemens ' LTE center of competence in Espoo , Finland , follow the company 's production start of LTE-ready Flexi Multiradio Base Stations for the 800 MHz band in April 2010 , and complement earlier tests with Nokia on the 2100 MHz and 2600 MHz bands ."
"Operating profit totalled EUR 9.0 mn , down from EUR 9.7 mn in the first half of 2008 .",0,"Operating profit totalled EUR 9.0 mn , down from EUR 9.7 mn in the first half of 2008 ."
`` The issues identified by Stonesoft affect a range of content inspection technology .,1,`` The issues identified by Stonesoft affect a range of content inspection technology .
"Operating profit for the three-month period increased from EUR1 .2 m , while revenue increased from EUR20 .2 m , as compared to the corresponding period in 2005 .",2,"Operating profit for the three-month period increased from EUR1 .2 m , while revenue increased from EUR20 .2 m , as compared to the corresponding period in 2005 ."
"Companies evaluated in the report include Aladdin , CA , F-Secure , Kaspersky , Marshal , McAfee , Microsoft , Panda , Proofpoint , Sophos , Symantec , Trend Micro , Tumbleweed , and Websense .",1,"Companies evaluated in the report include Aladdin , CA , F-Secure , Kaspersky , Marshal , McAfee , Microsoft , Panda , Proofpoint , Sophos , Symantec , Trend Micro , Tumbleweed , and Websense ."
"A total of 1,800,000 stock options were issued in the 2003 stock option scheme .",1,"A total of 1,800,000 stock options were issued in the 2003 stock option scheme ."
The pretax profit of the group 's life insurance business increased to EUR 36 million from EUR 27 million .,2,The pretax profit of the group 's life insurance business increased to EUR 36 million from EUR 27 million .
"Operating profit was EUR 0.6 mn , up from a loss of EUR 19mn a year earlier .",2,"Operating profit was EUR 0.6 mn , up from a loss of EUR 19mn a year earlier ."
The bridge is part of the highway 14 development project .,1,The bridge is part of the highway 14 development project .
The purchase sum is about EUR 10mn US$ 12.97 mn .,1,The purchase sum is about EUR 10mn US$ 12.97 mn .
Finnish investment group Norvestia Oyj said its net profit fell to 23.5 mln euro $ 30.6 mln in 2006 from 33.5 mln euro $ 43.6 mln in 2005 .,0,Finnish investment group Norvestia Oyj said its net profit fell to 23.5 mln euro $ 30.6 mln in 2006 from 33.5 mln euro $ 43.6 mln in 2005 .
"The Finnish real estate investment company Interavanti Oyj said on Monday ( 22 September ) that it has agreed to sell its 65 % ownership in the Finnish ticket service company Lippupiste Oy to CTS Eventim AG ( 56,1 % ) and to the managing director of Lippupiste Oy .",1,"The Finnish real estate investment company Interavanti Oyj said on Monday ( 22 September ) that it has agreed to sell its 65 % ownership in the Finnish ticket service company Lippupiste Oy to CTS Eventim AG ( 56,1 % ) and to the managing director of Lippupiste Oy ."
"In the fourth quarter of 2009 , Atria 's net loss shrank to EUR 1.2 million from EUR 5.9 million and net sales contracted to EUR 340.4 million from EUR 361.1 million .",2,"In the fourth quarter of 2009 , Atria 's net loss shrank to EUR 1.2 million from EUR 5.9 million and net sales contracted to EUR 340.4 million from EUR 361.1 million ."
This is a much better process than using virgin paper as it requires less transportation of wood pulp from places like Finland and Canada .,2,This is a much better process than using virgin paper as it requires less transportation of wood pulp from places like Finland and Canada .
"The company also said on November 16 , 2006 its Real Estate Fund I Ky signed an agreement with Finnish window maker Fenestra Oy to build a window plant in Forssa , southern Finland .",2,"The company also said on November 16 , 2006 its Real Estate Fund I Ky signed an agreement with Finnish window maker Fenestra Oy to build a window plant in Forssa , southern Finland ."
"The company also appointed Leif Rosen head of the Special Plate unit which includes the quarto plate units in Degerfors , Sweden , and New Castle , USA , the unit in Willich , Germany , as well as Pressplate and Prefab in Avesta and Plate Service Centre Nordic in Degerfors .",1,"The company also appointed Leif Rosen head of the Special Plate unit which includes the quarto plate units in Degerfors , Sweden , and New Castle , USA , the unit in Willich , Germany , as well as Pressplate and Prefab in Avesta and Plate Service Centre Nordic in Degerfors ."
"The ship cranes , which will be manufactured by MacGREGOR 's partner plants in China , will be delivered between 2008-2010 for vessels ordered by Chinese COSCO , German Peter Dohle and Hong Kong based Cido Shipping .",1,"The ship cranes , which will be manufactured by MacGREGOR 's partner plants in China , will be delivered between 2008-2010 for vessels ordered by Chinese COSCO , German Peter Dohle and Hong Kong based Cido Shipping ."
"CHS Expo Freight is a major Finnish fair , exhibition and culture logistics company that provides logistics services to various events by land , air and sea .",1,"CHS Expo Freight is a major Finnish fair , exhibition and culture logistics company that provides logistics services to various events by land , air and sea ."
`` Management decided at the end of 2005 to increase cathode copper capacity .,1,`` Management decided at the end of 2005 to increase cathode copper capacity .
"The new company , DiaPol S.r.l. , would manufacture tools meant for glass and stone pre-processing .",1,"The new company , DiaPol S.r.l. , would manufacture tools meant for glass and stone pre-processing ."
Basware finances the acquisition with a bank loan .,1,Basware finances the acquisition with a bank loan .
The prices of stainless steel also rose in Europe .,1,The prices of stainless steel also rose in Europe .
Jacobs has been supporting Storengy 's investment of developing storage sites since 2006 as owner 's engineer .,1,Jacobs has been supporting Storengy 's investment of developing storage sites since 2006 as owner 's engineer .
There did not seem to be enough hours in a day for Pekkarinen .,1,There did not seem to be enough hours in a day for Pekkarinen .
HELSINKI AFX - Outokumpu said its technology unit has won a 28 mln eur contract from Bosnia-Herzegovina 's Aluminij dd Mostar to upgrade an anode plant .,2,HELSINKI AFX - Outokumpu said its technology unit has won a 28 mln eur contract from Bosnia-Herzegovina 's Aluminij dd Mostar to upgrade an anode plant .
Cision says the sale will return its U.K. operation to profitability .,2,Cision says the sale will return its U.K. operation to profitability .
"In addition to verification of an identity and digital signatures , new state-approved Mobile ID enables to cast votes in elections as well .",1,"In addition to verification of an identity and digital signatures , new state-approved Mobile ID enables to cast votes in elections as well ."
Sponda Plc 's Annual General Meeting decided on 23 March 2005 to establish a Shareholders ' Nomination Committee to prepare proposals for the Annual General Meeting in 2006 on the composition of the Board of Directors and their remuneration .,1,Sponda Plc 's Annual General Meeting decided on 23 March 2005 to establish a Shareholders ' Nomination Committee to prepare proposals for the Annual General Meeting in 2006 on the composition of the Board of Directors and their remuneration .
21 October 2010 - Finnish fishing tackle company Rapala VMC Corp ( HEL : RAP1V ) said today its net profit rose to EUR18 .9 m for the first nine months of 2010 from EUR15 .1 m for the same period a year earlier .,2,21 October 2010 - Finnish fishing tackle company Rapala VMC Corp ( HEL : RAP1V ) said today its net profit rose to EUR18 .9 m for the first nine months of 2010 from EUR15 .1 m for the same period a year earlier .
`` Our design team has long admired Marimekko 's vivid patterns and colors .,2,`` Our design team has long admired Marimekko 's vivid patterns and colors .
"In the second quarter of 2010 , the company 's net profit was EUR1 .7 m compared to a net loss of EUR1 .3 m in April-June 2009 .",2,"In the second quarter of 2010 , the company 's net profit was EUR1 .7 m compared to a net loss of EUR1 .3 m in April-June 2009 ."
"Nonwovens and specialty papers , made by Ahlstrom , are used in a large variety of everyday products , e.g. in filters , wipes , flooring , labels , and tapes .",1,"Nonwovens and specialty papers , made by Ahlstrom , are used in a large variety of everyday products , e.g. in filters , wipes , flooring , labels , and tapes ."
Marimekko Group 's full-year net sales are estimated to increase by about 10 % .,2,Marimekko Group 's full-year net sales are estimated to increase by about 10 % .
The Finnish daily Kauppalehti surmises that Finnish supplier Rautaruukki has raised its prices above Aker 's comfort zone .,0,The Finnish daily Kauppalehti surmises that Finnish supplier Rautaruukki has raised its prices above Aker 's comfort zone .
"Efore 's presence here also opens up new and interesting development opportunities for our students , '' the dean of the Faculty of Electronics , Communications and Automation at TKK said .",2,"Efore 's presence here also opens up new and interesting development opportunities for our students , '' the dean of the Faculty of Electronics , Communications and Automation at TKK said ."
The transactions would increase earnings per share in the first quarter by some EUR0 .28 .,2,The transactions would increase earnings per share in the first quarter by some EUR0 .28 .
"The fair value of investment properties totalled EUR 2,299.9 mn , compared to EUR 2,229.5 mn in the corresponding period in 2009 .",2,"The fair value of investment properties totalled EUR 2,299.9 mn , compared to EUR 2,229.5 mn in the corresponding period in 2009 ."
"Net sales went up by 1 % year-on-year to EUR 29 million , affected by the business acquisitions , realized during the previous financial period , the effect of which was EUR 5.1 million on the review period .",2,"Net sales went up by 1 % year-on-year to EUR 29 million , affected by the business acquisitions , realized during the previous financial period , the effect of which was EUR 5.1 million on the review period ."
Through the acquisition Solteq will expand its solutions offering by Microsoft 's Dynamics business software products .,2,Through the acquisition Solteq will expand its solutions offering by Microsoft 's Dynamics business software products .
"According to Schmardin , Nordea will most likely try to win customers over from other pension fund providers .",2,"According to Schmardin , Nordea will most likely try to win customers over from other pension fund providers ."
We make available the following brand-new market analyses Cement - Pakistan Cement - Malaysia Cement - Taiwan Cement - Philippines These analyses give a clear overview of the actual situation and future outlook of the cement industry in some Asian countries .,1,We make available the following brand-new market analyses Cement - Pakistan Cement - Malaysia Cement - Taiwan Cement - Philippines These analyses give a clear overview of the actual situation and future outlook of the cement industry in some Asian countries .
"The group 's operating loss was EUR 0.8 mn , down from a profit of EUR 2.5 mn in 2004 .",0,"The group 's operating loss was EUR 0.8 mn , down from a profit of EUR 2.5 mn in 2004 ."
The statutory negotiations at headquarters are part of this decrease .,1,The statutory negotiations at headquarters are part of this decrease .
"Advertising and circulation revenues grew by 3.4 % and by 0.4 % , respectively .",2,"Advertising and circulation revenues grew by 3.4 % and by 0.4 % , respectively ."
"In Finland , snow storms brought trees down on power lines , cutting off electricity for some 2,000 households .",0,"In Finland , snow storms brought trees down on power lines , cutting off electricity for some 2,000 households ."
"The device offers multimedia performance along with a host of productivity applications , including live stock prices .",1,"The device offers multimedia performance along with a host of productivity applications , including live stock prices ."
"On 20 March 2006 , Stora Enso refused to comment the news in any way .",1,"On 20 March 2006 , Stora Enso refused to comment the news in any way ."
Pharmaceutical market in Italy Global Research & Data Services published recently a market analysis about the pharmaceutical markets in Italy .,1,Pharmaceutical market in Italy Global Research & Data Services published recently a market analysis about the pharmaceutical markets in Italy .
"It started with software that was capable of retrieving the data typed into the computer keyboard ( `` keyloggers '' ) , and then more complex mechanisms arrived on the scene , such as phishing and pharming .",1,"It started with software that was capable of retrieving the data typed into the computer keyboard ( `` keyloggers '' ) , and then more complex mechanisms arrived on the scene , such as phishing and pharming ."
The value of this kind of order amounts usually between Euro 2 and 3 million .,1,The value of this kind of order amounts usually between Euro 2 and 3 million .
"ASPO Plc STOCK EXCHANGE ANNOUNCEMENT May 4 , 2006 at 10:00 a.m. An increase in the share capital of Aspo Plc totaling EUR 1,125.60 was registered today .",2,"ASPO Plc STOCK EXCHANGE ANNOUNCEMENT May 4 , 2006 at 10:00 a.m. An increase in the share capital of Aspo Plc totaling EUR 1,125.60 was registered today ."
Mobile data transfer is expected to increase explosively in the LTE era .,1,Mobile data transfer is expected to increase explosively in the LTE era .
The adjustment measures will be carried out in phases to secure the delivery capability .,1,The adjustment measures will be carried out in phases to secure the delivery capability .
"Huhtamaki 's rigid plastic consumer goods operations , which are mainly in Europe , will be separated into a new reporting segment as of 1 January 2009 .",1,"Huhtamaki 's rigid plastic consumer goods operations , which are mainly in Europe , will be separated into a new reporting segment as of 1 January 2009 ."
"Finnish silicon wafer technology company Okmetic Oyj ( OMX Helsinki : OKM1V ) reported on Thursday ( 7 August ) an operating profit of EUR5 .3 m for the period January-June 2008 , up from EUR3 .3 m in the corresponding period in 2007 .",2,"Finnish silicon wafer technology company Okmetic Oyj ( OMX Helsinki : OKM1V ) reported on Thursday ( 7 August ) an operating profit of EUR5 .3 m for the period January-June 2008 , up from EUR3 .3 m in the corresponding period in 2007 ."
Cameco typically prices sales contracts using a 40:60 ratio of fixed prices and spot prices .,1,Cameco typically prices sales contracts using a 40:60 ratio of fixed prices and spot prices .
"In addition a reduction of nine persons will be made through pension or other arrangements , the company added .",1,"In addition a reduction of nine persons will be made through pension or other arrangements , the company added ."
The company plans to expand into the international market through its subsidiaries and distributors from 2011 onwards .,2,The company plans to expand into the international market through its subsidiaries and distributors from 2011 onwards .
Scanfil will execute the temporary lay-offs by mid-October 2009 and the job cuts by March 2010 .,0,Scanfil will execute the temporary lay-offs by mid-October 2009 and the job cuts by March 2010 .
"A total of 750,330 new Citycon shares with a nominal value of EUR 1.35 per share were subscribed in December exercising the A-B-C options based on the company 's stock option plan 1999 .",1,"A total of 750,330 new Citycon shares with a nominal value of EUR 1.35 per share were subscribed in December exercising the A-B-C options based on the company 's stock option plan 1999 ."
Danske Bank is Denmark 's largest bank with 3.5 million customers .,1,Danske Bank is Denmark 's largest bank with 3.5 million customers .
"`` I am very pleased and proud of our performance last year , '' Chief Executive Juha Rantanen said in a statement .",2,"`` I am very pleased and proud of our performance last year , '' Chief Executive Juha Rantanen said in a statement ."
The price for logs has clearly improved from 2009 and also the price of pulpwood has gone up .,2,The price for logs has clearly improved from 2009 and also the price of pulpwood has gone up .
CEO of the company Tarmo Noop said the growth in the sale of premium beers was the biggest .,2,CEO of the company Tarmo Noop said the growth in the sale of premium beers was the biggest .
"Net profit in the three months through March 31 fell to (  x20ac ) 103 million ( US$ 165 million ) from (  x20ac ) 131 million a year earlier , the Finnish company said .",0,"Net profit in the three months through March 31 fell to ( x20ac ) 103 million ( US$ 165 million ) from ( x20ac ) 131 million a year earlier , the Finnish company said ."
"Capacity of the facility made by Finland 's Vaahto Group is 86,000 tons of light coated paper .",1,"Capacity of the facility made by Finland 's Vaahto Group is 86,000 tons of light coated paper ."
"Previously , the company anticipated its operating profit to improve over the same period .",2,"Previously , the company anticipated its operating profit to improve over the same period ."
Karppinen expects the consolidation trend to continue in the Finnish market .,1,Karppinen expects the consolidation trend to continue in the Finnish market .
"`` We will now , after the relevant authority approvals , make a mandatory bid as required by the Finnish Securities Markets Act .",1,"`` We will now , after the relevant authority approvals , make a mandatory bid as required by the Finnish Securities Markets Act ."
The company may at any time have in its possession one tenth of all its shares at the maximum .,1,The company may at any time have in its possession one tenth of all its shares at the maximum .
The court found TelecomInvest 's arguments convincing .,2,The court found TelecomInvest 's arguments convincing .
A new Kveyt light variety of Suomalainen Pekoni marketed under the Atria brand name is now available to consumers in Finland .,2,A new Kveyt light variety of Suomalainen Pekoni marketed under the Atria brand name is now available to consumers in Finland .
Industry Investment is very interested in Glaston 's solar energy projects .,2,Industry Investment is very interested in Glaston 's solar energy projects .
Finnish laboratory liquid handling and diagnostic test systems developer Biohit Oyj OMX Helsinki : BIOBV issued on Tuesday 3 June a profit warning for the financial year 2008 .,0,Finnish laboratory liquid handling and diagnostic test systems developer Biohit Oyj OMX Helsinki : BIOBV issued on Tuesday 3 June a profit warning for the financial year 2008 .
The right margin will be viewed separately in detail with every customer .,1,The right margin will be viewed separately in detail with every customer .
Finnish sports equipment maker Amer Sports Oyj ( HEL : AMEAS ) said today that its net loss narrowed to EUR 16.9 million ( USD 22.3 m ) in the second quarter of 2010 from EUR 23.2 million in the corresponding period a year earlier .,2,Finnish sports equipment maker Amer Sports Oyj ( HEL : AMEAS ) said today that its net loss narrowed to EUR 16.9 million ( USD 22.3 m ) in the second quarter of 2010 from EUR 23.2 million in the corresponding period a year earlier .
"From 2003 on , the emphasis of Kyro 's strategy has been on Glaston 's growth .",1,"From 2003 on , the emphasis of Kyro 's strategy has been on Glaston 's growth ."
"With this acquisition the wireless modem unit and its approximately 1,100 employees were transferred to Renesas Electronics Corporation .",1,"With this acquisition the wireless modem unit and its approximately 1,100 employees were transferred to Renesas Electronics Corporation ."
"Sampo Group that has become a major shareholder in Nordea owns TrygVesta 's main competitor , If P & C Insurance .",1,"Sampo Group that has become a major shareholder in Nordea owns TrygVesta 's main competitor , If P & C Insurance ."
"To achieve synergy targets related to the acquisition , Vaisala is consolidating its manufacturing , depot and data services , and finance activities currently located in Uniontown , Pennsylvania , St. Louis , Missouri and Durham , North Carolina .",1,"To achieve synergy targets related to the acquisition , Vaisala is consolidating its manufacturing , depot and data services , and finance activities currently located in Uniontown , Pennsylvania , St. Louis , Missouri and Durham , North Carolina ."
Finnish pharmaceuticals company Orion 's net sales rose to EUR 190mn in the first quarter of 2009 from EUR 180mn in the first quarter of 2008 .,2,Finnish pharmaceuticals company Orion 's net sales rose to EUR 190mn in the first quarter of 2009 from EUR 180mn in the first quarter of 2008 .
`` Directors and shareholders alike should ask why these practices were allowed to continue . '',1,`` Directors and shareholders alike should ask why these practices were allowed to continue . ''
"Operating profit totaled EUR 6.7 mn , down from EUR 7.2 mn in the corresponding period in 2005 .",0,"Operating profit totaled EUR 6.7 mn , down from EUR 7.2 mn in the corresponding period in 2005 ."
The continued operations mean the structure after the restructuring of the Aspocomp group including Aspocomp Oulu and the headquarter operations .,1,The continued operations mean the structure after the restructuring of the Aspocomp group including Aspocomp Oulu and the headquarter operations .
"The company , which has EUR2 .8 bn in assets , counts among its five largest shareholders Finnish insurers Ilmarinen 4.34 % and Varma 0.70 % , as well as the Finnish state pension fund VER 0.61 % .",1,"The company , which has EUR2 .8 bn in assets , counts among its five largest shareholders Finnish insurers Ilmarinen 4.34 % and Varma 0.70 % , as well as the Finnish state pension fund VER 0.61 % ."
The agreement includes application maintenance and support services .,1,The agreement includes application maintenance and support services .
Cargo volume grew by 7 % .,2,Cargo volume grew by 7 % .
25 November 2010 - Finnish paints and coatings company Tikkurila Oyj ( HEL : TIK1V ) said today that Finnish state-owned investment company Solidium Oy sold its 14.7 % stake in the company for a total of EUR98m .,1,25 November 2010 - Finnish paints and coatings company Tikkurila Oyj ( HEL : TIK1V ) said today that Finnish state-owned investment company Solidium Oy sold its 14.7 % stake in the company for a total of EUR98m .
"Additionally , information on business segments , competitors and future outlook are provided .",1,"Additionally , information on business segments , competitors and future outlook are provided ."
EPS dropped to EUR0 .2 from EUR0 .3 .,0,EPS dropped to EUR0 .2 from EUR0 .3 .
"TietoEnator was down 1.13 pct to 18.38 , extending recent lows after last week 's second-quarter report , dealers said .",0,"TietoEnator was down 1.13 pct to 18.38 , extending recent lows after last week 's second-quarter report , dealers said ."
"The commission found evidence of several meetings to discuss the cartel , including one in a Brussels restaurant in November 1997 at which the companies discussed price increases .",1,"The commission found evidence of several meetings to discuss the cartel , including one in a Brussels restaurant in November 1997 at which the companies discussed price increases ."
"Alma Media Corporation Press Release 15 March 2010 TYRVAAN SANOMAT AND PAIKALLISSANOMAT BEING BOUGHT BY SUOMEN PAIKALLISSANOMAT Two local papers , Tyrvaan Sanomat and Paikallissanomat , appearing in Sastamala and its neighbouring municipalities , are to be bought by Suomen Paikallissanomat Oy .",1,"Alma Media Corporation Press Release 15 March 2010 TYRVAAN SANOMAT AND PAIKALLISSANOMAT BEING BOUGHT BY SUOMEN PAIKALLISSANOMAT Two local papers , Tyrvaan Sanomat and Paikallissanomat , appearing in Sastamala and its neighbouring municipalities , are to be bought by Suomen Paikallissanomat Oy ."
Consumption is forecast to grow by about 2 % .,2,Consumption is forecast to grow by about 2 % .
Chief executive officer Olli-Pekka Kallasvuo 's changes on Tuesday mark the third time in nine months the company has reshuffled executives and operations as Nokia loses ground to Apple 's iPhone and RIM 's BlackBerry .,0,Chief executive officer Olli-Pekka Kallasvuo 's changes on Tuesday mark the third time in nine months the company has reshuffled executives and operations as Nokia loses ground to Apple 's iPhone and RIM 's BlackBerry .
Teleste and Sentry 360 have formed an integration partnership between Sentry s advanced 360-degree immersive camera product line and Teleste s enterprise video management systems .,2,Teleste and Sentry 360 have formed an integration partnership between Sentry s advanced 360-degree immersive camera product line and Teleste s enterprise video management systems .
"In Asia earlier , Japan 's Nikkei index fell 0.62 percent and Hong Kong 's Hang Seng Index rose 0.56 percent .",1,"In Asia earlier , Japan 's Nikkei index fell 0.62 percent and Hong Kong 's Hang Seng Index rose 0.56 percent ."
"Look out for vintage fabric cushion covers , '70s coffee pots , ceramic serving dishes , cocktail glasses , and stainless steel party dishes .",1,"Look out for vintage fabric cushion covers , '70s coffee pots , ceramic serving dishes , cocktail glasses , and stainless steel party dishes ."
"The Annual Report contains the financial statements , the consolidated financial statements , the report by the Board of Directors and the auditor 's report .",1,"The Annual Report contains the financial statements , the consolidated financial statements , the report by the Board of Directors and the auditor 's report ."
"The growth in the activeness of Talentum 's customers , which started at the end of 2009 , continued during the reporting period , the company stated .",2,"The growth in the activeness of Talentum 's customers , which started at the end of 2009 , continued during the reporting period , the company stated ."
"According to Olvi , the company is already negotiating new agreements .",1,"According to Olvi , the company is already negotiating new agreements ."
N-Viro operates processing facilities independently as well as in partnership with municipalities .,1,N-Viro operates processing facilities independently as well as in partnership with municipalities .
"After completion of the acquisition , Poyry 's oil and gas expertise will cover multi-discipline engineering and consulting services across the complete oil and gas asset lifecycle , including deepwater engineering services .",1,"After completion of the acquisition , Poyry 's oil and gas expertise will cover multi-discipline engineering and consulting services across the complete oil and gas asset lifecycle , including deepwater engineering services ."
"On 25 August 2009 , Sampo 's stake in Nordea was 19.45 % .",1,"On 25 August 2009 , Sampo 's stake in Nordea was 19.45 % ."
An individual promotion also generated slightly higher-than-expected revenues .,2,An individual promotion also generated slightly higher-than-expected revenues .
"The report profiles 614 companies including many key and niche players worldwide such as Black & Decker Corporation , Fiskars Corporation , Fiskars Brands , Inc. , Husqvarna Outdoor Products Inc. , K+S Group , Ryobi Technologies , Inc. , The Scotts Miracle-Gro Company , and Van Group , Inc. .",1,"The report profiles 614 companies including many key and niche players worldwide such as Black & Decker Corporation , Fiskars Corporation , Fiskars Brands , Inc. , Husqvarna Outdoor Products Inc. , K+S Group , Ryobi Technologies , Inc. , The Scotts Miracle-Gro Company , and Van Group , Inc. ."
"The process , technology , project management , basic engineering and quality assurance within Forest Industry will be consolidated in Vantaa , southern Finland .",1,"The process , technology , project management , basic engineering and quality assurance within Forest Industry will be consolidated in Vantaa , southern Finland ."
"The segment has an annual revenue of approximately EUR400m , the company said .",1,"The segment has an annual revenue of approximately EUR400m , the company said ."
Stora is due to release its fourth-quarter and 2009 full-year earnings on Feb. 4 .,1,Stora is due to release its fourth-quarter and 2009 full-year earnings on Feb. 4 .
Alma Media 's net sales in 2009 totalled MEUR 307.8 with an operating margin of 13.5 per cent .,1,Alma Media 's net sales in 2009 totalled MEUR 307.8 with an operating margin of 13.5 per cent .
"Operating profit surged to EUR21m from EUR106 ,000 .",2,"Operating profit surged to EUR21m from EUR106 ,000 ."
Elcoteq expects its net sales for the last quarter of 2010 to be on the level of the third quarter .,1,Elcoteq expects its net sales for the last quarter of 2010 to be on the level of the third quarter .
The divested activities had net sales of EUR 145.1 million in 2009 and an operating profit of EUR 8.9 million .,1,The divested activities had net sales of EUR 145.1 million in 2009 and an operating profit of EUR 8.9 million .
"However , the company saw its net profit for the third quarter down to EUR 1.4 million from EUR 1.5 million for the corresponding period of 2009 .",0,"However , the company saw its net profit for the third quarter down to EUR 1.4 million from EUR 1.5 million for the corresponding period of 2009 ."
"The reductions will be implemented immediately , beginning in October 2009 .",1,"The reductions will be implemented immediately , beginning in October 2009 ."
Ruukki forecast a 15-20 % annual sales growth and a positive pretax result for 2010 .,2,Ruukki forecast a 15-20 % annual sales growth and a positive pretax result for 2010 .
"Operating profit totalled EUR 83.0 mn , up from EUR 23.5 mn year-on-year .",2,"Operating profit totalled EUR 83.0 mn , up from EUR 23.5 mn year-on-year ."
Short-term licenses for the games cost as little as $ 3 while purchasing a game outright can cost as much as $ 10 or $ 15 .,1,Short-term licenses for the games cost as little as $ 3 while purchasing a game outright can cost as much as $ 10 or $ 15 .
"As part of the reorganization , Kauko-Telko Ltd will be divided into Telko Ltd , Leipurin Ltd , Hamina Terminal Services Ltd and Kaukomarkkinat Ltd. .",1,"As part of the reorganization , Kauko-Telko Ltd will be divided into Telko Ltd , Leipurin Ltd , Hamina Terminal Services Ltd and Kaukomarkkinat Ltd. ."
The bridge will be built to the south of the existing bridge spanning the strait .,1,The bridge will be built to the south of the existing bridge spanning the strait .
"The contract includes software licences , application maintenance and training .",1,"The contract includes software licences , application maintenance and training ."
Lemmink+ñinen started the manufacture of roofing felt in 1920 and the production of asphalt in the 1930s .,1,Lemmink+ñinen started the manufacture of roofing felt in 1920 and the production of asphalt in the 1930s .
"The opportunity will be available only for few employees , however .",1,"The opportunity will be available only for few employees , however ."
The order was valued at USD12 .2 m.,1,The order was valued at USD12 .2 m.
The contract is worth some EUR 1 million .,1,The contract is worth some EUR 1 million .
"With the new arrangement , customer responsibilities will become mainly regional .",1,"With the new arrangement , customer responsibilities will become mainly regional ."
"Earnings per share ( EPS ) were EUR0 .03 , up from the loss of EUR0 .083 .",2,"Earnings per share ( EPS ) were EUR0 .03 , up from the loss of EUR0 .083 ."
`` NTC has a geographical presence that complements Ramirent 's existing network and brings us closer to our customers in the East Bohemia region in the CzechRepublic . '',2,`` NTC has a geographical presence that complements Ramirent 's existing network and brings us closer to our customers in the East Bohemia region in the CzechRepublic . ''
"Operating profit was EUR 24.5 mn , up from EUR 23.0 mn .",2,"Operating profit was EUR 24.5 mn , up from EUR 23.0 mn ."
"However , the total orders received will still be above last year s levels .",2,"However , the total orders received will still be above last year s levels ."
"The company was supposed to deliver machinery to a veneer mill in the Tomsk region , in Russia .",1,"The company was supposed to deliver machinery to a veneer mill in the Tomsk region , in Russia ."
down to EUR5 .9 m H1 '09 3 August 2009 - Finnish media group Ilkka-Yhtyma Oyj ( HEL : ILK2S ) said today its net profit fell 45 % on the year to EUR5 .9 m in the first half of 2009 .,0,down to EUR5 .9 m H1 '09 3 August 2009 - Finnish media group Ilkka-Yhtyma Oyj ( HEL : ILK2S ) said today its net profit fell 45 % on the year to EUR5 .9 m in the first half of 2009 .
The Department Store Division reported an increase in sales of 4 per cent .,2,The Department Store Division reported an increase in sales of 4 per cent .
"Alpina Sports is a Lebanon , New Hampshire USA based distributor of e.g. Alpina ski shoes and skis , Exel ski poles , Start ski waxes and now also Peltonen cross-country skis .",1,"Alpina Sports is a Lebanon , New Hampshire USA based distributor of e.g. Alpina ski shoes and skis , Exel ski poles , Start ski waxes and now also Peltonen cross-country skis ."
"The Group 's revenue amounts to over EUR 80 million , about half of which is accounted for by exports .",1,"The Group 's revenue amounts to over EUR 80 million , about half of which is accounted for by exports ."
The joint venture is planning a quick timetable for negotiating the lease of the potential wind farm areas and for charting the feasibility of the wind farms .,1,The joint venture is planning a quick timetable for negotiating the lease of the potential wind farm areas and for charting the feasibility of the wind farms .
Finnish component supplier Componenta Corporation ( OMX Helsinki : CTH1V ) reported on Tuesday ( 15 July ) an operating profit of EUR46 .2 m on net sales of EUR386 .0 m for the financial period January-June 2008 .,1,Finnish component supplier Componenta Corporation ( OMX Helsinki : CTH1V ) reported on Tuesday ( 15 July ) an operating profit of EUR46 .2 m on net sales of EUR386 .0 m for the financial period January-June 2008 .
"Jensen , Njastein and Mike Critch , the head of Dovre North America business unit , will report to Toivola .",1,"Jensen , Njastein and Mike Critch , the head of Dovre North America business unit , will report to Toivola ."
"FL Group 's private equity division manages all operating companies , including Icelandair Group , FL Travel Group , Bluebird and Sterling .",1,"FL Group 's private equity division manages all operating companies , including Icelandair Group , FL Travel Group , Bluebird and Sterling ."
Net sales fell by 5 % from the previous accounting period .,0,Net sales fell by 5 % from the previous accounting period .
The product 's front-edge folding maximizes weather resilience and enables a seamless roof finish .,1,The product 's front-edge folding maximizes weather resilience and enables a seamless roof finish .
"TeliaSonera 's underlying results however included 457 mln skr in positive one-offs , hence the adjusted underlying EBITDA actually amounts to 7.309 bln skr , clearly below expectations , analysts said .",0,"TeliaSonera 's underlying results however included 457 mln skr in positive one-offs , hence the adjusted underlying EBITDA actually amounts to 7.309 bln skr , clearly below expectations , analysts said ."
"Russian officials inspected the damage and gave the vessel permission to continue to Tallinn at around 4.30 a.m. The Norwegian-registered M-T Sten Nordic was carrying 11,000 tons of gas oil and was manned by a Filipino crew .",1,"Russian officials inspected the damage and gave the vessel permission to continue to Tallinn at around 4.30 a.m. The Norwegian-registered M-T Sten Nordic was carrying 11,000 tons of gas oil and was manned by a Filipino crew ."
"Teleste 's hybrid TV solution includes components for the whole process of delivering video services to consumers from content acquisition and service creation to delivery through a range of access solutions , including HFC ( hybrid fibre-coaxial ) , xDSL , EttH , and FttH .",1,"Teleste 's hybrid TV solution includes components for the whole process of delivering video services to consumers from content acquisition and service creation to delivery through a range of access solutions , including HFC ( hybrid fibre-coaxial ) , xDSL , EttH , and FttH ."
"For 24-hour news , try ICIS news www.icis.com Click `` trial '' , then ICIS news",1,"For 24-hour news , try ICIS news www.icis.com Click `` trial '' , then ICIS news"
Stora Chief Executive Jouko Karvinen has described the Russian tariff hikes as a threat to the future of the forest products industry in Finland .,0,Stora Chief Executive Jouko Karvinen has described the Russian tariff hikes as a threat to the future of the forest products industry in Finland .
"Profit per share was EUR 1.03 , up from EUR 0.87 .",2,"Profit per share was EUR 1.03 , up from EUR 0.87 ."
"Fiskars has a strong portfolio of international brands , which include Fiskars , Iittala , Gerber , Silva and Buster .",2,"Fiskars has a strong portfolio of international brands , which include Fiskars , Iittala , Gerber , Silva and Buster ."
"The sale will allow Campofrio to focus on its recently announced takeover of Groupe Smithfield Holdings , the European unit of Smithfield Foods Inc. ( SFD ) of the U.S.",1,"The sale will allow Campofrio to focus on its recently announced takeover of Groupe Smithfield Holdings , the European unit of Smithfield Foods Inc. ( SFD ) of the U.S."
15 September 2010 - Finnish electrical components maker Salcomp Oyj ( HEL : SAL1V ) announced today the launch of its latest Twist charger platform .,1,15 September 2010 - Finnish electrical components maker Salcomp Oyj ( HEL : SAL1V ) announced today the launch of its latest Twist charger platform .
Finnish Bank of +àland 's consolidated net operating profit increased from EUR 4.8 mn in the first quarter of 2005 to EUR 6.4 mn in the first quarter of 2006 .,2,Finnish Bank of +àland 's consolidated net operating profit increased from EUR 4.8 mn in the first quarter of 2005 to EUR 6.4 mn in the first quarter of 2006 .
"Frost sold shares for $ 19 million at $ 6.06-7 .12 per share , compared with Friday 's high of $ 11.33 and low of $ 10.14 .",0,"Frost sold shares for $ 19 million at $ 6.06-7 .12 per share , compared with Friday 's high of $ 11.33 and low of $ 10.14 ."
Scanfil expects net sales in 2008 to remain at the 2007 level .,1,Scanfil expects net sales in 2008 to remain at the 2007 level .
The company will release its 2010 results on 11 February 2011 .,1,The company will release its 2010 results on 11 February 2011 .
CEO Erkki J+ñrvinen is happy with the company 's performance in 2010 .,2,CEO Erkki J+ñrvinen is happy with the company 's performance in 2010 .
"The remaining amount will be funded through debt , the Danish bank said .",1,"The remaining amount will be funded through debt , the Danish bank said ."
"The group intends to relocate warehouse and office space in Loudeac and Saint Marcel to Morvillars , in the east of the country , where it already operates a hook manufacturing and distribution unit .",1,"The group intends to relocate warehouse and office space in Loudeac and Saint Marcel to Morvillars , in the east of the country , where it already operates a hook manufacturing and distribution unit ."
The value of the three-year contract is estimated at EUR40m .,1,The value of the three-year contract is estimated at EUR40m .
The company will propose a dividend of EUR0 .12 per share for 2008 .,1,The company will propose a dividend of EUR0 .12 per share for 2008 .
"In connection with the deal , Digia will employ 19 persons from Nokia in Oslo and in Silicon Valley in the USA .",1,"In connection with the deal , Digia will employ 19 persons from Nokia in Oslo and in Silicon Valley in the USA ."
"As with other stakeholders , COMPTEL has been involved in the workshops , meetings and filed comments on the issues of greatest importance to the competitive sector of our industry .",1,"As with other stakeholders , COMPTEL has been involved in the workshops , meetings and filed comments on the issues of greatest importance to the competitive sector of our industry ."
"Profit before taxes decreased by 9 % to EUR 187.8 mn in the first nine months of 2008 , compared to EUR 207.1 mn a year earlier .",0,"Profit before taxes decreased by 9 % to EUR 187.8 mn in the first nine months of 2008 , compared to EUR 207.1 mn a year earlier ."
"Its main business area , the Glass Machinery Group of Glaston Technologies , is the global market leader in glass processing machines .",2,"Its main business area , the Glass Machinery Group of Glaston Technologies , is the global market leader in glass processing machines ."
"BasWare Invoice Processing , BasWare Contract Matching , BasWare Order Matching and BasWare KPI Reporting Tool are part of the BasWare 's Enterprise Purchase to Pay solution suite .",1,"BasWare Invoice Processing , BasWare Contract Matching , BasWare Order Matching and BasWare KPI Reporting Tool are part of the BasWare 's Enterprise Purchase to Pay solution suite ."
CS Cabot 's main consumers on the Czech and Slovak market are tires producers Barum Continental and Matador Continental .,1,CS Cabot 's main consumers on the Czech and Slovak market are tires producers Barum Continental and Matador Continental .
"As of July 2 , 2007 , the market cap segments will be updated according to the average price in May 2007 .",1,"As of July 2 , 2007 , the market cap segments will be updated according to the average price in May 2007 ."
"The chain posted sales of 298 million euros for full 2005 , a rise of 19.5 percent , year-on-year .",2,"The chain posted sales of 298 million euros for full 2005 , a rise of 19.5 percent , year-on-year ."
Kone 's net sales rose by some 14 % year-on-year in the first nine months of 2008 .,2,Kone 's net sales rose by some 14 % year-on-year in the first nine months of 2008 .
"A total of 131000 Talvivaara Mining Company Plc 's new shares were subscribed for during the period between May 1 , 2010 and June 30 , 2010 under the company 's stock option rights 2007A .",1,"A total of 131000 Talvivaara Mining Company Plc 's new shares were subscribed for during the period between May 1 , 2010 and June 30 , 2010 under the company 's stock option rights 2007A ."
"However , the broker gave an `` outperform '' recommendation on the stock .",2,"However , the broker gave an `` outperform '' recommendation on the stock ."
"The poorest index figure was given to Finnish power company Fortum , 4.5 .",0,"The poorest index figure was given to Finnish power company Fortum , 4.5 ."
"In this way , the industry 's starting point has been the consumers ' needs .",1,"In this way , the industry 's starting point has been the consumers ' needs ."
"Russia 's top container shipping group , Fesco , and Finnish logistics company Nurminen Logistics have started a pilot project offering clients direct intermodal transportation service from Finland to Asia Pacific countries , Fesco said in a statement .",2,"Russia 's top container shipping group , Fesco , and Finnish logistics company Nurminen Logistics have started a pilot project offering clients direct intermodal transportation service from Finland to Asia Pacific countries , Fesco said in a statement ."
"Both operating profit and sales for the three-month period increased , respectively from EUR0 .3 m and EUR13 .1 m , as compared to the corresponding period in 2005 .",2,"Both operating profit and sales for the three-month period increased , respectively from EUR0 .3 m and EUR13 .1 m , as compared to the corresponding period in 2005 ."
Finnish-Swedish TietoEnator is expanding its business quickly in Russia .,2,Finnish-Swedish TietoEnator is expanding its business quickly in Russia .
"Finnish publisher Alma Media ( HEL : ALN1V ) said Wednesday it has decided to further extend its EUR1 .85 ( USD2 .75 ) apiece mandatory tender offer for media group Talentum ( HEL : TTM1V ) , which started on 19 August , until 16 November .",1,"Finnish publisher Alma Media ( HEL : ALN1V ) said Wednesday it has decided to further extend its EUR1 .85 ( USD2 .75 ) apiece mandatory tender offer for media group Talentum ( HEL : TTM1V ) , which started on 19 August , until 16 November ."
The first quarter was as expected and was in line with analysts ' forecasts .,1,The first quarter was as expected and was in line with analysts ' forecasts .
"The company designs , manufactures and markets high-quality clothing , interior decoration textiles , bags and other accessories .",1,"The company designs , manufactures and markets high-quality clothing , interior decoration textiles , bags and other accessories ."
At CapMan Haavisto will be responsible for Group Finances and Accounting and IT .,1,At CapMan Haavisto will be responsible for Group Finances and Accounting and IT .
It is expected to be completed by the end of 2007 .,1,It is expected to be completed by the end of 2007 .
"The contractor of the shopping center , China State Construction Engineering Corporation , has previously built e.g. airports , hotels and factories for large international customers in different parts of the world .",1,"The contractor of the shopping center , China State Construction Engineering Corporation , has previously built e.g. airports , hotels and factories for large international customers in different parts of the world ."
"Finnish Neste Oil that was previously on the list , has fallen off the list completely .",1,"Finnish Neste Oil that was previously on the list , has fallen off the list completely ."
"The antibody , administered at repeated doses of up to 8 mg-kg , was generally well tolerated , and the pharmacokinetic characteristics of BTT-1023 in psoriasis patients were consistent with those observed in a previously completed study in rheumatoid arthritis RA patients .",1,"The antibody , administered at repeated doses of up to 8 mg-kg , was generally well tolerated , and the pharmacokinetic characteristics of BTT-1023 in psoriasis patients were consistent with those observed in a previously completed study in rheumatoid arthritis RA patients ."
"In the video above Marimekko 's design manager , Noora Niiininoski , explains that the brands are a natural fit for each other because they both have a timeless style .",1,"In the video above Marimekko 's design manager , Noora Niiininoski , explains that the brands are a natural fit for each other because they both have a timeless style ."
"The total number of shares in the company will be 585,236,987 Innofactor group Innofactor offers its customers comprehensive solutions in the Microsoft environment .",1,"The total number of shares in the company will be 585,236,987 Innofactor group Innofactor offers its customers comprehensive solutions in the Microsoft environment ."
"Furthermore , efficiency improvement measures initiated earlier are now bearing fruit , '' CEO Jan Lang said .",2,"Furthermore , efficiency improvement measures initiated earlier are now bearing fruit , '' CEO Jan Lang said ."
"Via the plant , the Belgian company will feed 8.4 MW of electricity into the distribution grid and will be able to deliver up to 14 MW of heat .",1,"Via the plant , the Belgian company will feed 8.4 MW of electricity into the distribution grid and will be able to deliver up to 14 MW of heat ."
"Operating profit fell to EUR 35.4 mn from EUR 68.8 mn in 2007 , including vessel sales gain of EUR 12.3 mn .",0,"Operating profit fell to EUR 35.4 mn from EUR 68.8 mn in 2007 , including vessel sales gain of EUR 12.3 mn ."
"9 September 2010 - Finnish stationery and gift retailer Tiimari HEL : TII1V said today its net sales rose by 2 % year-on-year to EUR5 .7 m in August 2010 , driven by growth in Finland , while demand in the Baltics remained weak .",2,"9 September 2010 - Finnish stationery and gift retailer Tiimari HEL : TII1V said today its net sales rose by 2 % year-on-year to EUR5 .7 m in August 2010 , driven by growth in Finland , while demand in the Baltics remained weak ."
"A coker crane will be supplied to Tesoro Corporation 's Golden Eagle Refinery in Martinez , California , while a similar crane will be delivered to BP 's Castell refinery in Spain .",1,"A coker crane will be supplied to Tesoro Corporation 's Golden Eagle Refinery in Martinez , California , while a similar crane will be delivered to BP 's Castell refinery in Spain ."
"Established in 1989 , CapMan manages Nordic buyout , mezzanine , technology , life science and real estate funds with approximately EURO 3 billion $ 4 billion in total capital .",1,"Established in 1989 , CapMan manages Nordic buyout , mezzanine , technology , life science and real estate funds with approximately EURO 3 billion $ 4 billion in total capital ."
"` Sanoma is a buyer not a target , ' he said .",1,"` Sanoma is a buyer not a target , ' he said ."
Hobby Hall 's sales decrease 26 pct due to implementing a new information system that involved changing in the principal of posting sales .,0,Hobby Hall 's sales decrease 26 pct due to implementing a new information system that involved changing in the principal of posting sales .
The GeoSolutions team further provides an intriguing new technology combining GPS and Mobile-based technologies together with Internet-based social networking .,1,The GeoSolutions team further provides an intriguing new technology combining GPS and Mobile-based technologies together with Internet-based social networking .
"Altogether CapMan employs approximately 150 people in Helsinki , Stockholm , Copenhagen , Oslo , Moscow and Luxembourg .",1,"Altogether CapMan employs approximately 150 people in Helsinki , Stockholm , Copenhagen , Oslo , Moscow and Luxembourg ."
"zip , '' experts warned Tuesday .",1,"zip , '' experts warned Tuesday ."
LONDON MarketWatch -- Share prices ended lower in London Monday as a rebound in bank stocks failed to offset broader weakness for the FTSE 100 .,0,LONDON MarketWatch -- Share prices ended lower in London Monday as a rebound in bank stocks failed to offset broader weakness for the FTSE 100 .
"The business is organised , as of February 1 , 2011 , in a way that production of design services is combined into one entity , Etteplan Operations .",1,"The business is organised , as of February 1 , 2011 , in a way that production of design services is combined into one entity , Etteplan Operations ."
Prices and delivery volumes of broadband products decreased significantly in 2005 .,0,Prices and delivery volumes of broadband products decreased significantly in 2005 .
Mr. Koistinen joins from Nokia Siemens Networks where he has held various senior sales management and business development positions since 1997 .,1,Mr. Koistinen joins from Nokia Siemens Networks where he has held various senior sales management and business development positions since 1997 .
"Operating profit before non-recurring items was EUR 8.3 mn in the first nine months of 2008 , compared to EUR 8.4 in the corresponding period in 2007 .",0,"Operating profit before non-recurring items was EUR 8.3 mn in the first nine months of 2008 , compared to EUR 8.4 in the corresponding period in 2007 ."
We hope to increase traffic volumes with the opening of Freight One Scandinavia . '',2,We hope to increase traffic volumes with the opening of Freight One Scandinavia . ''
Teleste has some 30 offices worldwide and is listed on the Nordic Exchange in Helsinki .,1,Teleste has some 30 offices worldwide and is listed on the Nordic Exchange in Helsinki .
Upon completion of the deal Panostaja will establish a new business area within the group to focus on heat treatment of metals .,1,Upon completion of the deal Panostaja will establish a new business area within the group to focus on heat treatment of metals .
"The maximum amount of the capital loan will be EUR30m and the minimum subscription -- EUR10 ,000 .",1,"The maximum amount of the capital loan will be EUR30m and the minimum subscription -- EUR10 ,000 ."
"Finnish energy company Fortum Oyj said on November 13 , 2007 it was granted an environmental permit to build a biofuel-fired combined heat and power CHP plant in Vartan harbor in eastern Stockholm .",2,"Finnish energy company Fortum Oyj said on November 13 , 2007 it was granted an environmental permit to build a biofuel-fired combined heat and power CHP plant in Vartan harbor in eastern Stockholm ."
"Professional and consumer applications include personal navigation , personal safety , field and workflow management , and asset tracking .",1,"Professional and consumer applications include personal navigation , personal safety , field and workflow management , and asset tracking ."
"F-Secure Internet Security 2010 is a security service for surfing the web , online banking and shopping , e-mail , and other online activities .",1,"F-Secure Internet Security 2010 is a security service for surfing the web , online banking and shopping , e-mail , and other online activities ."
"Ixonos estimates that it will hire 20 specialists in mechanical engineering , electronics design , and R&D for its new unit in Jyvaeskylae by the end of 2009 .",2,"Ixonos estimates that it will hire 20 specialists in mechanical engineering , electronics design , and R&D for its new unit in Jyvaeskylae by the end of 2009 ."
The value of the order is USD 2.2 mn .,1,The value of the order is USD 2.2 mn .
"`` The industry is coming to an interesting fork in the road as both handset manufacturers and wireless carriers attempt to serve as the portal for Web-based service to your wireless handset , '' he wrote .",1,"`` The industry is coming to an interesting fork in the road as both handset manufacturers and wireless carriers attempt to serve as the portal for Web-based service to your wireless handset , '' he wrote ."
According to Deputy MD Pekka Silvennoinen the aim is double turnover over the next three years .,2,According to Deputy MD Pekka Silvennoinen the aim is double turnover over the next three years .
YIT Kausta will build commercial and residential highrises in Virsuliskes area .,1,YIT Kausta will build commercial and residential highrises in Virsuliskes area .
The issuer is solely responsible for the content of this announcement .,1,The issuer is solely responsible for the content of this announcement .
"Via the takeover , Panostaja further expands its business area specialising in digital printing , which since previously consists of the subsidiaries Kopijyva Oy and Sokonet Oy .",2,"Via the takeover , Panostaja further expands its business area specialising in digital printing , which since previously consists of the subsidiaries Kopijyva Oy and Sokonet Oy ."
"ADP News - Nov 18 , 2008 - Finnish AC drives manufacturer Vacon Oyj OMX : VAC1V said today that it had set up new representative offices in Romania and Ukraine to serve the growing markets in eastern and southeastern Europe .",2,"ADP News - Nov 18 , 2008 - Finnish AC drives manufacturer Vacon Oyj OMX : VAC1V said today that it had set up new representative offices in Romania and Ukraine to serve the growing markets in eastern and southeastern Europe ."
"Technopolis , St. Petersburg 's Telecommunications University and the Russian Support Fund for Legislative Initiatives signed a protocol of intent in May of this year to set up a technopark in St. Petersburg on the base of the St. Petersburg Telecommunications University .",1,"Technopolis , St. Petersburg 's Telecommunications University and the Russian Support Fund for Legislative Initiatives signed a protocol of intent in May of this year to set up a technopark in St. Petersburg on the base of the St. Petersburg Telecommunications University ."
"Finnish Suominen Flexible Packaging is cutting 48 jobs in its unit in Tampere and two in Nastola , in Finland .",0,"Finnish Suominen Flexible Packaging is cutting 48 jobs in its unit in Tampere and two in Nastola , in Finland ."
"Its product portfolio comprises harvesters , forwarders , harvester heads , as well as cranes and loaders .",1,"Its product portfolio comprises harvesters , forwarders , harvester heads , as well as cranes and loaders ."
The shares carry a right to dividend and other shareholder rights as from their registration with the Finnish Trade Register .,1,The shares carry a right to dividend and other shareholder rights as from their registration with the Finnish Trade Register .
The volume of investments in the two phases of the project is estimated at USD 300mn ( EUR 215.03 mn ) .,1,The volume of investments in the two phases of the project is estimated at USD 300mn ( EUR 215.03 mn ) .
"Music is provided by all major international and regional labels including Universal Music Group , Sony Music Entertainment , Warner Music , EMI Music , Rotana , Mazzika , Melody Music , Platinum Records , and leading content aggregator The Orchard , as well as thousands of independent labels .",1,"Music is provided by all major international and regional labels including Universal Music Group , Sony Music Entertainment , Warner Music , EMI Music , Rotana , Mazzika , Melody Music , Platinum Records , and leading content aggregator The Orchard , as well as thousands of independent labels ."
11 August 2010 - Finnish measuring equipment maker Vaisala Oyj HEL : VAIAS said today that its net loss widened to EUR4 .8 m in the first half of 2010 from EUR2 .3 m in the corresponding period a year earlier .,0,11 August 2010 - Finnish measuring equipment maker Vaisala Oyj HEL : VAIAS said today that its net loss widened to EUR4 .8 m in the first half of 2010 from EUR2 .3 m in the corresponding period a year earlier .
"Proha Plc ( Euronext :7327 ) announced today ( 19 May ) that its fully-owned subsidiary , Safran Software Solutions AS , has agreed to sell its 49 % share of Safran North America LLC to a SNA Holding AS , an investment group based in Norway .",1,"Proha Plc ( Euronext :7327 ) announced today ( 19 May ) that its fully-owned subsidiary , Safran Software Solutions AS , has agreed to sell its 49 % share of Safran North America LLC to a SNA Holding AS , an investment group based in Norway ."
"Erkki Jarvinen , President of Rautakirja and the head of the Sanoma Trade division , will leave his current tasks in spring 2009 for a similar position outside the Sanoma Group .",1,"Erkki Jarvinen , President of Rautakirja and the head of the Sanoma Trade division , will leave his current tasks in spring 2009 for a similar position outside the Sanoma Group ."
Symphony Services provides development services for Aldata GOLD .,1,Symphony Services provides development services for Aldata GOLD .
"in Q1 '10 19 April 2010 - Finnish forest machinery and equipment maker Ponsse Oyj HEL : PON1V said today that it expects to swing to a net profit of some EUR6 .3 m in the first quarter of 2010 , from an EUR9 .6 m loss a year earlier .",2,"in Q1 '10 19 April 2010 - Finnish forest machinery and equipment maker Ponsse Oyj HEL : PON1V said today that it expects to swing to a net profit of some EUR6 .3 m in the first quarter of 2010 , from an EUR9 .6 m loss a year earlier ."
"No price was given for the transaction , which merges two London companies that have worked together on a number of projects including delivery of timetables for Britain 's National Express East Coast rail networks .",1,"No price was given for the transaction , which merges two London companies that have worked together on a number of projects including delivery of timetables for Britain 's National Express East Coast rail networks ."
"HELSINKI AFX - KCI Konecranes said it has raised its stake in MMH Holdings Inc , the owner of US-based Morris Materials Handling , to 90.9 pct from 74.5 pct .",2,"HELSINKI AFX - KCI Konecranes said it has raised its stake in MMH Holdings Inc , the owner of US-based Morris Materials Handling , to 90.9 pct from 74.5 pct ."
The company plans to spend the proceeds from the rights offering for strengthening its balance sheet .,1,The company plans to spend the proceeds from the rights offering for strengthening its balance sheet .
Together they generate Aspo 's goodwill .,1,Together they generate Aspo 's goodwill .
"`` I 'm happy with the outcome , '' Sneed said after the hearing .",2,"`` I 'm happy with the outcome , '' Sneed said after the hearing ."
"In January-September 2007 , operating profit totaled EUR 20.5 mn .",1,"In January-September 2007 , operating profit totaled EUR 20.5 mn ."
"According to Finnish insurance companies Tapiola , Local Insurance Group ( L+ñhivakuutus ) , and Pohjola the two fierce storms at the end of July and in the beginning of August 2010 that felled trees around Finland have speeded up sales of forest insurance .",2,"According to Finnish insurance companies Tapiola , Local Insurance Group ( L+ñhivakuutus ) , and Pohjola the two fierce storms at the end of July and in the beginning of August 2010 that felled trees around Finland have speeded up sales of forest insurance ."
"However , in March 2009 , the government of St. Petersburg passed the front part of the building with the area 1,900 square metres and a land plot for a hotel worth USD 10-15mn to the company Delta .",1,"However , in March 2009 , the government of St. Petersburg passed the front part of the building with the area 1,900 square metres and a land plot for a hotel worth USD 10-15mn to the company Delta ."
The acquisition is expected to improve access to chrome ore resources in Turkey .,2,The acquisition is expected to improve access to chrome ore resources in Turkey .
"` Nordea 's definitely too big for Sampo to acquire , ' said an analyst ` But Sampo would appear to have an agenda for Nordea ahead of the privatisation .",1,"` Nordea 's definitely too big for Sampo to acquire , ' said an analyst ` But Sampo would appear to have an agenda for Nordea ahead of the privatisation ."
ASSA ABLOY Kaupthing Bank gave a ` neutral ' recommendation and a share price target of 174 crowns $ 24.7 - 19 euro on Swedish lock maker Assa Abloy AB .,1,ASSA ABLOY Kaupthing Bank gave a ` neutral ' recommendation and a share price target of 174 crowns $ 24.7 - 19 euro on Swedish lock maker Assa Abloy AB .
Earnings per share ( EPS ) amounted to a loss of EUR0 .38 .,0,Earnings per share ( EPS ) amounted to a loss of EUR0 .38 .
Exel is headquartered in Mantyharju in Finland .,1,Exel is headquartered in Mantyharju in Finland .
"According to Scanfil , demand for telecommunications network products has fluctuated significantly in the third quarter of 2006 , and the situation is expected to remain unstable for the rest of the year .",0,"According to Scanfil , demand for telecommunications network products has fluctuated significantly in the third quarter of 2006 , and the situation is expected to remain unstable for the rest of the year ."
"Food sales totalled EUR 323.5 mn in October 2009 , representing a decrease of 5.5 % from October 2008 .",0,"Food sales totalled EUR 323.5 mn in October 2009 , representing a decrease of 5.5 % from October 2008 ."
"A portion , $ 12.5 million , will be recorded as part of its winnings in a prior patent dispute with Finnish phone maker Nokia Oyj .",2,"A portion , $ 12.5 million , will be recorded as part of its winnings in a prior patent dispute with Finnish phone maker Nokia Oyj ."
credit 20 November 2009 - Finnish glass technology company Glaston Oyj Abp ( HEL : GLA1V ) said today it concluded a EUR74m revolving credit facility agreement with its core banks .,2,credit 20 November 2009 - Finnish glass technology company Glaston Oyj Abp ( HEL : GLA1V ) said today it concluded a EUR74m revolving credit facility agreement with its core banks .
"Our key geographical markets are Europe , Russian Federation , Middle-East , South-Africa and Japan .",1,"Our key geographical markets are Europe , Russian Federation , Middle-East , South-Africa and Japan ."
"Following the issue , the new shares will constitute 10 percent of the firm 's capital .",1,"Following the issue , the new shares will constitute 10 percent of the firm 's capital ."
Full-year operating result for 2008 was 3.6 million negative .,0,Full-year operating result for 2008 was 3.6 million negative .
Pharmaceutical market in Poland Global Research & Data Services published recently a market analysis about the pharmaceutical markets in Poland .,1,Pharmaceutical market in Poland Global Research & Data Services published recently a market analysis about the pharmaceutical markets in Poland .
"Kalnapilio-Tauro Grupe ( Kalnapilis-Tauras Group ) , which is owned by Denmark 's Royal Unibrew , raised its market share to 25.2 percent from 23.91 percent , as beer sales for the nine months jumped by 11.4 percent to 52.99 million liters .",2,"Kalnapilio-Tauro Grupe ( Kalnapilis-Tauras Group ) , which is owned by Denmark 's Royal Unibrew , raised its market share to 25.2 percent from 23.91 percent , as beer sales for the nine months jumped by 11.4 percent to 52.99 million liters ."
"In April-June 2008 , Scanfil 's net sales totalled EUR 58.7 mn and operating profit EUR 6.6 mn .",1,"In April-June 2008 , Scanfil 's net sales totalled EUR 58.7 mn and operating profit EUR 6.6 mn ."
Productional situation has now improved .,2,Productional situation has now improved .
